# relative_time, cycles_done, cur_item, corpus_count, pending_total, pending_favs, map_size, saved_crashes, saved_hangs, max_depth, execs_per_sec, total_execs, edges_found, total_crashes, servers_count
18446744073709551, 0, 4, 12, 1, 1, 0.42%, 0, 0, 1, 0.00, 85, 276, 0, 0
18446744073709550, 0, 4, 13, 2, 1, 0.43%, 0, 0, 2, 0.00, 94, 279, 0, 0
60, 0, 31, 39, 25, 18, 0.71%, 0, 0, 2, 114.58, 6821, 464, 0, 0
65, 0, 31, 43, 29, 18, 0.73%, 0, 0, 3, 130.41, 7476, 478, 0, 0
70, 0, 25, 43, 16, 9, 0.73%, 0, 0, 3, 146.51, 8251, 478, 0, 0
75, 0, 20, 47, 11, 0, 0.76%, 0, 0, 3, 152.39, 9047, 501, 0, 0
80, 0, 20, 48, 12, 0, 0.76%, 0, 0, 3, 159.32, 9858, 501, 0, 0
86, 0, 19, 48, 10, 0, 0.76%, 0, 0, 3, 156.64, 10678, 501, 0, 0
85, 0, 19, 48, 10, 0, 0.76%, 0, 0, 3, 0.00, 10681, 501, 0, 0
84, 0, 19, 48, 10, 0, 0.76%, 0, 0, 3, 0.00, 10690, 501, 0, 0
89, 0, 40, 50, 11, 0, 0.78%, 0, 0, 4, 155.39, 11497, 511, 0, 0
95, 1, 49, 50, 9, 0, 0.78%, 0, 0, 4, 148.20, 12265, 511, 0, 0
100, 1, 35, 50, 6, 0, 0.78%, 0, 0, 4, 144.99, 13005, 511, 0, 0
105, 1, 39, 50, 5, 0, 0.78%, 0, 0, 4, 147.34, 13750, 511, 0, 0
110, 2, 49, 51, 5, 0, 0.78%, 0, 0, 5, 146.45, 14517, 513, 0, 0
115, 2, 50, 51, 5, 1, 0.78%, 0, 0, 5, 110.95, 15305, 513, 0, 0
120, 2, 50, 51, 5, 1, 0.78%, 0, 0, 5, 128.22, 15987, 513, 0, 0
126, 2, 50, 52, 5, 0, 0.78%, 0, 0, 6, 138.30, 16695, 513, 0, 0
131, 2, 50, 54, 7, 0, 0.78%, 0, 0, 6, 129.70, 17357, 513, 0, 0
136, 2, 50, 54, 7, 0, 0.78%, 0, 0, 6, 128.00, 18013, 513, 0, 0
141, 2, 52, 54, 7, 1, 0.78%, 0, 0, 6, 129.63, 18685, 513, 0, 0
146, 2, 52, 54, 6, 0, 0.78%, 0, 0, 6, 127.84, 19510, 513, 0, 0
151, 2, 51, 54, 6, 0, 0.78%, 0, 0, 6, 130.43, 20190, 513, 0, 0
156, 2, 51, 54, 6, 0, 0.78%, 0, 0, 6, 128.47, 20822, 513, 0, 0
162, 2, 52, 54, 5, 0, 0.78%, 0, 0, 6, 130.09, 21502, 513, 0, 0
167, 2, 53, 54, 5, 0, 0.78%, 0, 0, 6, 126.21, 22153, 513, 0, 0
172, 2, 53, 54, 5, 0, 0.78%, 0, 0, 6, 114.31, 22935, 513, 0, 0
177, 2, 53, 56, 7, 0, 0.78%, 0, 0, 7, 124.89, 23561, 513, 0, 0
182, 2, 54, 56, 6, 0, 0.78%, 0, 0, 7, 127.56, 24254, 513, 0, 0
187, 2, 54, 56, 6, 0, 0.78%, 0, 0, 7, 119.31, 24838, 513, 0, 0
192, 2, 54, 56, 6, 0, 0.78%, 0, 0, 7, 117.62, 25456, 513, 0, 0
197, 2, 20, 56, 5, 0, 0.78%, 0, 0, 7, 129.68, 26115, 513, 0, 0
203, 3, 47, 56, 4, 0, 0.78%, 0, 0, 7, 145.70, 27038, 513, 0, 0
208, 3, 55, 56, 4, 0, 0.78%, 0, 0, 7, 125.23, 27636, 513, 0, 0
213, 3, 4, 56, 3, 0, 0.78%, 0, 0, 7, 126.44, 28292, 513, 0, 0
218, 3, 28, 56, 3, 0, 0.78%, 0, 0, 7, 127.66, 28955, 513, 0, 0
223, 3, 21, 56, 3, 0, 0.78%, 0, 0, 7, 129.39, 29631, 513, 0, 0
228, 3, 56, 76, 22, 1, 1.29%, 0, 0, 7, 136.41, 30335, 845, 0, 0
228, 3, 56, 86, 32, 1, 1.30%, 0, 0, 7, 0.00, 30451, 855, 0, 0
233, 3, 56, 112, 58, 1, 1.59%, 0, 0, 7, 132.09, 31148, 1043, 0, 0
238, 3, 56, 119, 65, 1, 1.59%, 0, 0, 7, 133.89, 31843, 1043, 0, 0
243, 3, 56, 122, 68, 1, 1.61%, 0, 0, 7, 140.59, 32571, 1055, 0, 0
248, 3, 56, 124, 70, 1, 1.61%, 0, 0, 7, 139.33, 33308, 1055, 0, 0
253, 3, 56, 124, 70, 1, 1.61%, 0, 0, 7, 128.86, 33976, 1055, 0, 0
259, 3, 56, 124, 70, 1, 1.61%, 0, 0, 7, 153.02, 34881, 1055, 0, 0
264, 3, 56, 130, 76, 1, 1.62%, 0, 0, 7, 146.41, 35617, 1062, 0, 0
269, 3, 56, 131, 77, 1, 1.62%, 0, 0, 7, 145.62, 36378, 1063, 0, 0
274, 3, 56, 131, 77, 1, 1.62%, 0, 0, 7, 154.96, 37187, 1063, 0, 0
279, 3, 56, 134, 80, 1, 1.63%, 0, 0, 7, 148.34, 37946, 1065, 0, 0
284, 3, 56, 138, 84, 1, 1.63%, 0, 0, 7, 140.80, 38662, 1070, 0, 0
289, 3, 56, 142, 88, 1, 1.67%, 0, 0, 7, 141.44, 39568, 1092, 0, 0
294, 3, 56, 146, 92, 1, 1.86%, 0, 0, 7, 143.23, 40310, 1220, 0, 0
300, 3, 56, 149, 95, 1, 1.88%, 0, 0, 7, 141.85, 41040, 1235, 0, 0
305, 3, 56, 149, 95, 1, 1.88%, 0, 0, 7, 155.26, 41860, 1235, 0, 0
310, 3, 56, 149, 95, 1, 1.88%, 0, 0, 7, 154.65, 42652, 1235, 0, 0
315, 3, 56, 151, 97, 1, 1.91%, 0, 0, 7, 135.42, 43532, 1252, 0, 0
320, 3, 56, 152, 98, 1, 1.91%, 0, 0, 7, 142.65, 44264, 1252, 0, 0
325, 3, 56, 154, 100, 1, 2.02%, 0, 0, 7, 140.63, 44958, 1325, 0, 0
330, 3, 56, 154, 100, 1, 2.02%, 0, 0, 7, 152.32, 45754, 1325, 0, 0
335, 3, 56, 155, 101, 1, 2.02%, 0, 0, 7, 152.64, 46533, 1326, 0, 0
340, 3, 56, 156, 102, 1, 2.11%, 0, 0, 7, 143.68, 47249, 1385, 0, 0
346, 3, 56, 156, 102, 1, 2.11%, 0, 0, 7, 140.24, 48167, 1385, 0, 0
351, 3, 56, 157, 103, 1, 2.12%, 0, 0, 7, 143.69, 48916, 1391, 0, 0
356, 3, 56, 157, 103, 1, 2.12%, 0, 0, 7, 140.52, 49626, 1391, 0, 0
361, 3, 56, 159, 105, 1, 2.14%, 0, 0, 7, 147.66, 50386, 1402, 0, 0
366, 3, 56, 159, 105, 1, 2.14%, 0, 0, 7, 150.17, 51152, 1402, 0, 0
371, 3, 56, 159, 105, 1, 2.14%, 0, 0, 7, 149.22, 51900, 1402, 0, 0
371, 3, 56, 160, 106, 1, 2.15%, 0, 0, 7, 0.00, 52084, 1408, 0, 0
376, 3, 56, 160, 106, 1, 2.15%, 0, 0, 7, 140.90, 52819, 1408, 0, 0
381, 3, 56, 160, 106, 1, 2.15%, 0, 0, 7, 142.53, 53553, 1408, 0, 0
386, 3, 56, 160, 106, 1, 2.15%, 0, 0, 7, 142.08, 54287, 1408, 0, 0
392, 3, 56, 161, 107, 1, 2.17%, 0, 0, 7, 142.91, 55036, 1424, 0, 0
397, 3, 56, 162, 108, 1, 2.17%, 0, 0, 7, 145.89, 55785, 1424, 0, 0
402, 3, 56, 164, 110, 1, 2.18%, 0, 0, 7, 131.06, 56727, 1430, 0, 0
407, 3, 56, 164, 110, 1, 2.18%, 0, 0, 7, 138.17, 57453, 1430, 0, 0
412, 3, 56, 164, 110, 1, 2.18%, 0, 0, 7, 138.92, 58175, 1430, 0, 0
417, 3, 56, 165, 111, 1, 2.19%, 0, 0, 7, 144.98, 58916, 1436, 0, 0
422, 3, 56, 165, 111, 1, 2.19%, 0, 0, 7, 150.21, 59689, 1436, 0, 0
427, 3, 56, 165, 111, 1, 2.19%, 0, 0, 7, 155.19, 60472, 1436, 0, 0
433, 3, 56, 167, 113, 1, 2.25%, 0, 0, 7, 153.39, 61482, 1477, 0, 0
438, 3, 56, 167, 113, 1, 2.25%, 0, 0, 7, 156.08, 62274, 1477, 0, 0
443, 3, 56, 167, 113, 1, 2.25%, 0, 0, 7, 145.41, 63018, 1477, 0, 0
448, 3, 56, 167, 113, 1, 2.25%, 0, 0, 7, 154.25, 63804, 1477, 0, 0
453, 3, 65, 167, 109, 49, 2.25%, 0, 0, 7, 158.81, 64638, 1477, 0, 0
458, 3, 103, 179, 112, 45, 2.27%, 0, 0, 7, 156.32, 65599, 1490, 0, 0
463, 3, 108, 180, 110, 42, 2.27%, 0, 0, 7, 162.20, 66418, 1490, 0, 0
468, 3, 120, 197, 126, 41, 2.27%, 0, 0, 7, 150.83, 67193, 1490, 0, 0
474, 3, 120, 197, 126, 41, 2.27%, 0, 0, 7, 146.75, 67926, 1490, 0, 0
479, 3, 120, 197, 126, 41, 2.27%, 0, 0, 7, 139.93, 68622, 1490, 0, 0
484, 3, 120, 197, 126, 41, 2.27%, 0, 0, 7, 151.48, 69428, 1490, 0, 0
489, 3, 120, 199, 128, 41, 2.32%, 0, 0, 7, 161.33, 70477, 1519, 0, 0
494, 3, 120, 199, 128, 41, 2.32%, 0, 0, 7, 157.88, 71275, 1519, 0, 0
499, 3, 120, 199, 128, 41, 2.32%, 0, 0, 7, 156.13, 72070, 1519, 0, 0
504, 3, 120, 199, 128, 41, 2.32%, 0, 0, 7, 143.14, 72811, 1519, 0, 0
509, 3, 123, 200, 128, 42, 2.32%, 0, 0, 7, 152.12, 73622, 1521, 0, 0
514, 3, 123, 204, 132, 42, 2.32%, 0, 0, 7, 155.58, 74395, 1522, 0, 0
514, 3, 123, 204, 132, 42, 2.32%, 0, 0, 7, 0.00, 74598, 1522, 0, 0
519, 3, 125, 204, 130, 41, 2.32%, 0, 0, 7, 165.28, 75431, 1522, 0, 0
524, 3, 153, 206, 130, 39, 2.35%, 0, 0, 7, 158.70, 76222, 1541, 0, 0
529, 3, 153, 207, 131, 39, 2.36%, 0, 0, 7, 159.47, 77048, 1546, 0, 0
535, 3, 153, 208, 132, 39, 2.36%, 0, 0, 7, 151.18, 77817, 1546, 0, 0
540, 3, 153, 209, 133, 39, 2.37%, 0, 0, 7, 156.96, 78616, 1555, 0, 0
545, 3, 153, 210, 134, 39, 2.37%, 0, 0, 7, 151.44, 79640, 1555, 0, 0
550, 3, 153, 210, 134, 39, 2.37%, 0, 0, 7, 144.63, 80364, 1555, 0, 0
555, 3, 153, 210, 134, 39, 2.37%, 0, 0, 7, 141.22, 81096, 1555, 0, 0
560, 3, 153, 211, 135, 39, 2.37%, 0, 0, 7, 141.85, 81829, 1556, 0, 0
565, 3, 128, 211, 134, 41, 2.37%, 0, 0, 7, 143.31, 82565, 1556, 0, 0
570, 3, 166, 212, 133, 39, 2.37%, 0, 0, 7, 145.01, 83317, 1556, 0, 0
575, 3, 137, 212, 129, 35, 2.37%, 0, 0, 7, 155.63, 84217, 1556, 0, 0
581, 3, 143, 225, 139, 32, 2.41%, 0, 0, 7, 154.97, 85006, 1579, 0, 0
586, 3, 143, 229, 143, 32, 2.41%, 0, 0, 7, 150.94, 85756, 1579, 0, 0
591, 3, 143, 229, 143, 32, 2.41%, 0, 0, 7, 147.92, 86506, 1579, 0, 0
596, 3, 143, 230, 144, 32, 2.42%, 0, 0, 7, 141.83, 87240, 1583, 0, 0
601, 3, 143, 235, 149, 32, 2.44%, 0, 0, 7, 144.54, 87993, 1600, 0, 0
601, 3, 143, 236, 150, 32, 2.44%, 0, 0, 7, 0.00, 88197, 1601, 0, 0
606, 3, 143, 236, 150, 32, 2.44%, 0, 0, 7, 147.92, 88942, 1601, 0, 0
611, 3, 143, 237, 151, 32, 2.45%, 0, 0, 7, 159.53, 89758, 1603, 0, 0
616, 3, 143, 237, 151, 32, 2.45%, 0, 0, 7, 154.17, 90553, 1603, 0, 0
621, 3, 143, 237, 151, 32, 2.45%, 0, 0, 7, 159.71, 91390, 1603, 0, 0
626, 3, 143, 238, 152, 32, 2.45%, 0, 0, 7, 157.79, 92210, 1603, 0, 0
632, 3, 143, 240, 154, 32, 2.52%, 0, 0, 7, 156.57, 93202, 1651, 0, 0
637, 3, 143, 240, 154, 32, 2.52%, 0, 0, 7, 156.81, 94000, 1651, 0, 0
642, 3, 143, 241, 155, 32, 2.52%, 0, 0, 7, 160.52, 94796, 1652, 0, 0
647, 3, 143, 241, 155, 32, 2.52%, 0, 0, 7, 158.24, 95603, 1652, 0, 0
652, 3, 143, 241, 155, 32, 2.52%, 0, 0, 7, 155.61, 96380, 1652, 0, 0
657, 3, 143, 241, 155, 32, 2.52%, 0, 0, 7, 151.15, 97175, 1652, 0, 0
662, 3, 143, 241, 155, 32, 2.52%, 0, 0, 7, 152.65, 98156, 1652, 0, 0
667, 3, 143, 241, 155, 32, 2.52%, 0, 0, 7, 163.80, 98990, 1652, 0, 0
672, 3, 143, 242, 156, 32, 2.54%, 0, 0, 7, 151.82, 99768, 1664, 0, 0
677, 3, 143, 242, 156, 32, 2.54%, 0, 0, 7, 157.21, 100554, 1664, 0, 0
682, 3, 143, 242, 156, 32, 2.54%, 0, 0, 7, 162.13, 101412, 1664, 0, 0
688, 3, 143, 242, 156, 32, 2.54%, 0, 0, 7, 162.73, 102255, 1664, 0, 0
687, 3, 143, 242, 156, 32, 2.54%, 0, 0, 7, 0.00, 102276, 1664, 0, 0
687, 3, 143, 242, 156, 32, 2.54%, 0, 0, 7, 0.00, 102285, 1664, 0, 0
692, 3, 143, 242, 156, 32, 2.54%, 0, 0, 7, 160.49, 103107, 1664, 0, 0
697, 3, 143, 243, 157, 32, 2.54%, 0, 0, 7, 159.33, 103894, 1665, 0, 0
702, 3, 143, 244, 158, 32, 2.54%, 0, 0, 7, 164.09, 104753, 1666, 0, 0
707, 3, 143, 244, 158, 32, 2.54%, 0, 0, 7, 149.14, 105472, 1666, 0, 0
712, 3, 143, 244, 158, 32, 2.54%, 0, 0, 7, 161.63, 106301, 1666, 0, 0
717, 3, 143, 244, 158, 32, 2.54%, 0, 0, 7, 155.01, 107327, 1666, 0, 0
722, 3, 143, 244, 158, 32, 2.54%, 0, 0, 7, 161.41, 108146, 1666, 0, 0
727, 3, 143, 246, 160, 32, 2.55%, 0, 0, 7, 160.08, 108946, 1674, 0, 0
732, 3, 143, 247, 161, 32, 2.56%, 0, 0, 7, 156.97, 109745, 1679, 0, 0
737, 3, 143, 247, 161, 32, 2.56%, 0, 0, 7, 151.20, 110504, 1679, 0, 0
742, 3, 143, 248, 162, 32, 2.57%, 0, 0, 7, 155.45, 111312, 1682, 0, 0
747, 3, 143, 248, 162, 32, 2.57%, 0, 0, 7, 161.45, 112374, 1682, 0, 0
752, 3, 136, 248, 161, 56, 2.57%, 0, 0, 7, 157.83, 113170, 1682, 0, 0
758, 3, 218, 248, 158, 53, 2.57%, 0, 0, 7, 145.76, 113895, 1682, 0, 0
763, 3, 145, 248, 153, 47, 2.57%, 0, 0, 7, 144.93, 114646, 1682, 0, 0
768, 3, 152, 248, 149, 43, 2.57%, 0, 0, 7, 142.91, 115378, 1682, 0, 0
773, 3, 158, 248, 146, 40, 2.57%, 0, 0, 7, 145.42, 116124, 1682, 0, 0
773, 3, 220, 248, 144, 38, 2.57%, 0, 0, 7, 0.00, 116307, 1682, 0, 0
778, 3, 240, 253, 148, 37, 2.57%, 0, 0, 7, 158.63, 117114, 1682, 0, 0
783, 3, 240, 256, 151, 37, 2.57%, 0, 0, 7, 160.41, 117930, 1682, 0, 0
788, 3, 240, 256, 151, 37, 2.57%, 0, 0, 7, 159.97, 118725, 1682, 0, 0
793, 3, 240, 256, 151, 37, 2.57%, 0, 0, 7, 159.63, 119559, 1682, 0, 0
798, 3, 240, 256, 151, 37, 2.57%, 0, 0, 7, 151.78, 120321, 1682, 0, 0
803, 3, 240, 256, 151, 37, 2.57%, 0, 0, 7, 153.74, 121356, 1682, 0, 0
808, 3, 169, 266, 158, 34, 2.57%, 0, 0, 7, 153.89, 122134, 1682, 0, 0
813, 3, 169, 277, 169, 34, 2.57%, 0, 0, 7, 153.69, 122913, 1684, 0, 0
818, 3, 169, 283, 175, 34, 2.57%, 0, 0, 7, 150.17, 123681, 1684, 0, 0
823, 3, 169, 288, 180, 34, 2.57%, 0, 0, 7, 150.65, 124427, 1684, 0, 0
829, 3, 169, 288, 180, 34, 2.57%, 0, 0, 7, 149.09, 125178, 1684, 0, 0
834, 3, 169, 298, 190, 34, 2.58%, 0, 0, 7, 138.02, 126102, 1690, 0, 0
839, 3, 169, 299, 191, 34, 2.58%, 0, 0, 7, 141.71, 126849, 1690, 0, 0
844, 3, 178, 301, 190, 34, 2.58%, 0, 0, 7, 140.08, 127571, 1690, 0, 0
849, 3, 178, 302, 191, 34, 2.58%, 0, 0, 7, 142.70, 128320, 1690, 0, 0
855, 3, 178, 303, 192, 34, 2.58%, 0, 0, 7, 152.98, 129107, 1690, 0, 0
860, 3, 205, 304, 192, 33, 2.58%, 0, 0, 7, 149.62, 129857, 1694, 0, 0
859, 3, 205, 304, 192, 33, 2.58%, 0, 0, 7, 0.00, 129868, 1694, 0, 0
859, 3, 205, 304, 192, 33, 2.58%, 0, 0, 7, 0.00, 129905, 1694, 0, 0
864, 3, 205, 306, 194, 33, 2.59%, 0, 0, 7, 146.81, 130629, 1698, 0, 0
869, 3, 205, 308, 196, 33, 2.59%, 0, 0, 7, 150.20, 131403, 1700, 0, 0
874, 3, 205, 309, 197, 33, 2.59%, 0, 0, 7, 145.52, 132148, 1700, 0, 0
879, 3, 205, 309, 197, 33, 2.59%, 0, 0, 7, 149.36, 132912, 1700, 0, 0
884, 3, 205, 310, 198, 33, 2.59%, 0, 0, 7, 144.48, 133635, 1700, 0, 0
889, 3, 205, 310, 198, 33, 2.59%, 0, 0, 7, 141.06, 134537, 1700, 0, 0
894, 3, 205, 310, 198, 33, 2.59%, 0, 0, 7, 143.17, 135281, 1700, 0, 0
899, 3, 205, 310, 198, 33, 2.59%, 0, 0, 7, 145.06, 136031, 1700, 0, 0
905, 3, 205, 311, 199, 33, 2.59%, 0, 0, 7, 142.23, 136768, 1700, 0, 0
910, 3, 205, 312, 200, 33, 2.59%, 0, 0, 7, 141.89, 137511, 1700, 0, 0
915, 3, 205, 312, 200, 33, 2.59%, 0, 0, 7, 154.83, 138337, 1700, 0, 0
920, 3, 205, 313, 201, 33, 2.59%, 0, 0, 7, 157.03, 139349, 1700, 0, 0
925, 3, 205, 313, 201, 33, 2.59%, 0, 0, 7, 144.24, 140044, 1700, 0, 0
930, 3, 205, 313, 201, 33, 2.59%, 0, 0, 7, 147.09, 140836, 1700, 0, 0
935, 3, 205, 313, 201, 33, 2.59%, 0, 0, 7, 147.20, 141588, 1700, 0, 0
940, 3, 205, 313, 201, 33, 2.59%, 0, 0, 7, 151.31, 142367, 1700, 0, 0
946, 3, 205, 313, 201, 33, 2.59%, 0, 0, 7, 151.60, 143135, 1700, 0, 0
945, 3, 205, 313, 201, 33, 2.59%, 0, 0, 7, 0.00, 143150, 1700, 0, 0
944, 3, 205, 313, 201, 33, 2.59%, 0, 0, 7, 0.00, 143174, 1700, 0, 0
950, 3, 205, 313, 201, 33, 2.59%, 0, 0, 7, 161.29, 144011, 1700, 0, 0
955, 3, 205, 313, 201, 33, 2.59%, 0, 0, 7, 155.95, 144797, 1700, 0, 0
960, 3, 205, 313, 201, 33, 2.59%, 0, 0, 7, 158.84, 145595, 1700, 0, 0
965, 3, 205, 313, 201, 33, 2.59%, 0, 0, 7, 158.21, 146387, 1700, 0, 0
970, 3, 205, 313, 201, 33, 2.59%, 0, 0, 7, 159.62, 147191, 1700, 0, 0
975, 3, 205, 313, 201, 33, 2.59%, 0, 0, 7, 163.49, 148205, 1700, 0, 0
980, 3, 205, 313, 201, 33, 2.59%, 0, 0, 7, 162.12, 149018, 1700, 0, 0
985, 3, 205, 313, 201, 33, 2.59%, 0, 0, 7, 162.58, 149831, 1700, 0, 0
990, 3, 205, 313, 201, 33, 2.59%, 0, 0, 7, 154.76, 150608, 1700, 0, 0
995, 3, 205, 314, 202, 33, 2.60%, 0, 0, 7, 143.88, 151331, 1706, 0, 0
1000, 3, 205, 315, 203, 33, 2.60%, 0, 0, 7, 142.41, 152060, 1706, 0, 0
1005, 3, 205, 315, 203, 33, 2.60%, 0, 0, 7, 159.99, 153079, 1706, 0, 0
1010, 3, 205, 315, 203, 33, 2.60%, 0, 0, 7, 161.95, 153895, 1706, 0, 0
1015, 3, 205, 315, 203, 33, 2.60%, 0, 0, 7, 154.41, 154681, 1706, 0, 0
1020, 3, 205, 315, 203, 33, 2.60%, 0, 0, 7, 161.27, 155503, 1706, 0, 0
1025, 3, 197, 334, 221, 36, 2.61%, 0, 0, 7, 153.44, 156285, 1709, 0, 0
1030, 3, 197, 338, 225, 36, 2.61%, 0, 0, 7, 154.79, 157070, 1709, 0, 0
1030, 3, 197, 339, 226, 36, 2.61%, 0, 0, 7, 0.00, 157244, 1709, 0, 0
1035, 3, 197, 341, 228, 36, 2.61%, 0, 0, 7, 154.77, 158065, 1709, 0, 0
1040, 3, 197, 342, 229, 36, 2.61%, 0, 0, 7, 157.76, 158849, 1709, 0, 0
1046, 3, 197, 344, 231, 36, 2.61%, 0, 0, 7, 157.56, 159646, 1709, 0, 0
1051, 3, 197, 344, 231, 36, 2.61%, 0, 0, 7, 161.44, 160459, 1709, 0, 0
1056, 3, 197, 345, 232, 36, 2.61%, 0, 0, 7, 159.06, 161258, 1709, 0, 0
1061, 3, 197, 348, 235, 36, 2.61%, 0, 0, 7, 157.21, 162296, 1709, 0, 0
1066, 3, 197, 348, 235, 36, 2.61%, 0, 0, 7, 161.46, 163109, 1709, 0, 0
1071, 3, 197, 348, 235, 36, 2.61%, 0, 0, 7, 162.30, 163931, 1709, 0, 0
1076, 3, 197, 350, 237, 36, 2.61%, 0, 0, 7, 160.32, 164758, 1709, 0, 0
1081, 3, 197, 350, 237, 36, 2.61%, 0, 0, 7, 154.54, 165529, 1709, 0, 0
1086, 3, 197, 350, 237, 36, 2.61%, 0, 0, 7, 158.66, 166336, 1709, 0, 0
1091, 3, 197, 350, 237, 36, 2.61%, 0, 0, 7, 159.72, 167359, 1709, 0, 0
1096, 3, 197, 351, 238, 36, 2.64%, 0, 0, 7, 157.64, 168179, 1728, 0, 0
1101, 3, 197, 352, 239, 36, 2.64%, 0, 0, 7, 159.89, 168984, 1728, 0, 0
1107, 3, 197, 353, 240, 36, 2.64%, 0, 0, 7, 150.13, 169708, 1728, 0, 0
1112, 3, 197, 354, 241, 36, 2.64%, 0, 0, 7, 155.07, 170498, 1728, 0, 0
1117, 3, 197, 355, 242, 36, 2.64%, 0, 0, 7, 156.61, 171291, 1732, 0, 0
1116, 3, 197, 355, 242, 36, 2.64%, 0, 0, 7, 0.00, 171420, 1732, 0, 0
1121, 3, 197, 358, 245, 36, 2.64%, 0, 0, 7, 156.10, 172218, 1732, 0, 0
1126, 3, 197, 360, 247, 36, 2.65%, 0, 0, 7, 160.64, 173054, 1736, 0, 0
1131, 3, 197, 360, 247, 36, 2.65%, 0, 0, 7, 164.00, 173882, 1736, 0, 0
1136, 3, 197, 360, 247, 36, 2.65%, 0, 0, 7, 152.45, 174644, 1736, 0, 0
1142, 3, 197, 360, 247, 36, 2.65%, 0, 0, 7, 146.36, 175407, 1736, 0, 0
1147, 3, 197, 362, 249, 36, 2.65%, 0, 0, 7, 157.28, 176338, 1736, 0, 0
1152, 3, 197, 363, 250, 36, 2.65%, 0, 0, 7, 143.28, 177066, 1736, 0, 0
1157, 3, 197, 363, 250, 36, 2.65%, 0, 0, 7, 139.94, 177754, 1736, 0, 0
1162, 3, 197, 363, 250, 36, 2.65%, 0, 0, 7, 150.63, 178529, 1736, 0, 0
1167, 3, 197, 363, 250, 36, 2.65%, 0, 0, 7, 144.82, 179282, 1736, 0, 0
1172, 3, 197, 363, 250, 36, 2.65%, 0, 0, 7, 142.26, 179976, 1736, 0, 0
1177, 3, 197, 364, 251, 36, 2.65%, 0, 0, 7, 146.04, 180911, 1736, 0, 0
1182, 3, 197, 364, 251, 36, 2.65%, 0, 0, 7, 141.25, 181639, 1736, 0, 0
1188, 3, 197, 364, 251, 36, 2.65%, 0, 0, 7, 142.08, 182377, 1736, 0, 0
1193, 3, 198, 364, 250, 39, 2.65%, 0, 0, 7, 152.50, 183166, 1736, 0, 0
1198, 3, 358, 372, 257, 38, 2.66%, 0, 0, 7, 157.80, 183970, 1746, 0, 0
1203, 3, 358, 374, 259, 38, 2.67%, 0, 0, 7, 161.99, 184785, 1752, 0, 0
1203, 3, 358, 374, 259, 38, 2.67%, 0, 0, 7, 0.00, 184857, 1752, 0, 0
1202, 3, 358, 374, 259, 38, 2.67%, 0, 0, 7, 0.00, 184868, 1752, 0, 0
1207, 3, 358, 376, 261, 38, 2.67%, 0, 0, 7, 157.92, 185678, 1752, 0, 0
1212, 3, 358, 377, 262, 38, 2.67%, 0, 0, 7, 147.62, 186414, 1752, 0, 0
1217, 3, 358, 379, 264, 38, 2.67%, 0, 0, 7, 142.30, 187135, 1752, 0, 0
1223, 3, 358, 382, 267, 38, 2.71%, 0, 0, 7, 140.03, 187864, 1778, 0, 0
1228, 3, 358, 384, 269, 38, 2.72%, 0, 0, 7, 137.24, 188576, 1781, 0, 0
1233, 3, 358, 385, 270, 38, 2.72%, 0, 0, 7, 149.91, 189522, 1781, 0, 0
1238, 3, 379, 391, 274, 43, 2.72%, 0, 0, 8, 139.51, 190208, 1781, 0, 0
1243, 3, 379, 399, 282, 43, 2.72%, 0, 0, 8, 135.89, 190878, 1781, 0, 0
1248, 3, 206, 399, 281, 43, 2.72%, 0, 0, 8, 141.27, 191624, 1781, 0, 0
1253, 3, 208, 412, 292, 41, 2.73%, 0, 0, 8, 144.86, 192385, 1790, 0, 0
1258, 3, 208, 415, 295, 41, 2.75%, 0, 0, 8, 144.93, 193104, 1799, 0, 0
1263, 3, 208, 417, 297, 41, 2.75%, 0, 0, 8, 138.60, 194022, 1799, 0, 0
1269, 3, 208, 418, 298, 41, 2.75%, 0, 0, 8, 143.61, 194759, 1799, 0, 0
1274, 3, 208, 418, 298, 41, 2.75%, 0, 0, 8, 144.61, 195515, 1799, 0, 0
1279, 3, 208, 418, 298, 41, 2.75%, 0, 0, 8, 148.68, 196275, 1799, 0, 0
1284, 3, 208, 418, 298, 41, 2.75%, 0, 0, 8, 143.74, 197011, 1799, 0, 0
1289, 3, 208, 418, 298, 41, 2.75%, 0, 0, 8, 138.96, 197723, 1799, 0, 0
1289, 3, 208, 418, 298, 41, 2.75%, 0, 0, 8, 0.00, 197725, 1799, 0, 0
1288, 3, 208, 418, 298, 41, 2.75%, 0, 0, 8, 0.00, 197737, 1799, 0, 0
1293, 3, 368, 418, 295, 41, 2.75%, 0, 0, 8, 150.71, 198515, 1799, 0, 0
1298, 3, 350, 426, 299, 37, 2.75%, 0, 0, 8, 141.18, 199238, 1800, 0, 0
1303, 3, 350, 441, 314, 37, 2.75%, 0, 0, 8, 132.77, 199912, 1800, 0, 0
1308, 3, 350, 446, 319, 37, 2.75%, 0, 0, 8, 136.42, 200596, 1800, 0, 0
1313, 3, 350, 447, 320, 37, 2.75%, 0, 0, 8, 138.25, 201315, 1800, 0, 0
1319, 3, 440, 448, 317, 35, 2.75%, 0, 0, 8, 143.16, 202263, 1800, 0, 0
1324, 3, 264, 448, 312, 31, 2.75%, 0, 0, 8, 145.48, 203029, 1800, 0, 0
1329, 3, 236, 448, 308, 28, 2.75%, 0, 0, 8, 142.18, 203758, 1800, 0, 0
1334, 3, 239, 453, 312, 27, 2.76%, 0, 0, 8, 147.60, 204516, 1808, 0, 0
1339, 3, 239, 453, 312, 27, 2.76%, 0, 0, 8, 154.59, 205328, 1808, 0, 0
1344, 3, 241, 454, 312, 31, 2.76%, 0, 0, 8, 152.02, 206117, 1808, 0, 0
1349, 3, 244, 459, 315, 29, 2.77%, 0, 0, 8, 139.92, 206897, 1818, 0, 0
1355, 3, 244, 459, 315, 29, 2.77%, 0, 0, 8, 141.49, 207634, 1818, 0, 0
1360, 3, 244, 462, 318, 29, 2.78%, 0, 0, 8, 139.72, 208359, 1819, 0, 0
1360, 3, 244, 462, 318, 29, 2.78%, 0, 0, 8, 0.00, 208511, 1819, 0, 0
1365, 3, 244, 462, 318, 29, 2.78%, 0, 0, 8, 132.44, 209229, 1819, 0, 0
1370, 3, 244, 462, 318, 29, 2.78%, 0, 0, 8, 148.11, 210019, 1819, 0, 0
1375, 3, 245, 462, 317, 30, 2.78%, 0, 0, 8, 158.41, 210858, 1819, 0, 0
1380, 3, 246, 467, 321, 29, 2.79%, 0, 0, 8, 145.78, 211583, 1831, 0, 0
1385, 3, 246, 467, 321, 29, 2.79%, 0, 0, 8, 146.46, 212331, 1831, 0, 0
1391, 3, 246, 467, 321, 29, 2.79%, 0, 0, 8, 143.57, 213061, 1831, 0, 0
1396, 3, 246, 467, 321, 29, 2.79%, 0, 0, 8, 137.67, 213781, 1831, 0, 0
1401, 3, 454, 467, 319, 32, 2.79%, 0, 0, 8, 138.96, 214510, 1831, 0, 0
1406, 3, 412, 478, 328, 31, 2.80%, 0, 0, 8, 127.60, 215399, 1837, 0, 0
1411, 3, 412, 494, 344, 31, 2.82%, 0, 0, 8, 141.76, 216134, 1846, 0, 0
1416, 3, 412, 496, 346, 31, 2.82%, 0, 0, 8, 137.16, 216840, 1846, 0, 0
1421, 3, 452, 496, 344, 32, 2.82%, 0, 0, 8, 138.33, 217555, 1846, 0, 0
1427, 3, 480, 498, 345, 31, 2.82%, 0, 0, 8, 140.07, 218278, 1848, 0, 0
1432, 3, 480, 499, 346, 31, 2.82%, 0, 0, 8, 150.36, 219072, 1848, 0, 0
1432, 3, 480, 499, 346, 31, 2.82%, 0, 0, 8, 0.00, 219153, 1848, 0, 0
1431, 3, 480, 499, 346, 31, 2.82%, 0, 0, 8, 0.00, 219167, 1848, 0, 0
1436, 3, 480, 499, 346, 31, 2.82%, 0, 0, 8, 147.79, 219925, 1848, 0, 0
1441, 3, 357, 500, 343, 27, 2.82%, 0, 0, 8, 138.96, 220631, 1848, 0, 0
1447, 3, 492, 504, 345, 25, 2.82%, 0, 0, 8, 142.51, 221373, 1848, 0, 0
1452, 3, 492, 506, 347, 25, 2.82%, 0, 0, 8, 143.39, 222123, 1848, 0, 0
1457, 3, 492, 508, 349, 25, 2.82%, 0, 0, 8, 138.50, 222839, 1848, 0, 0
1462, 3, 492, 509, 350, 25, 2.82%, 0, 0, 8, 157.32, 223821, 1848, 0, 0
1467, 3, 492, 510, 351, 25, 2.82%, 0, 0, 8, 149.07, 224559, 1848, 0, 0
1472, 3, 492, 511, 352, 25, 2.82%, 0, 0, 8, 151.00, 225320, 1848, 0, 0
1477, 3, 382, 513, 353, 24, 2.82%, 0, 0, 8, 145.45, 226039, 1848, 0, 0
1482, 3, 361, 516, 353, 21, 2.82%, 0, 0, 8, 142.36, 226780, 1848, 0, 0
1487, 3, 361, 519, 356, 21, 2.83%, 0, 0, 8, 143.72, 227521, 1855, 0, 0
1493, 3, 361, 520, 357, 21, 2.83%, 0, 0, 8, 136.51, 228453, 1855, 0, 0
1498, 3, 361, 520, 357, 21, 2.83%, 0, 0, 8, 140.77, 229179, 1855, 0, 0
1503, 3, 361, 520, 357, 21, 2.83%, 0, 0, 8, 144.94, 229945, 1855, 0, 0
1508, 3, 361, 520, 357, 21, 2.83%, 0, 0, 8, 138.56, 230659, 1855, 0, 0
1513, 3, 361, 520, 357, 21, 2.83%, 0, 0, 8, 147.79, 231435, 1855, 0, 0
1518, 3, 361, 520, 357, 21, 2.83%, 0, 0, 8, 151.18, 232374, 1855, 0, 0
1523, 3, 366, 520, 356, 22, 2.83%, 0, 0, 8, 140.19, 233071, 1855, 0, 0
1528, 3, 414, 526, 360, 20, 2.83%, 0, 0, 8, 140.79, 233779, 1855, 0, 0
1534, 3, 414, 527, 361, 20, 2.83%, 0, 0, 8, 141.47, 234501, 1855, 0, 0
1539, 3, 451, 527, 356, 15, 2.83%, 0, 0, 8, 140.22, 235222, 1855, 0, 0
1544, 3, 463, 531, 357, 12, 2.85%, 0, 0, 8, 140.48, 235936, 1866, 0, 0
1549, 3, 463, 535, 361, 12, 2.85%, 0, 0, 8, 144.90, 236882, 1870, 0, 0
1554, 3, 463, 535, 361, 12, 2.85%, 0, 0, 8, 142.23, 237616, 1870, 0, 0
1559, 3, 463, 535, 361, 12, 2.85%, 0, 0, 8, 151.38, 238387, 1870, 0, 0
1564, 3, 529, 535, 358, 17, 2.85%, 0, 0, 8, 141.98, 239123, 1870, 0, 0
1570, 3, 531, 535, 354, 13, 2.85%, 0, 0, 8, 141.51, 239852, 1870, 0, 0
1575, 3, 520, 535, 350, 9, 2.85%, 0, 0, 8, 138.18, 240569, 1870, 0, 0
1574, 3, 466, 535, 349, 8, 2.85%, 0, 0, 8, 0.00, 240697, 1870, 0, 0
1579, 3, 447, 536, 347, 5, 2.85%, 0, 0, 8, 138.83, 241408, 1870, 0, 0
1584, 3, 497, 538, 347, 4, 2.85%, 0, 0, 9, 139.58, 242132, 1870, 0, 0
1590, 3, 280, 538, 345, 3, 2.85%, 0, 0, 9, 142.01, 242873, 1870, 0, 0
1595, 3, 395, 538, 342, 2, 2.85%, 0, 0, 9, 133.40, 243533, 1870, 0, 0
1600, 3, 537, 540, 342, 2, 2.85%, 0, 0, 9, 143.91, 244282, 1871, 0, 0
1605, 3, 538, 540, 338, 1, 2.85%, 0, 0, 9, 139.42, 245191, 1871, 0, 0
1610, 3, 159, 540, 334, 0, 2.85%, 0, 0, 9, 142.70, 245928, 1871, 0, 0
1615, 3, 312, 540, 332, 0, 2.85%, 0, 0, 9, 142.84, 246663, 1871, 0, 0
1620, 3, 318, 540, 330, 0, 2.85%, 0, 0, 9, 140.90, 247380, 1871, 0, 0
1625, 3, 511, 541, 328, 0, 2.85%, 0, 0, 9, 138.19, 248087, 1871, 0, 0
1630, 3, 254, 541, 325, 0, 2.85%, 0, 0, 9, 140.30, 248817, 1871, 0, 0
1636, 3, 476, 541, 320, 0, 2.85%, 0, 0, 9, 143.64, 249762, 1871, 0, 0
1641, 3, 262, 541, 318, 0, 2.85%, 0, 0, 9, 144.29, 250505, 1871, 0, 0
1646, 3, 338, 541, 315, 0, 2.85%, 0, 0, 9, 146.60, 251264, 1871, 0, 0
1651, 3, 468, 542, 314, 0, 2.85%, 0, 0, 9, 143.20, 251975, 1871, 0, 0
1656, 3, 423, 542, 312, 0, 2.85%, 0, 0, 9, 144.93, 252726, 1871, 0, 0
1661, 3, 126, 543, 309, 0, 2.85%, 0, 0, 9, 142.95, 253641, 1871, 0, 0
1666, 3, 400, 549, 314, 0, 2.85%, 0, 0, 9, 140.61, 254364, 1871, 0, 0
1672, 3, 400, 550, 315, 0, 2.85%, 0, 0, 9, 145.07, 255115, 1871, 0, 0
1677, 3, 400, 551, 316, 0, 2.85%, 0, 0, 9, 143.89, 255842, 1871, 0, 0
1682, 3, 400, 553, 318, 0, 2.85%, 0, 0, 9, 141.99, 256572, 1871, 0, 0
1687, 3, 400, 553, 318, 0, 2.85%, 0, 0, 9, 141.47, 257294, 1871, 0, 0
1692, 3, 400, 554, 319, 0, 2.85%, 0, 0, 9, 144.90, 258247, 1871, 0, 0
1697, 3, 363, 555, 319, 0, 2.85%, 0, 0, 9, 142.52, 258965, 1871, 0, 0
1703, 3, 267, 556, 317, 0, 2.85%, 0, 0, 9, 145.48, 259721, 1871, 0, 0
1708, 3, 487, 557, 316, 0, 2.85%, 0, 0, 9, 137.03, 260353, 1871, 0, 0
1713, 3, 501, 557, 313, 0, 2.85%, 0, 0, 9, 146.91, 261135, 1871, 0, 0
1718, 3, 333, 557, 310, 0, 2.85%, 0, 0, 9, 125.82, 261738, 1871, 0, 0
1717, 3, 551, 557, 309, 0, 2.85%, 0, 0, 9, 0.00, 261823, 1871, 0, 0
1722, 3, 514, 557, 307, 0, 2.85%, 0, 0, 9, 142.20, 262556, 1871, 0, 0
1727, 3, 85, 557, 305, 0, 2.85%, 0, 0, 9, 142.29, 263283, 1871, 0, 0
1733, 3, 544, 557, 299, 0, 2.85%, 0, 0, 9, 151.90, 264077, 1871, 0, 0
1738, 3, 470, 558, 297, 0, 2.85%, 0, 0, 9, 144.93, 264807, 1871, 0, 0
1743, 3, 312, 558, 294, 0, 2.85%, 0, 0, 9, 143.28, 265540, 1871, 0, 0
1748, 3, 445, 558, 291, 0, 2.85%, 0, 0, 9, 130.67, 266466, 1871, 0, 0
1753, 3, 288, 560, 290, 0, 2.85%, 0, 0, 9, 132.51, 267156, 1871, 0, 0
1758, 3, 252, 560, 288, 0, 2.85%, 0, 0, 9, 136.49, 267862, 1871, 0, 0
1763, 3, 558, 564, 290, 0, 2.85%, 0, 0, 9, 135.30, 268550, 1871, 0, 0
1769, 3, 558, 565, 291, 0, 2.85%, 0, 0, 9, 144.38, 269303, 1871, 0, 0
1774, 3, 558, 566, 292, 0, 2.85%, 0, 0, 9, 143.45, 270052, 1871, 0, 0
1779, 3, 558, 566, 292, 0, 2.85%, 0, 0, 9, 144.66, 270856, 1871, 0, 0
1784, 3, 558, 566, 292, 0, 2.85%, 0, 0, 9, 142.23, 271584, 1871, 0, 0
1789, 3, 558, 566, 292, 0, 2.85%, 0, 0, 9, 103.51, 272094, 1871, 0, 0
1789, 3, 558, 566, 292, 0, 2.85%, 0, 0, 9, 0.00, 272220, 1871, 0, 0
1794, 3, 558, 566, 292, 0, 2.85%, 0, 0, 9, 129.20, 272922, 1871, 0, 0
1799, 3, 522, 566, 290, 0, 2.85%, 0, 0, 9, 137.98, 273628, 1871, 0, 0
1804, 3, 71, 567, 287, 0, 2.85%, 0, 0, 9, 158.76, 274447, 1871, 0, 0
1809, 3, 539, 569, 286, 0, 2.85%, 0, 0, 9, 147.52, 275183, 1871, 0, 0
1814, 3, 539, 570, 287, 0, 2.85%, 0, 0, 9, 144.11, 275930, 1871, 0, 0
1819, 3, 528, 572, 288, 0, 2.86%, 0, 0, 9, 141.36, 276664, 1877, 0, 0
1825, 3, 299, 573, 287, 0, 2.86%, 0, 0, 9, 145.18, 277420, 1877, 0, 0
1830, 3, 537, 573, 283, 0, 2.86%, 0, 0, 9, 144.24, 278163, 1877, 0, 0
1835, 3, 255, 573, 280, 0, 2.86%, 0, 0, 9, 146.62, 279099, 1877, 0, 0
1840, 3, 541, 573, 277, 0, 2.86%, 0, 0, 9, 142.65, 279831, 1877, 0, 0
1845, 3, 434, 573, 275, 0, 2.86%, 0, 0, 9, 143.48, 280583, 1877, 0, 0
1850, 3, 561, 573, 272, 0, 2.86%, 0, 0, 9, 143.48, 281326, 1877, 0, 0
1855, 3, 574, 575, 271, 1, 2.87%, 0, 0, 9, 144.74, 282070, 1879, 0, 0
1861, 3, 429, 575, 268, 0, 2.87%, 0, 0, 9, 142.32, 282803, 1879, 0, 0
1860, 3, 429, 575, 268, 0, 2.87%, 0, 0, 9, 0.00, 282929, 1879, 0, 0
1865, 3, 571, 575, 266, 0, 2.87%, 0, 0, 9, 143.86, 283672, 1879, 0, 0
1870, 3, 433, 575, 265, 0, 2.87%, 0, 0, 9, 142.63, 284394, 1879, 0, 0
1875, 3, 154, 575, 261, 0, 2.87%, 0, 0, 9, 138.31, 285104, 1879, 0, 0
1881, 3, 330, 575, 260, 0, 2.87%, 0, 0, 9, 145.74, 285868, 1879, 0, 0
1886, 3, 455, 577, 260, 0, 2.87%, 0, 0, 9, 143.92, 286608, 1879, 0, 0
1891, 3, 217, 577, 256, 0, 2.87%, 0, 0, 9, 138.47, 287612, 1879, 0, 0
1896, 3, 540, 577, 256, 0, 2.87%, 0, 0, 9, 142.82, 288359, 1879, 0, 0
1901, 3, 451, 577, 253, 0, 2.87%, 0, 0, 9, 144.51, 289098, 1879, 0, 0
1906, 3, 483, 577, 250, 0, 2.87%, 0, 0, 9, 138.22, 289802, 1879, 0, 0
1911, 3, 391, 577, 245, 0, 2.87%, 0, 0, 9, 139.42, 290519, 1879, 0, 0
1917, 3, 391, 580, 248, 0, 2.87%, 0, 0, 9, 142.33, 291247, 1879, 0, 0
1922, 3, 560, 581, 247, 0, 2.87%, 0, 0, 10, 150.70, 292246, 1879, 0, 0
1927, 3, 466, 581, 243, 0, 2.87%, 0, 0, 10, 155.82, 293031, 1879, 0, 0
1932, 3, 491, 582, 241, 0, 2.87%, 0, 0, 10, 158.48, 293834, 1879, 0, 0
1937, 3, 377, 582, 239, 0, 2.87%, 0, 0, 10, 157.22, 294625, 1879, 0, 0
1942, 3, 332, 583, 237, 0, 2.87%, 0, 0, 10, 160.88, 295428, 1879, 0, 0
1947, 3, 96, 583, 234, 0, 2.87%, 0, 0, 10, 116.98, 295985, 1879, 0, 0
1946, 3, 96, 583, 234, 0, 2.87%, 0, 0, 10, 0.00, 296046, 1879, 0, 0
1951, 3, 281, 583, 231, 0, 2.87%, 0, 0, 10, 105.37, 296605, 1879, 0, 0
1956, 3, 215, 583, 228, 0, 2.87%, 0, 0, 10, 110.87, 297157, 1879, 0, 0
1961, 3, 457, 583, 227, 0, 2.87%, 0, 0, 10, 109.28, 297717, 1879, 0, 0
1966, 3, 575, 583, 225, 0, 2.87%, 0, 0, 10, 102.38, 298229, 1879, 0, 0
1972, 3, 392, 583, 223, 0, 2.87%, 0, 0, 10, 96.54, 298713, 1879, 0, 0
1977, 3, 327, 583, 221, 0, 2.87%, 0, 0, 10, 109.29, 299403, 1879, 0, 0
1982, 3, 518, 583, 219, 0, 2.87%, 0, 0, 10, 103.01, 299910, 1879, 0, 0
1987, 3, 284, 583, 218, 0, 2.87%, 0, 0, 10, 103.13, 300447, 1879, 0, 0
1992, 3, 137, 584, 217, 0, 2.87%, 0, 0, 10, 119.44, 301080, 1879, 0, 0
1997, 3, 448, 584, 216, 0, 2.87%, 0, 0, 10, 118.11, 301676, 1879, 0, 0
2002, 3, 580, 584, 215, 0, 2.87%, 0, 0, 10, 120.24, 302278, 1879, 0, 0
2007, 3, 456, 584, 213, 0, 2.87%, 0, 0, 10, 113.57, 303015, 1879, 0, 0
2012, 3, 479, 584, 210, 0, 2.87%, 0, 0, 10, 94.79, 303499, 1879, 0, 0
2017, 3, 370, 584, 209, 0, 2.87%, 0, 0, 10, 89.46, 303939, 1879, 0, 0
2023, 3, 385, 584, 207, 0, 2.87%, 0, 0, 10, 94.36, 304414, 1879, 0, 0
2028, 3, 117, 584, 204, 0, 2.87%, 0, 0, 10, 104.91, 304940, 1879, 0, 0
2033, 3, 542, 584, 202, 0, 2.87%, 0, 0, 10, 119.60, 305586, 1879, 0, 0
2032, 3, 542, 585, 203, 0, 2.87%, 0, 0, 10, 0.00, 305605, 1879, 0, 0
2037, 3, 466, 585, 200, 0, 2.87%, 0, 0, 10, 115.46, 306194, 1879, 0, 0
2042, 3, 568, 585, 198, 0, 2.87%, 0, 0, 10, 116.86, 306783, 1879, 0, 0
2047, 3, 581, 585, 196, 0, 2.87%, 0, 0, 10, 98.41, 307258, 1879, 0, 0
2052, 3, 290, 586, 196, 0, 2.87%, 0, 0, 10, 53.42, 307659, 1879, 0, 0
2057, 3, 290, 593, 203, 0, 2.87%, 0, 0, 10, 90.81, 308141, 1879, 0, 0
2062, 3, 290, 596, 206, 0, 2.87%, 0, 0, 10, 113.84, 308882, 1879, 0, 0
2067, 3, 290, 598, 208, 0, 2.87%, 0, 0, 10, 114.05, 309444, 1879, 0, 0
2072, 3, 290, 598, 208, 0, 2.87%, 0, 0, 10, 107.63, 310020, 1879, 0, 0
2078, 3, 290, 598, 208, 0, 2.87%, 0, 0, 10, 108.52, 310564, 1879, 0, 0
2083, 3, 290, 598, 208, 0, 2.87%, 0, 0, 10, 103.01, 311084, 1879, 0, 0
2088, 3, 290, 598, 208, 0, 2.87%, 0, 0, 10, 90.50, 311545, 1879, 0, 0
2093, 3, 290, 599, 209, 0, 2.87%, 0, 0, 10, 103.29, 312225, 1879, 0, 0
2098, 3, 148, 599, 207, 0, 2.87%, 0, 0, 10, 112.74, 312809, 1879, 0, 0
2103, 3, 235, 599, 206, 0, 2.87%, 0, 0, 10, 102.59, 313305, 1879, 0, 0
2108, 3, 436, 599, 204, 0, 2.87%, 0, 0, 10, 120.66, 313935, 1879, 0, 0
2113, 3, 261, 599, 202, 0, 2.87%, 0, 0, 10, 102.75, 314429, 1879, 0, 0
2118, 3, 500, 599, 200, 0, 2.87%, 0, 0, 10, 101.74, 314958, 1879, 0, 0
2118, 3, 500, 599, 200, 0, 2.87%, 0, 0, 10, 0.00, 315044, 1879, 0, 0
2123, 3, 334, 599, 198, 0, 2.87%, 0, 0, 10, 103.10, 315595, 1879, 0, 0
2128, 3, 101, 599, 196, 0, 2.87%, 0, 0, 10, 98.95, 316098, 1879, 0, 0
2133, 3, 75, 599, 194, 0, 2.87%, 0, 0, 10, 104.14, 316646, 1879, 0, 0
2138, 3, 253, 600, 193, 0, 2.87%, 0, 0, 10, 110.22, 317227, 1879, 0, 0
2143, 3, 168, 600, 189, 0, 2.87%, 0, 0, 10, 112.46, 317806, 1879, 0, 0
2148, 3, 357, 600, 187, 0, 2.87%, 0, 0, 10, 108.87, 318437, 1879, 0, 0
2154, 3, 570, 600, 185, 0, 2.87%, 0, 0, 10, 111.15, 318995, 1879, 0, 0
2159, 3, 191, 600, 182, 0, 2.87%, 0, 0, 10, 118.11, 319609, 1879, 0, 0
2164, 4, 371, 600, 181, 0, 2.87%, 0, 0, 10, 111.42, 320170, 1879, 0, 0
2169, 4, 230, 600, 178, 0, 2.87%, 0, 0, 10, 101.29, 320676, 1879, 0, 0
2174, 4, 309, 600, 175, 0, 2.87%, 0, 0, 10, 113.65, 321269, 1879, 0, 0
2179, 4, 409, 600, 174, 0, 2.87%, 0, 0, 10, 102.83, 321906, 1879, 0, 0
2184, 4, 591, 601, 173, 0, 2.87%, 0, 0, 10, 110.21, 322464, 1879, 0, 0
2189, 4, 289, 601, 171, 0, 2.87%, 0, 0, 10, 100.48, 322968, 1879, 0, 0
2194, 4, 464, 601, 168, 0, 2.87%, 0, 0, 10, 113.41, 323570, 1879, 0, 0
2199, 4, 410, 601, 168, 0, 2.87%, 0, 0, 10, 127.00, 324225, 1879, 0, 0
2205, 4, 94, 601, 166, 0, 2.87%, 0, 0, 10, 100.80, 324721, 1879, 0, 0
2203, 4, 94, 601, 166, 0, 2.87%, 0, 0, 10, 0.00, 324741, 1879, 0, 0
2208, 4, 94, 603, 168, 0, 2.87%, 0, 0, 10, 105.74, 325267, 1879, 0, 0
2214, 4, 94, 603, 168, 0, 2.87%, 0, 0, 10, 106.79, 325802, 1879, 0, 0
2219, 4, 94, 605, 170, 0, 2.87%, 0, 0, 10, 116.55, 326394, 1879, 0, 0
2224, 4, 94, 605, 170, 0, 2.87%, 0, 0, 10, 112.96, 326982, 1879, 0, 0
2229, 4, 94, 605, 170, 0, 2.87%, 0, 0, 10, 126.49, 327646, 1879, 0, 0
2234, 4, 105, 605, 169, 0, 2.87%, 0, 0, 10, 106.64, 328407, 1879, 0, 0
2239, 4, 531, 606, 168, 0, 2.87%, 0, 0, 10, 120.62, 329014, 1879, 0, 0
2244, 4, 460, 606, 166, 0, 2.87%, 0, 0, 10, 120.19, 329627, 1879, 0, 0
2249, 4, 459, 606, 165, 0, 2.87%, 0, 0, 10, 115.45, 330181, 1879, 0, 0
2254, 4, 421, 606, 162, 0, 2.87%, 0, 0, 10, 112.89, 330787, 1879, 0, 0
2259, 4, 530, 606, 161, 0, 2.87%, 0, 0, 10, 109.96, 331307, 1879, 0, 0
2264, 4, 513, 606, 159, 0, 2.87%, 0, 0, 10, 125.15, 332062, 1879, 0, 0
2269, 4, 119, 606, 155, 0, 2.87%, 0, 0, 10, 115.82, 332619, 1879, 0, 0
2275, 4, 305, 606, 152, 0, 2.87%, 0, 0, 10, 119.67, 333254, 1879, 0, 0
2280, 4, 229, 607, 151, 0, 2.87%, 0, 0, 10, 117.68, 333835, 1880, 0, 0
2285, 4, 230, 607, 148, 0, 2.87%, 0, 0, 10, 121.07, 334478, 1880, 0, 0
2290, 4, 117, 607, 148, 0, 2.87%, 0, 0, 10, 108.54, 335002, 1880, 0, 0
2289, 4, 117, 607, 148, 0, 2.87%, 0, 0, 10, 0.00, 335076, 1880, 0, 0
2294, 4, 75, 607, 148, 0, 2.87%, 0, 0, 10, 109.28, 335657, 1880, 0, 0
2299, 4, 390, 607, 145, 0, 2.87%, 0, 0, 10, 124.97, 336315, 1880, 0, 0
2304, 4, 187, 607, 143, 0, 2.87%, 0, 0, 10, 106.32, 336850, 1880, 0, 0
2310, 4, 574, 607, 141, 0, 2.87%, 0, 0, 10, 120.92, 337484, 1880, 0, 0
2315, 4, 534, 608, 141, 0, 2.87%, 0, 0, 10, 110.36, 338049, 1880, 0, 0
2320, 4, 235, 608, 140, 0, 2.87%, 0, 0, 10, 126.23, 338814, 1880, 0, 0
2325, 4, 195, 608, 138, 0, 2.87%, 0, 0, 10, 107.15, 339329, 1880, 0, 0
2330, 4, 136, 608, 135, 0, 2.87%, 0, 0, 10, 115.77, 339892, 1880, 0, 0
2335, 4, 424, 608, 135, 0, 2.87%, 0, 0, 10, 114.77, 340475, 1880, 0, 0
2340, 4, 366, 608, 133, 0, 2.87%, 0, 0, 10, 114.63, 341043, 1880, 0, 0
2345, 4, 465, 608, 131, 0, 2.87%, 0, 0, 10, 110.41, 341630, 1880, 0, 0
2350, 4, 312, 610, 132, 0, 2.87%, 0, 0, 10, 109.42, 342315, 1880, 0, 0
2355, 4, 398, 612, 134, 0, 2.87%, 0, 0, 10, 107.00, 342842, 1880, 0, 0
2360, 4, 538, 612, 133, 0, 2.87%, 0, 0, 10, 113.22, 343419, 1880, 0, 0
2366, 4, 239, 612, 132, 0, 2.87%, 0, 0, 10, 108.62, 343985, 1880, 0, 0
2371, 4, 536, 612, 132, 0, 2.87%, 0, 0, 10, 105.25, 344505, 1880, 0, 0
2376, 4, 394, 612, 130, 0, 2.87%, 0, 0, 10, 107.22, 345077, 1880, 0, 0
2376, 4, 394, 612, 130, 0, 2.87%, 0, 0, 10, 0.00, 345125, 1880, 0, 0
2375, 4, 394, 612, 130, 0, 2.87%, 0, 0, 10, 0.00, 345126, 1880, 0, 0
2380, 4, 102, 616, 133, 0, 2.87%, 0, 0, 10, 110.75, 345716, 1880, 0, 0
2385, 4, 102, 616, 133, 0, 2.87%, 0, 0, 10, 105.08, 346244, 1880, 0, 0
2390, 4, 102, 618, 135, 0, 2.87%, 0, 0, 10, 122.30, 346878, 1880, 0, 0
2395, 4, 102, 618, 135, 0, 2.87%, 0, 0, 10, 117.73, 347494, 1880, 0, 0
2400, 4, 102, 618, 135, 0, 2.87%, 0, 0, 10, 125.22, 348150, 1880, 0, 0
2406, 4, 102, 618, 135, 0, 2.87%, 0, 0, 10, 85.52, 348891, 1880, 0, 0
2411, 4, 102, 618, 135, 0, 2.87%, 0, 0, 10, 102.01, 349418, 1880, 0, 0
2416, 4, 102, 618, 135, 0, 2.87%, 0, 0, 10, 105.95, 349986, 1880, 0, 0
2421, 4, 102, 618, 135, 0, 2.87%, 0, 0, 10, 118.28, 350596, 1880, 0, 0
2426, 4, 102, 618, 135, 0, 2.87%, 0, 0, 10, 116.26, 351214, 1880, 0, 0
2431, 4, 378, 618, 134, 0, 2.87%, 0, 0, 10, 118.20, 351825, 1880, 0, 0
2437, 4, 274, 618, 133, 0, 2.87%, 0, 0, 10, 108.72, 352539, 1880, 0, 0
2442, 4, 579, 619, 133, 0, 2.87%, 0, 0, 10, 109.00, 353120, 1880, 0, 0
2447, 4, 137, 619, 132, 0, 2.87%, 0, 0, 10, 108.08, 353641, 1880, 0, 0
2452, 4, 449, 619, 130, 0, 2.87%, 0, 0, 10, 105.60, 354184, 1880, 0, 0
2457, 4, 565, 621, 132, 0, 2.87%, 0, 0, 10, 116.34, 354774, 1880, 0, 0
2462, 4, 282, 621, 131, 0, 2.87%, 0, 0, 10, 131.15, 355590, 1880, 0, 0
2467, 4, 139, 621, 128, 0, 2.87%, 0, 0, 10, 121.26, 356202, 1880, 0, 0
2472, 4, 340, 621, 126, 0, 2.87%, 0, 0, 10, 123.57, 356838, 1880, 0, 0
2477, 4, 359, 621, 123, 0, 2.87%, 0, 0, 10, 106.26, 357352, 1880, 0, 0
2482, 4, 454, 622, 123, 0, 2.87%, 0, 0, 10, 122.09, 358007, 1880, 0, 0
2487, 4, 251, 623, 123, 0, 2.87%, 0, 0, 10, 123.62, 358609, 1880, 0, 0
2493, 4, 620, 623, 121, 0, 2.87%, 0, 0, 10, 98.98, 359337, 1880, 0, 0
2498, 4, 466, 623, 118, 0, 2.87%, 0, 0, 10, 113.89, 359917, 1880, 0, 0
2503, 4, 617, 623, 116, 0, 2.87%, 0, 0, 10, 116.73, 360499, 1880, 0, 0
2508, 4, 512, 625, 117, 0, 2.87%, 0, 0, 10, 117.14, 361094, 1880, 0, 0
2513, 4, 507, 625, 114, 0, 2.87%, 0, 0, 10, 121.14, 361698, 1880, 0, 0
2518, 4, 619, 625, 113, 0, 2.87%, 0, 0, 10, 115.85, 362266, 1880, 0, 0
2523, 4, 464, 625, 110, 0, 2.87%, 0, 0, 10, 109.40, 363037, 1880, 0, 0
2528, 4, 245, 626, 110, 0, 2.89%, 0, 0, 10, 99.74, 363537, 1896, 0, 0
2533, 4, 159, 626, 108, 0, 2.89%, 0, 0, 10, 114.85, 364146, 1896, 0, 0
2538, 4, 583, 626, 107, 0, 2.89%, 0, 0, 10, 99.96, 364636, 1896, 0, 0
2544, 4, 376, 626, 105, 0, 2.89%, 0, 0, 10, 118.54, 365274, 1896, 0, 0
2549, 4, 582, 627, 105, 0, 2.89%, 0, 0, 10, 105.36, 366053, 1896, 0, 0
2554, 4, 203, 627, 104, 0, 2.89%, 0, 0, 10, 109.31, 366612, 1896, 0, 0
2559, 4, 216, 627, 102, 0, 2.89%, 0, 0, 10, 120.58, 367232, 1896, 0, 0
2564, 4, 186, 627, 102, 0, 2.89%, 0, 0, 10, 117.82, 367843, 1896, 0, 0
2569, 4, 515, 628, 102, 0, 2.89%, 0, 0, 10, 119.78, 368436, 1896, 0, 0
2574, 4, 312, 628, 99, 0, 2.89%, 0, 0, 10, 119.45, 369057, 1896, 0, 0
2579, 4, 601, 628, 97, 0, 2.89%, 0, 0, 10, 108.96, 369793, 1896, 0, 0
2584, 4, 516, 628, 94, 0, 2.89%, 0, 0, 10, 115.99, 370403, 1896, 0, 0
2590, 4, 271, 629, 94, 0, 2.89%, 0, 0, 10, 112.02, 370994, 1896, 0, 0
2595, 4, 469, 629, 91, 0, 2.89%, 0, 0, 10, 112.90, 371569, 1896, 0, 0
2600, 4, 613, 629, 90, 0, 2.89%, 0, 0, 10, 111.39, 372145, 1896, 0, 0
2605, 4, 463, 629, 88, 0, 2.89%, 0, 0, 10, 109.80, 372689, 1896, 0, 0
2604, 4, 463, 629, 88, 0, 2.89%, 0, 0, 10, 0.00, 372695, 1896, 0, 0
2604, 4, 463, 629, 88, 0, 2.89%, 0, 0, 10, 0.00, 372696, 1896, 0, 0
2609, 4, 401, 629, 87, 0, 2.89%, 0, 0, 10, 121.74, 373343, 1896, 0, 0
2614, 4, 594, 629, 86, 0, 2.89%, 0, 0, 10, 102.34, 373840, 1896, 0, 0
2619, 4, 148, 629, 84, 0, 2.89%, 0, 0, 10, 114.07, 374438, 1896, 0, 0
2624, 4, 451, 629, 81, 0, 2.89%, 0, 0, 10, 121.39, 375071, 1896, 0, 0
2629, 4, 192, 630, 82, 0, 2.89%, 0, 0, 10, 131.36, 375749, 1896, 0, 0
2634, 4, 400, 630, 80, 0, 2.89%, 0, 0, 10, 108.68, 376529, 1896, 0, 0
2639, 4, 520, 630, 79, 0, 2.89%, 0, 0, 10, 122.45, 377151, 1896, 0, 0
2644, 4, 405, 630, 79, 0, 2.89%, 0, 0, 10, 119.29, 377789, 1896, 0, 0
2650, 4, 592, 630, 78, 0, 2.89%, 0, 0, 10, 118.76, 378388, 1896, 0, 0
2655, 4, 194, 630, 76, 0, 2.89%, 0, 0, 10, 119.20, 379003, 1896, 0, 0
2660, 4, 440, 630, 75, 0, 2.89%, 0, 0, 10, 110.91, 379564, 1896, 0, 0
2665, 4, 262, 630, 74, 0, 2.89%, 0, 0, 10, 124.11, 380198, 1896, 0, 0
2670, 4, 109, 630, 74, 0, 2.89%, 0, 0, 10, 112.83, 380775, 1896, 0, 0
2675, 4, 263, 630, 72, 0, 2.89%, 0, 0, 10, 113.71, 381338, 1896, 0, 0
2680, 4, 85, 630, 71, 0, 2.89%, 0, 0, 10, 122.70, 382123, 1896, 0, 0
2685, 4, 335, 631, 72, 0, 2.89%, 0, 0, 10, 109.31, 382654, 1896, 0, 0
2690, 4, 627, 631, 70, 0, 2.89%, 0, 0, 10, 109.45, 383190, 1896, 0, 0
2689, 4, 108, 631, 69, 0, 2.89%, 0, 0, 10, 0.00, 383208, 1896, 0, 0
2695, 4, 217, 631, 69, 0, 2.89%, 0, 0, 10, 112.90, 383820, 1896, 0, 0
2700, 4, 405, 632, 69, 0, 2.89%, 0, 0, 11, 116.34, 384403, 1896, 0, 0
2705, 4, 207, 632, 69, 0, 2.89%, 0, 0, 11, 108.35, 384992, 1896, 0, 0
2710, 4, 535, 632, 69, 0, 2.89%, 0, 0, 11, 102.63, 385490, 1896, 0, 0
2715, 4, 386, 632, 69, 0, 2.89%, 0, 0, 11, 102.18, 386029, 1896, 0, 0
2720, 4, 313, 633, 69, 0, 2.89%, 0, 0, 11, 107.33, 386731, 1896, 0, 0
2725, 4, 136, 634, 70, 0, 2.89%, 0, 0, 11, 113.00, 387304, 1896, 0, 0
2730, 4, 629, 635, 71, 0, 2.89%, 0, 0, 11, 122.05, 387930, 1896, 0, 0
2736, 4, 91, 635, 70, 0, 2.89%, 0, 0, 11, 114.35, 388478, 1896, 0, 0
2741, 4, 611, 635, 68, 0, 2.89%, 0, 0, 11, 113.41, 389056, 1896, 0, 0
2746, 4, 611, 637, 70, 0, 2.89%, 0, 0, 11, 98.50, 389552, 1896, 0, 0
2751, 4, 607, 637, 69, 0, 2.89%, 0, 0, 11, 104.58, 390223, 1896, 0, 0
2756, 4, 171, 637, 69, 0, 2.89%, 0, 0, 11, 112.36, 390790, 1896, 0, 0
2761, 4, 158, 637, 67, 0, 2.89%, 0, 0, 11, 110.20, 391358, 1896, 0, 0
2766, 4, 440, 637, 65, 0, 2.89%, 0, 0, 11, 122.16, 392010, 1896, 0, 0
2772, 4, 598, 637, 64, 0, 2.89%, 0, 0, 11, 125.11, 392661, 1896, 0, 0
2777, 4, 150, 638, 64, 0, 2.89%, 0, 0, 11, 118.45, 393261, 1896, 0, 0
2775, 4, 150, 638, 64, 0, 2.89%, 0, 0, 11, 0.00, 393267, 1896, 0, 0
2780, 4, 625, 638, 63, 0, 2.89%, 0, 0, 11, 114.13, 393882, 1896, 0, 0
2785, 4, 65, 639, 62, 0, 2.90%, 0, 0, 11, 116.57, 394466, 1903, 0, 0
2791, 4, 534, 639, 61, 0, 2.90%, 0, 0, 11, 125.64, 395129, 1903, 0, 0
2796, 4, 310, 639, 61, 0, 2.90%, 0, 0, 11, 113.36, 395714, 1903, 0, 0
2801, 4, 190, 639, 61, 0, 2.90%, 0, 0, 11, 115.56, 396298, 1903, 0, 0
2806, 4, 489, 639, 59, 0, 2.90%, 0, 0, 11, 118.43, 397032, 1903, 0, 0
2811, 4, 612, 639, 58, 0, 2.90%, 0, 0, 11, 120.00, 397636, 1903, 0, 0
2816, 4, 215, 640, 58, 0, 2.90%, 0, 0, 11, 113.45, 398202, 1903, 0, 0
2821, 4, 248, 640, 58, 0, 2.90%, 0, 0, 11, 110.74, 398785, 1903, 0, 0
2826, 4, 120, 640, 57, 0, 2.90%, 0, 0, 11, 102.96, 399326, 1903, 0, 0
2832, 4, 442, 640, 56, 0, 2.90%, 0, 0, 11, 104.59, 399859, 1903, 0, 0
2837, 4, 383, 640, 55, 0, 2.90%, 0, 0, 11, 123.92, 400680, 1903, 0, 0
2842, 4, 287, 640, 54, 0, 2.90%, 0, 0, 11, 129.92, 401365, 1903, 0, 0
2847, 4, 280, 640, 53, 0, 2.90%, 0, 0, 11, 120.49, 401954, 1903, 0, 0
2852, 4, 312, 640, 53, 0, 2.90%, 0, 0, 11, 119.61, 402572, 1903, 0, 0
2857, 4, 198, 641, 53, 0, 2.90%, 0, 0, 11, 115.44, 403143, 1903, 0, 0
2862, 4, 538, 641, 53, 0, 2.90%, 0, 0, 11, 107.78, 403687, 1903, 0, 0
2862, 4, 468, 641, 53, 0, 2.90%, 0, 0, 11, 0.00, 403721, 1903, 0, 0
2861, 4, 468, 641, 53, 0, 2.90%, 0, 0, 11, 0.00, 403722, 1903, 0, 0
2866, 4, 545, 641, 53, 0, 2.90%, 0, 0, 11, 100.47, 404247, 1903, 0, 0
2871, 4, 579, 641, 52, 0, 2.90%, 0, 0, 11, 102.78, 404772, 1903, 0, 0
2876, 4, 569, 641, 50, 0, 2.90%, 0, 0, 11, 107.42, 405337, 1903, 0, 0
2881, 4, 450, 641, 48, 0, 2.90%, 0, 0, 11, 117.14, 405954, 1903, 0, 0
2886, 4, 275, 641, 48, 0, 2.90%, 0, 0, 11, 105.46, 406496, 1903, 0, 0
2892, 4, 219, 641, 47, 0, 2.90%, 0, 0, 11, 106.99, 407282, 1903, 0, 0
2897, 4, 198, 641, 47, 0, 2.90%, 0, 0, 11, 117.60, 407878, 1903, 0, 0
2902, 4, 328, 641, 47, 0, 2.90%, 0, 0, 11, 122.23, 408517, 1903, 0, 0
2907, 5, 118, 641, 46, 0, 2.90%, 0, 0, 11, 85.89, 409079, 1903, 0, 0
2912, 5, 210, 641, 46, 0, 2.90%, 0, 0, 11, 107.90, 409655, 1903, 0, 0
2917, 5, 166, 641, 46, 0, 2.90%, 0, 0, 11, 105.53, 410208, 1903, 0, 0
2922, 5, 129, 642, 45, 0, 2.90%, 0, 0, 11, 116.58, 410965, 1903, 0, 0
2927, 5, 607, 642, 44, 0, 2.90%, 0, 0, 11, 121.65, 411602, 1903, 0, 0
2932, 5, 357, 642, 44, 0, 2.90%, 0, 0, 11, 127.30, 412274, 1903, 0, 0
2937, 5, 531, 643, 45, 0, 2.90%, 0, 0, 11, 122.52, 412875, 1903, 0, 0
2943, 5, 216, 643, 44, 0, 2.90%, 0, 0, 11, 126.79, 413545, 1903, 0, 0
2948, 5, 640, 643, 44, 0, 2.90%, 0, 0, 11, 120.02, 414165, 1903, 0, 0
2947, 5, 640, 643, 44, 0, 2.90%, 0, 0, 11, 0.00, 414197, 1903, 0, 0
2947, 5, 640, 643, 44, 0, 2.90%, 0, 0, 11, 0.00, 414198, 1903, 0, 0
2952, 5, 66, 644, 43, 0, 2.90%, 0, 0, 11, 99.28, 414731, 1903, 0, 0
2957, 5, 468, 644, 42, 0, 2.90%, 0, 0, 11, 111.26, 415306, 1903, 0, 0
2962, 5, 350, 644, 42, 0, 2.90%, 0, 0, 11, 121.54, 415954, 1903, 0, 0
2967, 5, 644, 645, 43, 0, 2.90%, 0, 0, 11, 116.95, 416543, 1903, 0, 0
2973, 5, 207, 645, 41, 0, 2.90%, 0, 0, 11, 120.36, 417170, 1903, 0, 0
2978, 5, 405, 645, 40, 0, 2.90%, 0, 0, 11, 100.94, 417850, 1903, 0, 0
2983, 5, 464, 645, 40, 0, 2.90%, 0, 0, 11, 114.72, 418444, 1903, 0, 0
2988, 5, 224, 645, 40, 0, 2.90%, 0, 0, 11, 101.30, 418933, 1903, 0, 0
2993, 5, 450, 645, 40, 0, 2.90%, 0, 0, 11, 118.63, 419544, 1903, 0, 0
2998, 5, 444, 645, 39, 0, 2.90%, 0, 0, 11, 119.98, 420151, 1903, 0, 0
3003, 5, 139, 645, 39, 0, 2.90%, 0, 0, 11, 127.74, 420805, 1903, 0, 0
3008, 5, 210, 645, 38, 0, 2.90%, 0, 0, 11, 96.06, 421474, 1903, 0, 0
3013, 5, 304, 645, 38, 0, 2.90%, 0, 0, 11, 120.57, 422131, 1903, 0, 0
3019, 5, 438, 645, 37, 0, 2.90%, 0, 0, 11, 103.71, 422653, 1903, 0, 0
3024, 5, 643, 645, 35, 0, 2.90%, 0, 0, 11, 111.63, 423244, 1903, 0, 0
3029, 5, 451, 645, 34, 0, 2.90%, 0, 0, 11, 108.48, 423793, 1903, 0, 0
3034, 5, 491, 645, 33, 0, 2.90%, 0, 0, 11, 121.30, 424482, 1903, 0, 0
3039, 5, 468, 646, 34, 0, 2.90%, 0, 0, 11, 113.07, 425035, 1903, 0, 0
3044, 5, 393, 646, 33, 0, 2.90%, 0, 0, 11, 116.18, 425633, 1903, 0, 0
3049, 5, 538, 646, 32, 0, 2.90%, 0, 0, 11, 105.29, 426150, 1903, 0, 0
3054, 5, 136, 646, 32, 0, 2.90%, 0, 0, 11, 106.55, 426698, 1903, 0, 0
3059, 5, 228, 646, 32, 0, 2.90%, 0, 0, 11, 108.27, 427250, 1903, 0, 0
3064, 5, 166, 646, 31, 0, 2.90%, 0, 0, 11, 101.79, 427943, 1903, 0, 0
3070, 5, 609, 646, 31, 0, 2.90%, 0, 0, 11, 118.40, 428567, 1903, 0, 0
3075, 5, 405, 646, 30, 0, 2.90%, 0, 0, 11, 119.91, 429178, 1903, 0, 0
3080, 5, 501, 646, 30, 0, 2.90%, 0, 0, 11, 123.09, 429783, 1903, 0, 0
3085, 5, 642, 647, 31, 0, 2.90%, 0, 0, 11, 112.81, 430370, 1903, 0, 0
3090, 5, 533, 647, 30, 0, 2.90%, 0, 0, 11, 123.47, 431033, 1903, 0, 0
3089, 5, 75, 647, 30, 0, 2.90%, 0, 0, 11, 0.00, 431136, 1903, 0, 0
3095, 5, 605, 648, 31, 0, 2.90%, 0, 0, 11, 119.01, 431737, 1903, 0, 0
3100, 5, 605, 650, 33, 0, 2.90%, 0, 0, 11, 115.30, 432307, 1903, 0, 0
3105, 5, 148, 650, 31, 0, 2.90%, 0, 0, 11, 119.40, 432930, 1903, 0, 0
3110, 5, 606, 650, 31, 0, 2.90%, 0, 0, 11, 116.50, 433543, 1903, 0, 0
3115, 5, 578, 650, 31, 0, 2.90%, 0, 0, 11, 107.91, 434090, 1903, 0, 0
3120, 5, 477, 651, 31, 0, 2.90%, 0, 0, 11, 95.01, 434803, 1903, 0, 0
3125, 5, 172, 651, 30, 0, 2.90%, 0, 0, 11, 116.24, 435396, 1903, 0, 0
3130, 5, 492, 651, 29, 0, 2.90%, 0, 0, 11, 119.12, 436018, 1903, 0, 0
3136, 5, 505, 651, 29, 0, 2.90%, 0, 0, 11, 120.23, 436652, 1903, 0, 0
3141, 5, 368, 651, 28, 0, 2.90%, 0, 0, 11, 118.06, 437223, 1903, 0, 0
3146, 5, 217, 651, 28, 0, 2.90%, 0, 0, 11, 121.27, 437867, 1903, 0, 0
3151, 5, 194, 651, 28, 0, 2.90%, 0, 0, 11, 116.73, 438655, 1903, 0, 0
3156, 5, 52, 651, 27, 0, 2.90%, 0, 0, 11, 105.92, 439200, 1903, 0, 0
3161, 5, 440, 651, 27, 0, 2.90%, 0, 0, 11, 107.93, 439723, 1903, 0, 0
3166, 5, 442, 651, 27, 0, 2.90%, 0, 0, 11, 106.26, 440264, 1903, 0, 0
3171, 5, 198, 651, 27, 0, 2.90%, 0, 0, 11, 112.37, 440836, 1903, 0, 0
3176, 5, 463, 651, 26, 0, 2.90%, 0, 0, 11, 116.50, 441446, 1903, 0, 0
3175, 5, 463, 651, 26, 0, 2.90%, 0, 0, 11, 0.00, 441488, 1903, 0, 0
3180, 5, 358, 651, 25, 0, 2.90%, 0, 0, 11, 122.81, 442135, 1903, 0, 0
3186, 5, 465, 651, 25, 0, 2.90%, 0, 0, 11, 108.70, 442717, 1903, 0, 0
3191, 5, 609, 651, 24, 0, 2.90%, 0, 0, 11, 106.35, 443245, 1903, 0, 0
3196, 5, 130, 651, 23, 0, 2.90%, 0, 0, 11, 110.44, 443815, 1903, 0, 0
3201, 5, 481, 651, 23, 0, 2.90%, 0, 0, 11, 102.52, 444334, 1903, 0, 0
3206, 5, 75, 651, 21, 0, 2.90%, 0, 0, 11, 113.23, 445053, 1903, 0, 0
3211, 5, 230, 651, 20, 0, 2.90%, 0, 0, 11, 112.20, 445655, 1903, 0, 0
3216, 5, 490, 651, 19, 0, 2.90%, 0, 0, 11, 107.34, 446209, 1903, 0, 0
3221, 5, 636, 651, 19, 0, 2.90%, 0, 0, 11, 109.25, 446733, 1903, 0, 0
3226, 5, 440, 651, 19, 0, 2.90%, 0, 0, 11, 106.49, 447277, 1903, 0, 0
3231, 5, 207, 651, 18, 0, 2.90%, 0, 0, 11, 116.70, 447889, 1903, 0, 0
3237, 5, 573, 651, 18, 0, 2.90%, 0, 0, 11, 123.84, 448682, 1903, 0, 0
3242, 5, 152, 652, 17, 0, 2.91%, 0, 0, 11, 121.69, 449325, 1907, 0, 0
3247, 5, 647, 654, 19, 0, 2.91%, 0, 0, 11, 104.60, 449844, 1907, 0, 0
3252, 5, 135, 654, 18, 0, 2.91%, 0, 0, 11, 115.86, 450457, 1907, 0, 0
3257, 5, 95, 654, 18, 0, 2.91%, 0, 0, 11, 111.71, 451021, 1907, 0, 0
3262, 5, 140, 654, 17, 0, 2.91%, 0, 0, 11, 122.53, 451814, 1907, 0, 0
3267, 5, 295, 654, 16, 0, 2.91%, 0, 0, 11, 118.43, 452429, 1907, 0, 0
3272, 5, 468, 654, 16, 0, 2.91%, 0, 0, 11, 104.05, 452942, 1907, 0, 0
3278, 5, 62, 654, 16, 0, 2.91%, 0, 0, 11, 99.34, 453445, 1907, 0, 0
3283, 5, 526, 654, 16, 0, 2.91%, 0, 0, 11, 115.17, 454078, 1907, 0, 0
3288, 5, 366, 654, 16, 0, 2.91%, 0, 0, 11, 103.66, 454570, 1907, 0, 0
3293, 5, 651, 654, 16, 0, 2.91%, 0, 0, 11, 131.36, 455410, 1907, 0, 0
3298, 5, 531, 654, 16, 0, 2.91%, 0, 0, 11, 125.01, 456013, 1907, 0, 0
3303, 5, 582, 654, 16, 0, 2.91%, 0, 0, 11, 125.90, 456672, 1907, 0, 0
3308, 5, 309, 655, 16, 0, 2.91%, 0, 0, 11, 122.63, 457297, 1907, 0, 0
3314, 5, 596, 655, 16, 0, 2.91%, 0, 0, 11, 129.03, 457961, 1907, 0, 0
3319, 5, 651, 655, 15, 0, 2.91%, 0, 0, 11, 118.30, 458540, 1907, 0, 0
3318, 5, 651, 655, 15, 0, 2.91%, 0, 0, 11, 0.00, 458630, 1907, 0, 0
3323, 5, 636, 655, 14, 0, 2.91%, 0, 0, 11, 123.32, 459264, 1907, 0, 0
3328, 5, 582, 655, 14, 0, 2.91%, 0, 0, 11, 122.72, 459878, 1907, 0, 0
3333, 5, 531, 655, 14, 0, 2.91%, 0, 0, 11, 126.17, 460506, 1907, 0, 0
3338, 5, 261, 655, 14, 0, 2.91%, 0, 0, 11, 123.82, 461150, 1907, 0, 0
3344, 5, 636, 655, 14, 0, 2.91%, 0, 0, 11, 122.78, 461792, 1907, 0, 0
3349, 5, 520, 655, 14, 0, 2.91%, 0, 0, 11, 101.81, 462456, 1907, 0, 0
3354, 5, 651, 656, 15, 0, 2.91%, 0, 0, 11, 114.62, 463029, 1907, 0, 0
3359, 5, 108, 656, 15, 0, 2.91%, 0, 0, 11, 125.45, 463686, 1907, 0, 0
3364, 5, 501, 656, 15, 0, 2.91%, 0, 0, 11, 123.30, 464331, 1907, 0, 0
3369, 5, 233, 656, 15, 0, 2.91%, 0, 0, 11, 120.01, 464931, 1907, 0, 0
3374, 5, 232, 656, 15, 0, 2.91%, 0, 0, 11, 121.38, 465572, 1907, 0, 0
3379, 5, 366, 656, 14, 0, 2.91%, 0, 0, 11, 91.88, 466204, 1907, 0, 0
3385, 5, 479, 656, 14, 0, 2.91%, 0, 0, 11, 113.60, 466824, 1907, 0, 0
3390, 5, 538, 656, 14, 0, 2.91%, 0, 0, 11, 107.84, 467383, 1907, 0, 0
3395, 5, 38, 656, 14, 0, 2.91%, 0, 0, 11, 96.59, 467873, 1907, 0, 0
3400, 5, 218, 656, 13, 0, 2.91%, 0, 0, 11, 88.48, 468318, 1907, 0, 0
3405, 5, 158, 656, 13, 0, 2.91%, 0, 0, 11, 98.20, 468981, 1907, 0, 0
3410, 5, 142, 656, 13, 0, 2.91%, 0, 0, 11, 96.98, 469473, 1907, 0, 0
3415, 5, 606, 656, 13, 0, 2.91%, 0, 0, 11, 102.17, 470000, 1907, 0, 0
3420, 5, 534, 656, 12, 0, 2.91%, 0, 0, 11, 109.43, 470565, 1907, 0, 0
3425, 5, 139, 656, 12, 0, 2.91%, 0, 0, 11, 101.92, 471075, 1907, 0, 0
3431, 5, 465, 656, 12, 0, 2.91%, 0, 0, 11, 112.55, 471665, 1907, 0, 0
3436, 5, 606, 656, 12, 0, 2.91%, 0, 0, 11, 101.67, 472344, 1907, 0, 0
3441, 5, 467, 656, 12, 0, 2.91%, 0, 0, 11, 104.01, 472864, 1907, 0, 0
3446, 5, 582, 656, 11, 0, 2.91%, 0, 0, 11, 111.67, 473449, 1907, 0, 0
3451, 5, 206, 657, 12, 0, 2.91%, 0, 0, 11, 116.92, 474051, 1908, 0, 0
3456, 5, 368, 657, 11, 0, 2.91%, 0, 0, 11, 121.09, 474684, 1908, 0, 0
3461, 5, 569, 657, 11, 0, 2.91%, 0, 0, 11, 119.04, 475298, 1908, 0, 0
3461, 5, 108, 657, 11, 0, 2.91%, 0, 0, 11, 0.00, 475388, 1908, 0, 0
3466, 5, 520, 657, 10, 0, 2.91%, 0, 0, 11, 119.35, 475991, 1908, 0, 0
3471, 5, 607, 657, 9, 0, 2.91%, 0, 0, 11, 121.84, 476619, 1908, 0, 0
3476, 5, 50, 657, 9, 0, 2.91%, 0, 0, 11, 116.43, 477231, 1908, 0, 0
3481, 5, 70, 657, 8, 0, 2.91%, 0, 0, 11, 116.32, 477803, 1908, 0, 0
3486, 5, 386, 657, 8, 0, 2.91%, 0, 0, 11, 109.08, 478360, 1908, 0, 0
3491, 5, 120, 657, 7, 0, 2.91%, 0, 0, 11, 110.52, 479145, 1908, 0, 0
3496, 5, 206, 657, 7, 0, 2.91%, 0, 0, 11, 104.77, 479713, 1908, 0, 0
3502, 5, 473, 657, 7, 0, 2.91%, 0, 0, 11, 103.66, 480225, 1908, 0, 0
3507, 5, 216, 657, 7, 0, 2.91%, 0, 0, 11, 68.85, 480681, 1908, 0, 0
3512, 6, 112, 657, 6, 0, 2.91%, 0, 0, 11, 88.15, 481189, 1908, 0, 0
3517, 6, 538, 657, 6, 0, 2.91%, 0, 0, 11, 102.46, 481741, 1908, 0, 0
3522, 6, 530, 657, 6, 0, 2.91%, 0, 0, 11, 114.51, 482531, 1908, 0, 0
3527, 6, 357, 657, 5, 0, 2.91%, 0, 0, 11, 109.78, 483052, 1908, 0, 0
3532, 6, 262, 657, 5, 0, 2.91%, 0, 0, 11, 125.18, 483722, 1908, 0, 0
3538, 6, 538, 657, 4, 0, 2.91%, 0, 0, 11, 116.63, 484323, 1908, 0, 0
3543, 6, 405, 657, 4, 0, 2.91%, 0, 0, 11, 118.78, 484917, 1908, 0, 0
3548, 6, 166, 657, 4, 0, 2.91%, 0, 0, 11, 123.81, 485561, 1908, 0, 0
3547, 6, 166, 657, 4, 0, 2.91%, 0, 0, 11, 0.00, 485563, 1908, 0, 0
3546, 6, 166, 657, 4, 0, 2.91%, 0, 0, 11, 0.00, 485567, 1908, 0, 0
3552, 6, 466, 657, 4, 0, 2.91%, 0, 0, 11, 120.75, 486192, 1908, 0, 0
3557, 6, 467, 657, 4, 0, 2.91%, 0, 0, 11, 111.45, 486757, 1908, 0, 0
3562, 6, 638, 657, 4, 0, 2.91%, 0, 0, 11, 109.93, 487316, 1908, 0, 0
3567, 6, 273, 657, 4, 0, 2.91%, 0, 0, 11, 107.21, 487842, 1908, 0, 0
3572, 6, 217, 657, 3, 0, 2.91%, 0, 0, 11, 103.69, 488364, 1908, 0, 0
3577, 6, 124, 657, 3, 0, 2.91%, 0, 0, 11, 91.37, 489062, 1908, 0, 0
3582, 6, 461, 657, 3, 0, 2.91%, 0, 0, 11, 116.40, 489691, 1908, 0, 0
3587, 6, 125, 657, 3, 0, 2.91%, 0, 0, 11, 108.07, 490247, 1908, 0, 0
3592, 6, 450, 657, 3, 0, 2.91%, 0, 0, 11, 111.42, 490796, 1908, 0, 0
3597, 6, 579, 657, 3, 0, 2.91%, 0, 0, 11, 109.33, 491387, 1908, 0, 0
3602, 6, 215, 657, 3, 0, 2.91%, 0, 0, 11, 120.49, 492017, 1908, 0, 0
3607, 6, 590, 657, 3, 0, 2.91%, 0, 0, 11, 105.91, 492766, 1908, 0, 0
3613, 6, 167, 658, 4, 0, 2.91%, 0, 0, 11, 118.45, 493388, 1908, 0, 0
3618, 6, 492, 658, 4, 0, 2.91%, 0, 0, 11, 103.23, 493907, 1908, 0, 0
3623, 6, 636, 658, 4, 0, 2.91%, 0, 0, 11, 111.25, 494459, 1908, 0, 0
3628, 6, 426, 658, 4, 0, 2.91%, 0, 0, 11, 118.58, 495077, 1908, 0, 0
3633, 6, 609, 658, 4, 0, 2.91%, 0, 0, 11, 124.72, 495719, 1908, 0, 0
3633, 6, 607, 658, 4, 0, 2.91%, 0, 0, 11, 0.00, 495775, 1908, 0, 0
3632, 6, 607, 658, 4, 0, 2.91%, 0, 0, 11, 0.00, 495776, 1908, 0, 0
3637, 6, 442, 658, 4, 0, 2.91%, 0, 0, 11, 106.95, 496335, 1908, 0, 0
3642, 6, 492, 658, 4, 0, 2.91%, 0, 0, 11, 102.82, 496847, 1908, 0, 0
3647, 6, 213, 658, 4, 0, 2.91%, 0, 0, 11, 103.63, 497367, 1908, 0, 0
3652, 6, 549, 658, 4, 0, 2.91%, 0, 0, 11, 107.63, 497940, 1908, 0, 0
3657, 6, 52, 658, 4, 0, 2.91%, 0, 0, 11, 99.52, 498448, 1908, 0, 0
3663, 6, 203, 658, 4, 0, 2.91%, 0, 0, 11, 123.86, 499197, 1908, 0, 0
3668, 6, 532, 658, 4, 0, 2.91%, 0, 0, 11, 124.41, 499839, 1908, 0, 0
3673, 6, 492, 658, 4, 0, 2.91%, 0, 0, 11, 114.02, 500443, 1908, 0, 0
3678, 6, 465, 658, 4, 0, 2.91%, 0, 0, 11, 112.93, 500996, 1908, 0, 0
3683, 6, 451, 658, 4, 0, 2.91%, 0, 0, 11, 121.97, 501623, 1908, 0, 0
3688, 6, 450, 658, 3, 0, 2.91%, 0, 0, 11, 115.91, 502231, 1908, 0, 0
3693, 6, 357, 658, 3, 0, 2.91%, 0, 0, 11, 119.24, 502984, 1908, 0, 0
3698, 6, 235, 658, 3, 0, 2.91%, 0, 0, 11, 112.45, 503533, 1908, 0, 0
3703, 6, 198, 658, 3, 0, 2.91%, 0, 0, 11, 114.17, 504102, 1908, 0, 0
3708, 6, 66, 658, 3, 0, 2.91%, 0, 0, 11, 117.76, 504687, 1908, 0, 0
3713, 6, 533, 658, 3, 0, 2.91%, 0, 0, 11, 124.74, 505338, 1908, 0, 0
3718, 6, 156, 658, 3, 0, 2.91%, 0, 0, 11, 110.99, 505867, 1908, 0, 0
3718, 6, 462, 658, 3, 0, 2.91%, 0, 0, 11, 0.00, 505951, 1908, 0, 0
3723, 6, 194, 658, 3, 0, 2.91%, 0, 0, 11, 107.92, 506519, 1908, 0, 0
3728, 6, 198, 658, 3, 0, 2.91%, 0, 0, 11, 104.78, 507061, 1908, 0, 0
3733, 6, 165, 658, 3, 0, 2.91%, 0, 0, 11, 101.40, 507600, 1908, 0, 0
3738, 6, 230, 658, 3, 0, 2.91%, 0, 0, 11, 115.00, 508168, 1908, 0, 0
3743, 6, 232, 658, 3, 0, 2.91%, 0, 0, 11, 111.21, 508768, 1908, 0, 0
3748, 6, 305, 658, 3, 0, 2.91%, 0, 0, 11, 121.32, 509516, 1908, 0, 0
3753, 6, 243, 658, 3, 0, 2.91%, 0, 0, 11, 123.19, 510122, 1908, 0, 0
3759, 6, 531, 658, 3, 0, 2.91%, 0, 0, 11, 122.96, 510746, 1908, 0, 0
3764, 6, 457, 658, 3, 0, 2.91%, 0, 0, 11, 121.06, 511367, 1908, 0, 0
3769, 6, 651, 658, 3, 0, 2.91%, 0, 0, 11, 108.94, 511921, 1908, 0, 0
3774, 6, 657, 658, 3, 0, 2.91%, 0, 0, 11, 114.49, 512523, 1908, 0, 0
3779, 6, 657, 660, 5, 0, 2.91%, 0, 0, 11, 95.58, 513171, 1908, 0, 0
3784, 6, 440, 660, 4, 0, 2.91%, 0, 0, 11, 94.10, 513660, 1908, 0, 0
3790, 6, 532, 660, 4, 0, 2.91%, 0, 0, 11, 102.45, 514207, 1908, 0, 0
3795, 6, 491, 660, 4, 0, 2.91%, 0, 0, 11, 113.54, 514788, 1908, 0, 0
3800, 6, 133, 660, 4, 0, 2.91%, 0, 0, 11, 114.88, 515347, 1908, 0, 0
3805, 6, 135, 660, 4, 0, 2.91%, 0, 0, 11, 104.94, 516072, 1908, 0, 0
3810, 6, 241, 660, 4, 0, 2.91%, 0, 0, 11, 109.69, 516616, 1908, 0, 0
3815, 6, 313, 660, 4, 0, 2.91%, 0, 0, 11, 107.57, 517158, 1908, 0, 0
3820, 6, 442, 660, 4, 0, 2.91%, 0, 0, 11, 103.73, 517679, 1908, 0, 0
3825, 6, 571, 660, 3, 0, 2.91%, 0, 0, 11, 104.58, 518209, 1908, 0, 0
3830, 6, 502, 660, 3, 0, 2.91%, 0, 0, 11, 99.79, 518719, 1908, 0, 0
3835, 6, 205, 660, 3, 0, 2.91%, 0, 0, 11, 103.10, 519435, 1908, 0, 0
3840, 6, 136, 660, 3, 0, 2.91%, 0, 0, 11, 114.44, 520012, 1908, 0, 0
3845, 6, 166, 660, 3, 0, 2.91%, 0, 0, 11, 126.03, 520681, 1908, 0, 0
3851, 6, 570, 660, 3, 0, 2.91%, 0, 0, 11, 123.74, 521307, 1908, 0, 0
3856, 6, 457, 660, 3, 0, 2.91%, 0, 0, 11, 120.82, 521923, 1908, 0, 0
3861, 6, 248, 660, 3, 0, 2.91%, 0, 0, 11, 102.84, 522416, 1908, 0, 0
3860, 6, 21, 660, 3, 0, 2.91%, 0, 0, 11, 0.00, 522510, 1908, 0, 0
3865, 6, 248, 660, 3, 0, 2.91%, 0, 0, 11, 101.00, 523052, 1908, 0, 0
3870, 6, 501, 660, 3, 0, 2.91%, 0, 0, 11, 103.92, 523570, 1908, 0, 0
3875, 6, 242, 660, 3, 0, 2.91%, 0, 0, 11, 107.69, 524117, 1908, 0, 0
3880, 6, 386, 660, 3, 0, 2.91%, 0, 0, 11, 102.20, 524615, 1908, 0, 0
3886, 6, 549, 660, 3, 0, 2.91%, 0, 0, 11, 102.22, 525138, 1908, 0, 0
3891, 6, 497, 660, 3, 0, 2.91%, 0, 0, 11, 112.27, 525925, 1908, 0, 0
3896, 6, 452, 660, 3, 0, 2.91%, 0, 0, 11, 117.15, 526531, 1908, 0, 0
3901, 6, 216, 660, 3, 0, 2.91%, 0, 0, 11, 120.83, 527143, 1908, 0, 0
3906, 6, 462, 660, 3, 0, 2.91%, 0, 0, 11, 118.05, 527753, 1908, 0, 0
3911, 6, 520, 660, 3, 0, 2.91%, 0, 0, 11, 108.52, 528269, 1908, 0, 0
3916, 6, 136, 660, 3, 0, 2.91%, 0, 0, 11, 107.33, 528800, 1908, 0, 0
3921, 6, 313, 660, 3, 0, 2.91%, 0, 0, 11, 102.88, 529526, 1908, 0, 0
3926, 6, 636, 660, 3, 0, 2.91%, 0, 0, 11, 99.94, 530021, 1908, 0, 0
3931, 6, 239, 660, 3, 0, 2.91%, 0, 0, 11, 120.07, 530679, 1908, 0, 0
3937, 6, 242, 660, 3, 0, 2.91%, 0, 0, 11, 114.39, 531287, 1908, 0, 0
3942, 6, 543, 660, 2, 0, 2.91%, 0, 0, 11, 106.22, 531805, 1908, 0, 0
3947, 6, 241, 660, 2, 0, 2.91%, 0, 0, 11, 102.38, 532314, 1908, 0, 0
3946, 6, 451, 660, 2, 0, 2.91%, 0, 0, 11, 0.00, 532380, 1908, 0, 0
3951, 6, 316, 660, 2, 0, 2.91%, 0, 0, 11, 111.77, 532985, 1908, 0, 0
3956, 6, 207, 660, 2, 0, 2.91%, 0, 0, 11, 110.98, 533551, 1908, 0, 0
3961, 6, 150, 661, 3, 0, 2.91%, 0, 0, 11, 121.71, 534192, 1908, 0, 0
3966, 6, 533, 661, 3, 0, 2.91%, 0, 0, 11, 111.16, 534732, 1908, 0, 0
3971, 6, 158, 661, 3, 0, 2.91%, 0, 0, 11, 110.04, 535294, 1908, 0, 0
3976, 6, 128, 661, 3, 0, 2.91%, 0, 0, 11, 108.53, 536006, 1908, 0, 0
3981, 6, 120, 661, 3, 0, 2.91%, 0, 0, 11, 116.33, 536596, 1908, 0, 0
3987, 6, 490, 661, 3, 0, 2.91%, 0, 0, 11, 118.89, 537206, 1908, 0, 0
3992, 6, 139, 661, 3, 0, 2.91%, 0, 0, 11, 120.75, 537842, 1908, 0, 0
3997, 6, 660, 661, 3, 0, 2.91%, 0, 0, 11, 104.52, 538361, 1908, 0, 0
4002, 6, 517, 661, 2, 0, 2.91%, 0, 0, 11, 110.14, 538945, 1908, 0, 0
4007, 6, 659, 661, 2, 0, 2.91%, 0, 0, 11, 105.41, 539654, 1908, 0, 0
4012, 6, 423, 663, 3, 0, 2.91%, 0, 0, 11, 122.26, 540300, 1908, 0, 0
4017, 6, 232, 663, 3, 0, 2.91%, 0, 0, 11, 119.41, 540916, 1908, 0, 0
4023, 6, 492, 663, 3, 0, 2.91%, 0, 0, 11, 114.85, 541514, 1908, 0, 0
4028, 6, 120, 663, 3, 0, 2.91%, 0, 0, 11, 104.14, 542018, 1908, 0, 0
4033, 6, 662, 665, 5, 0, 2.91%, 0, 0, 12, 111.23, 542572, 1908, 0, 0
4031, 6, 662, 665, 5, 0, 2.91%, 0, 0, 12, 0.00, 542607, 1908, 0, 0
4036, 6, 662, 668, 8, 0, 2.91%, 0, 0, 12, 107.65, 543156, 1908, 0, 0
4042, 6, 662, 668, 8, 0, 2.91%, 0, 0, 12, 119.02, 543770, 1908, 0, 0
4047, 6, 662, 668, 8, 0, 2.91%, 0, 0, 12, 106.71, 544336, 1908, 0, 0
4052, 6, 662, 668, 8, 0, 2.91%, 0, 0, 12, 106.79, 544872, 1908, 0, 0
4057, 6, 662, 669, 9, 0, 2.91%, 0, 0, 12, 100.55, 545379, 1908, 0, 0
4062, 6, 662, 669, 9, 0, 2.91%, 0, 0, 12, 97.56, 545978, 1908, 0, 0
4067, 6, 662, 669, 9, 0, 2.91%, 0, 0, 12, 113.43, 546557, 1908, 0, 0
4072, 6, 636, 669, 8, 0, 2.91%, 0, 0, 12, 124.48, 547215, 1908, 0, 0
4078, 6, 373, 669, 8, 0, 2.91%, 0, 0, 12, 113.21, 547808, 1908, 0, 0
4083, 6, 661, 669, 8, 0, 2.91%, 0, 0, 12, 122.70, 548468, 1908, 0, 0
4088, 6, 527, 669, 7, 0, 2.91%, 0, 0, 12, 110.10, 549022, 1908, 0, 0
4093, 6, 667, 669, 7, 0, 2.91%, 0, 0, 12, 118.14, 549803, 1908, 0, 0
4098, 6, 609, 669, 6, 0, 2.91%, 0, 0, 12, 108.11, 550344, 1908, 0, 0
4103, 6, 491, 669, 5, 0, 2.91%, 0, 0, 12, 116.02, 550956, 1908, 0, 0
4108, 6, 380, 670, 6, 0, 2.91%, 0, 0, 12, 109.08, 551474, 1908, 0, 0
4113, 6, 475, 670, 6, 0, 2.91%, 0, 0, 12, 117.84, 552063, 1908, 0, 0
4118, 6, 210, 670, 6, 0, 2.91%, 0, 0, 12, 104.15, 552583, 1908, 0, 0
4118, 6, 210, 670, 6, 0, 2.91%, 0, 0, 12, 0.00, 552597, 1908, 0, 0
4117, 6, 210, 670, 6, 0, 2.91%, 0, 0, 12, 0.00, 552598, 1908, 0, 0
4122, 6, 454, 670, 6, 0, 2.91%, 0, 0, 12, 116.91, 553200, 1908, 0, 0
4127, 6, 492, 670, 6, 0, 2.91%, 0, 0, 12, 121.97, 553845, 1908, 0, 0
4133, 6, 450, 670, 6, 0, 2.91%, 0, 0, 12, 124.86, 554488, 1908, 0, 0
4138, 6, 242, 671, 7, 0, 2.91%, 0, 0, 12, 117.07, 555080, 1908, 0, 0
4143, 6, 607, 671, 7, 0, 2.91%, 0, 0, 12, 122.52, 555706, 1908, 0, 0
4148, 6, 607, 671, 7, 0, 2.91%, 0, 0, 12, 104.11, 556416, 1908, 0, 0
4153, 7, 656, 671, 7, 0, 2.91%, 0, 0, 12, 120.42, 557039, 1908, 0, 0
4158, 7, 651, 672, 8, 0, 2.91%, 0, 0, 12, 108.69, 557574, 1910, 0, 0
4163, 7, 135, 672, 7, 0, 2.91%, 0, 0, 12, 116.33, 558170, 1910, 0, 0
4168, 7, 440, 672, 7, 0, 2.91%, 0, 0, 12, 118.33, 558776, 1910, 0, 0
4173, 7, 52, 672, 7, 0, 2.91%, 0, 0, 12, 115.66, 559350, 1910, 0, 0
4178, 7, 66, 673, 8, 0, 2.91%, 0, 0, 12, 95.00, 560031, 1910, 0, 0
4183, 7, 618, 673, 8, 0, 2.91%, 0, 0, 12, 95.68, 560508, 1910, 0, 0
4188, 7, 657, 673, 8, 0, 2.91%, 0, 0, 12, 112.45, 561114, 1910, 0, 0
4194, 7, 530, 673, 8, 0, 2.91%, 0, 0, 12, 124.17, 561776, 1910, 0, 0
4199, 7, 224, 673, 8, 0, 2.91%, 0, 0, 12, 108.12, 562304, 1910, 0, 0
4204, 7, 609, 673, 8, 0, 2.91%, 0, 0, 12, 124.17, 562966, 1910, 0, 0
4203, 7, 531, 673, 8, 0, 2.91%, 0, 0, 12, 0.00, 562992, 1910, 0, 0
4208, 7, 271, 673, 8, 0, 2.91%, 0, 0, 12, 105.89, 563534, 1910, 0, 0
4213, 7, 490, 673, 8, 0, 2.91%, 0, 0, 12, 125.94, 564209, 1910, 0, 0
4218, 7, 221, 673, 8, 0, 2.91%, 0, 0, 12, 122.09, 564819, 1910, 0, 0
4223, 7, 130, 673, 8, 0, 2.91%, 0, 0, 12, 121.86, 565437, 1910, 0, 0
4228, 7, 129, 673, 8, 0, 2.91%, 0, 0, 12, 110.74, 566009, 1910, 0, 0
4233, 7, 140, 673, 8, 0, 2.91%, 0, 0, 12, 106.19, 566765, 1910, 0, 0
4238, 7, 574, 673, 8, 0, 2.91%, 0, 0, 12, 106.79, 567317, 1910, 0, 0
4243, 7, 140, 673, 8, 0, 2.91%, 0, 0, 12, 122.16, 567942, 1910, 0, 0
4248, 7, 93, 673, 8, 0, 2.91%, 0, 0, 12, 123.39, 568582, 1910, 0, 0
4254, 7, 538, 673, 7, 0, 2.91%, 0, 0, 12, 125.94, 569229, 1910, 0, 0
4259, 7, 454, 673, 7, 0, 2.91%, 0, 0, 12, 110.77, 569807, 1910, 0, 0
4264, 7, 197, 674, 7, 0, 2.91%, 0, 0, 12, 104.07, 570487, 1910, 0, 0
4269, 7, 492, 674, 7, 0, 2.91%, 0, 0, 12, 125.09, 571157, 1910, 0, 0
4274, 7, 229, 674, 7, 0, 2.91%, 0, 0, 12, 125.89, 571805, 1910, 0, 0
4279, 7, 158, 674, 7, 0, 2.91%, 0, 0, 12, 114.69, 572379, 1910, 0, 0
4284, 7, 490, 674, 6, 0, 2.91%, 0, 0, 12, 119.07, 572984, 1910, 0, 0
4290, 7, 243, 674, 6, 0, 2.91%, 0, 0, 12, 120.17, 573610, 1910, 0, 0
4289, 7, 243, 674, 6, 0, 2.91%, 0, 0, 12, 0.00, 573620, 1910, 0, 0
4288, 7, 243, 674, 6, 0, 2.91%, 0, 0, 12, 0.00, 573621, 1910, 0, 0
4293, 7, 239, 674, 6, 0, 2.91%, 0, 0, 12, 111.78, 574184, 1910, 0, 0
4298, 7, 205, 674, 6, 0, 2.91%, 0, 0, 12, 113.81, 574727, 1910, 0, 0
4303, 7, 471, 674, 6, 0, 2.91%, 0, 0, 12, 111.19, 575279, 1910, 0, 0
4308, 7, 597, 674, 6, 0, 2.91%, 0, 0, 12, 119.15, 575883, 1910, 0, 0
4313, 7, 137, 674, 6, 0, 2.91%, 0, 0, 12, 125.38, 576541, 1910, 0, 0
4319, 7, 673, 674, 6, 0, 2.91%, 0, 0, 12, 129.18, 577284, 1910, 0, 0
4324, 7, 309, 674, 5, 0, 2.91%, 0, 0, 12, 126.56, 577930, 1910, 0, 0
4329, 7, 135, 674, 5, 0, 2.91%, 0, 0, 12, 125.81, 578541, 1910, 0, 0
4334, 7, 194, 674, 5, 0, 2.91%, 0, 0, 12, 128.01, 579185, 1910, 0, 0
4339, 7, 656, 675, 6, 0, 2.91%, 0, 0, 12, 126.79, 579818, 1910, 0, 0
4344, 7, 449, 675, 5, 0, 2.91%, 0, 0, 12, 126.09, 580480, 1910, 0, 0
4349, 7, 289, 675, 4, 0, 2.91%, 0, 0, 12, 116.14, 581285, 1910, 0, 0
4354, 7, 531, 675, 4, 0, 2.91%, 0, 0, 12, 125.17, 581936, 1910, 0, 0
4359, 7, 148, 675, 4, 0, 2.91%, 0, 0, 12, 108.75, 582458, 1910, 0, 0
4364, 7, 638, 675, 4, 0, 2.91%, 0, 0, 12, 112.92, 583011, 1910, 0, 0
4370, 7, 224, 675, 4, 0, 2.91%, 0, 0, 12, 120.36, 583634, 1910, 0, 0
4375, 7, 517, 675, 3, 0, 2.91%, 0, 0, 12, 127.26, 584299, 1910, 0, 0
4374, 7, 41, 675, 3, 0, 2.91%, 0, 0, 12, 0.00, 584355, 1910, 0, 0
4379, 7, 467, 675, 3, 0, 2.91%, 0, 0, 12, 120.62, 584952, 1910, 0, 0
4384, 7, 549, 675, 3, 0, 2.91%, 0, 0, 12, 124.16, 585612, 1910, 0, 0
4389, 7, 607, 675, 3, 0, 2.91%, 0, 0, 12, 120.89, 586224, 1910, 0, 0
4394, 7, 336, 675, 3, 0, 2.91%, 0, 0, 12, 117.66, 586848, 1910, 0, 0
4400, 7, 448, 675, 3, 0, 2.91%, 0, 0, 12, 113.24, 587404, 1910, 0, 0
4405, 7, 457, 675, 3, 0, 2.91%, 0, 0, 12, 125.84, 588221, 1910, 0, 0
4410, 7, 454, 675, 3, 0, 2.91%, 0, 0, 12, 124.67, 588835, 1910, 0, 0
4415, 7, 534, 675, 3, 0, 2.91%, 0, 0, 12, 117.81, 589460, 1910, 0, 0
4420, 7, 563, 675, 3, 0, 2.91%, 0, 0, 12, 117.01, 590028, 1910, 0, 0
4425, 7, 206, 675, 3, 0, 2.91%, 0, 0, 12, 121.07, 590624, 1910, 0, 0
4430, 7, 74, 675, 3, 0, 2.91%, 0, 0, 12, 126.46, 591253, 1910, 0, 0
4435, 7, 145, 675, 3, 0, 2.91%, 0, 0, 12, 124.04, 592103, 1910, 0, 0
4441, 7, 651, 675, 3, 0, 2.91%, 0, 0, 12, 119.72, 592706, 1910, 0, 0
4446, 7, 638, 675, 3, 0, 2.91%, 0, 0, 12, 119.17, 593304, 1910, 0, 0
4451, 7, 549, 675, 3, 0, 2.91%, 0, 0, 12, 113.32, 593878, 1910, 0, 0
4456, 7, 607, 675, 3, 0, 2.91%, 0, 0, 12, 119.51, 594505, 1910, 0, 0
4461, 7, 267, 675, 3, 0, 2.91%, 0, 0, 12, 104.14, 595214, 1910, 0, 0
4466, 7, 600, 675, 3, 0, 2.91%, 0, 0, 12, 112.56, 595812, 1910, 0, 0
4471, 7, 39, 675, 3, 0, 2.91%, 0, 0, 12, 111.31, 596414, 1910, 0, 0
4476, 7, 216, 675, 3, 0, 2.91%, 0, 0, 12, 106.98, 596929, 1910, 0, 0
4481, 7, 156, 675, 3, 0, 2.91%, 0, 0, 12, 117.46, 597524, 1910, 0, 0
4486, 7, 156, 675, 3, 0, 2.91%, 0, 0, 12, 103.64, 598024, 1910, 0, 0
4491, 7, 579, 675, 3, 0, 2.91%, 0, 0, 12, 112.80, 598726, 1910, 0, 0
4497, 7, 533, 675, 3, 0, 2.91%, 0, 0, 12, 105.56, 599270, 1910, 0, 0
4502, 7, 530, 675, 3, 0, 2.91%, 0, 0, 12, 115.93, 599857, 1910, 0, 0
4507, 7, 136, 675, 3, 0, 2.91%, 0, 0, 12, 109.65, 600423, 1910, 0, 0
4512, 7, 224, 675, 3, 0, 2.91%, 0, 0, 12, 105.72, 600947, 1910, 0, 0
4517, 7, 582, 675, 3, 0, 2.91%, 0, 0, 12, 106.63, 601499, 1910, 0, 0
4516, 7, 135, 675, 3, 0, 2.91%, 0, 0, 12, 0.00, 601593, 1910, 0, 0
4521, 7, 457, 675, 3, 0, 2.91%, 0, 0, 12, 117.59, 602220, 1910, 0, 0
4526, 7, 108, 676, 4, 0, 2.91%, 0, 0, 12, 107.23, 602759, 1910, 0, 0
4531, 7, 243, 676, 3, 0, 2.91%, 0, 0, 12, 115.04, 603343, 1910, 0, 0
4537, 7, 262, 676, 3, 0, 2.91%, 0, 0, 12, 117.40, 603957, 1910, 0, 0
4542, 7, 248, 676, 3, 0, 2.91%, 0, 0, 12, 118.05, 604597, 1910, 0, 0
4547, 7, 150, 676, 3, 0, 2.91%, 0, 0, 12, 120.13, 605402, 1910, 0, 0
4552, 7, 609, 676, 3, 0, 2.91%, 0, 0, 12, 121.60, 606037, 1910, 0, 0
4557, 7, 291, 676, 3, 0, 2.91%, 0, 0, 12, 120.61, 606667, 1910, 0, 0
4562, 7, 203, 676, 3, 0, 2.91%, 0, 0, 12, 122.03, 607265, 1910, 0, 0
4568, 7, 368, 676, 3, 0, 2.91%, 0, 0, 12, 109.13, 607844, 1910, 0, 0
4573, 7, 613, 676, 3, 0, 2.91%, 0, 0, 12, 121.71, 608488, 1910, 0, 0
4578, 7, 248, 676, 3, 0, 2.91%, 0, 0, 12, 101.58, 609218, 1910, 0, 0
4583, 7, 664, 676, 3, 0, 2.91%, 0, 0, 12, 109.85, 609783, 1910, 0, 0
4588, 7, 128, 676, 2, 0, 2.91%, 0, 0, 12, 109.81, 610350, 1910, 0, 0
4593, 7, 464, 676, 2, 0, 2.91%, 0, 0, 12, 117.35, 610953, 1910, 0, 0
4598, 7, 248, 676, 2, 0, 2.91%, 0, 0, 12, 105.05, 611474, 1910, 0, 0
4603, 7, 217, 676, 2, 0, 2.91%, 0, 0, 12, 102.13, 611998, 1910, 0, 0
4603, 7, 217, 676, 2, 0, 2.91%, 0, 0, 12, 0.00, 612002, 1910, 0, 0
4608, 7, 466, 676, 2, 0, 2.91%, 0, 0, 12, 117.31, 612648, 1910, 0, 0
4613, 7, 219, 676, 1, 0, 2.91%, 0, 0, 12, 121.45, 613293, 1910, 0, 0
4618, 7, 206, 676, 1, 0, 2.91%, 0, 0, 12, 106.01, 614062, 1910, 0, 0
4623, 7, 468, 676, 1, 0, 2.91%, 0, 0, 12, 117.55, 614689, 1910, 0, 0
4628, 7, 440, 676, 1, 0, 2.91%, 0, 0, 12, 102.41, 615191, 1910, 0, 0
4634, 7, 464, 676, 1, 0, 2.91%, 0, 0, 12, 113.10, 615827, 1910, 0, 0
4639, 7, 534, 676, 1, 0, 2.91%, 0, 0, 12, 118.99, 616451, 1910, 0, 0
4644, 7, 261, 676, 1, 0, 2.91%, 0, 0, 12, 118.71, 617086, 1910, 0, 0
4649, 7, 154, 676, 1, 0, 2.91%, 0, 0, 12, 108.22, 617596, 1910, 0, 0
4654, 7, 313, 676, 1, 0, 2.91%, 0, 0, 12, 105.92, 618119, 1910, 0, 0
4659, 7, 656, 676, 1, 0, 2.91%, 0, 0, 12, 104.16, 618642, 1910, 0, 0
4659, 7, 675, 676, 1, 0, 2.91%, 0, 0, 12, 0.00, 618783, 1910, 0, 0
4664, 7, 239, 677, 1, 0, 2.91%, 0, 0, 12, 118.81, 619410, 1910, 0, 0
4669, 7, 261, 677, 1, 0, 2.91%, 0, 0, 12, 100.11, 619900, 1910, 0, 0
4674, 7, 142, 677, 1, 0, 2.91%, 0, 0, 12, 96.42, 620390, 1910, 0, 0
4679, 7, 206, 677, 1, 0, 2.91%, 0, 0, 12, 95.20, 620869, 1910, 0, 0
4685, 7, 654, 677, 1, 0, 2.91%, 0, 0, 12, 96.15, 621389, 1910, 0, 0
4690, 7, 449, 677, 1, 0, 2.91%, 0, 0, 12, 95.13, 622036, 1910, 0, 0
4695, 7, 139, 677, 1, 0, 2.91%, 0, 0, 12, 97.12, 622533, 1910, 0, 0
4700, 7, 527, 677, 1, 0, 2.91%, 0, 0, 12, 107.08, 623090, 1910, 0, 0
4705, 7, 373, 678, 2, 0, 2.91%, 0, 0, 12, 100.23, 623599, 1910, 0, 0
4710, 7, 75, 678, 2, 0, 2.91%, 0, 0, 12, 104.67, 624141, 1910, 0, 0
4715, 7, 230, 678, 2, 0, 2.91%, 0, 0, 12, 97.23, 624625, 1910, 0, 0
4721, 7, 219, 678, 2, 0, 2.91%, 0, 0, 12, 104.85, 625309, 1910, 0, 0
4726, 7, 528, 678, 2, 0, 2.91%, 0, 0, 12, 107.79, 625876, 1910, 0, 0
4731, 7, 449, 678, 2, 0, 2.91%, 0, 0, 12, 105.69, 626398, 1910, 0, 0
4736, 7, 549, 678, 1, 0, 2.91%, 0, 0, 12, 109.09, 626952, 1910, 0, 0
4741, 7, 451, 678, 1, 0, 2.91%, 0, 0, 12, 106.53, 627492, 1910, 0, 0
4746, 8, 165, 678, 1, 0, 2.91%, 0, 0, 12, 97.27, 628247, 1910, 0, 0
4751, 8, 203, 678, 1, 0, 2.91%, 0, 0, 12, 103.99, 628775, 1910, 0, 0
4756, 8, 464, 678, 1, 0, 2.91%, 0, 0, 12, 95.13, 629263, 1910, 0, 0
4761, 8, 434, 678, 1, 0, 2.91%, 0, 0, 12, 100.67, 629779, 1910, 0, 0
4767, 8, 450, 678, 0, 0, 2.91%, 0, 0, 12, 100.35, 630296, 1910, 0, 0
4772, 8, 141, 678, 0, 0, 2.91%, 0, 0, 12, 97.64, 630806, 1910, 0, 0
4777, 8, 513, 678, 0, 0, 2.91%, 0, 0, 12, 94.01, 631436, 1910, 0, 0
4782, 8, 158, 678, 0, 0, 2.91%, 0, 0, 12, 103.79, 631980, 1910, 0, 0
4787, 8, 571, 678, 0, 0, 2.91%, 0, 0, 12, 99.85, 632497, 1910, 0, 0
4792, 8, 461, 678, 0, 0, 2.91%, 0, 0, 12, 106.41, 633046, 1910, 0, 0
4797, 8, 520, 678, 0, 0, 2.91%, 0, 0, 12, 103.33, 633582, 1910, 0, 0
4802, 8, 366, 678, 0, 0, 2.91%, 0, 0, 12, 113.47, 634163, 1910, 0, 0
4801, 8, 463, 678, 0, 0, 2.91%, 0, 0, 12, 0.00, 634219, 1910, 0, 0
4801, 8, 463, 678, 0, 0, 2.91%, 0, 0, 12, 0.00, 634220, 1910, 0, 0
4806, 8, 130, 678, 0, 0, 2.91%, 0, 0, 12, 104.52, 634753, 1910, 0, 0
4811, 8, 520, 678, 0, 0, 2.91%, 0, 0, 12, 100.70, 635252, 1910, 0, 0
4817, 8, 582, 678, 0, 0, 2.91%, 0, 0, 12, 106.90, 635830, 1910, 0, 0
4822, 8, 532, 678, 0, 0, 2.91%, 0, 0, 12, 116.60, 636410, 1910, 0, 0
4827, 8, 224, 679, 1, 0, 2.91%, 0, 0, 12, 96.87, 636874, 1910, 0, 0
4832, 8, 248, 679, 1, 0, 2.91%, 0, 0, 12, 105.02, 637498, 1910, 0, 0
4837, 8, 666, 679, 1, 0, 2.91%, 0, 0, 12, 99.40, 637989, 1910, 0, 0
4842, 8, 491, 679, 1, 0, 2.91%, 0, 0, 12, 102.04, 638529, 1910, 0, 0
4847, 8, 129, 679, 1, 0, 2.91%, 0, 0, 12, 99.39, 639049, 1910, 0, 0
4852, 8, 52, 679, 1, 0, 2.91%, 0, 0, 12, 109.88, 639613, 1910, 0, 0
4857, 8, 636, 679, 1, 0, 2.91%, 0, 0, 12, 110.53, 640209, 1910, 0, 0
4863, 8, 231, 679, 1, 0, 2.91%, 0, 0, 12, 103.64, 640895, 1910, 0, 0
4868, 8, 607, 679, 1, 0, 2.91%, 0, 0, 12, 98.41, 641426, 1910, 0, 0
4873, 8, 230, 679, 1, 0, 2.91%, 0, 0, 12, 101.24, 641935, 1910, 0, 0
4878, 8, 217, 679, 1, 0, 2.91%, 0, 0, 12, 106.80, 642489, 1910, 0, 0
4883, 8, 609, 679, 1, 0, 2.91%, 0, 0, 12, 110.29, 643054, 1910, 0, 0
4888, 8, 606, 679, 1, 0, 2.91%, 0, 0, 12, 97.37, 643551, 1910, 0, 0
4888, 8, 606, 679, 1, 0, 2.91%, 0, 0, 12, 0.00, 643572, 1910, 0, 0
4887, 8, 606, 679, 1, 0, 2.91%, 0, 0, 12, 0.00, 643573, 1910, 0, 0
4892, 8, 142, 679, 1, 0, 2.91%, 0, 0, 12, 106.62, 644097, 1910, 0, 0
4897, 8, 582, 679, 1, 0, 2.91%, 0, 0, 12, 103.82, 644614, 1910, 0, 0
4902, 8, 636, 679, 1, 0, 2.91%, 0, 0, 12, 104.50, 645177, 1910, 0, 0
4907, 8, 464, 679, 1, 0, 2.91%, 0, 0, 12, 96.25, 645680, 1910, 0, 0
4912, 8, 232, 679, 1, 0, 2.91%, 0, 0, 12, 99.33, 646189, 1910, 0, 0
4917, 8, 165, 679, 1, 0, 2.91%, 0, 0, 12, 120.69, 646920, 1910, 0, 0
4923, 8, 142, 679, 1, 0, 2.91%, 0, 0, 12, 116.68, 647534, 1910, 0, 0
4928, 8, 490, 679, 1, 0, 2.91%, 0, 0, 12, 105.26, 648082, 1910, 0, 0
4933, 8, 452, 679, 1, 0, 2.91%, 0, 0, 12, 106.01, 648598, 1910, 0, 0
4938, 8, 166, 679, 1, 0, 2.91%, 0, 0, 12, 111.45, 649160, 1910, 0, 0
4943, 8, 39, 679, 1, 0, 2.91%, 0, 0, 12, 116.05, 649736, 1910, 0, 0
4948, 8, 636, 679, 1, 0, 2.91%, 0, 0, 12, 118.87, 650482, 1910, 0, 0
4953, 8, 671, 679, 1, 0, 2.91%, 0, 0, 12, 109.78, 651053, 1910, 0, 0
4958, 8, 63, 679, 1, 0, 2.91%, 0, 0, 12, 99.50, 651545, 1910, 0, 0
4963, 8, 679, 680, 2, 1, 2.92%, 0, 0, 12, 101.88, 652064, 1911, 0, 0
4968, 8, 217, 680, 1, 0, 2.92%, 0, 0, 12, 100.62, 652590, 1911, 0, 0
4973, 8, 462, 680, 1, 0, 2.92%, 0, 0, 12, 106.61, 653163, 1911, 0, 0
4972, 8, 52, 680, 1, 0, 2.92%, 0, 0, 12, 0.00, 653189, 1911, 0, 0
4977, 8, 219, 680, 1, 0, 2.92%, 0, 0, 12, 86.11, 653641, 1911, 0, 0
4982, 8, 136, 680, 1, 0, 2.92%, 0, 0, 12, 109.63, 654208, 1911, 0, 0
4988, 8, 464, 680, 1, 0, 2.92%, 0, 0, 12, 101.81, 654752, 1911, 0, 0
4993, 8, 492, 680, 1, 0, 2.92%, 0, 0, 12, 110.68, 655319, 1911, 0, 0
4998, 8, 464, 680, 1, 0, 2.92%, 0, 0, 12, 103.58, 655833, 1911, 0, 0
5003, 8, 567, 680, 1, 0, 2.92%, 0, 0, 12, 122.98, 656598, 1911, 0, 0
5008, 8, 488, 680, 1, 0, 2.92%, 0, 0, 12, 106.22, 657114, 1911, 0, 0
5013, 8, 68, 680, 1, 0, 2.92%, 0, 0, 12, 107.90, 657646, 1911, 0, 0
5018, 8, 491, 681, 2, 0, 2.92%, 0, 0, 12, 105.20, 658178, 1911, 0, 0
5023, 8, 363, 681, 2, 0, 2.92%, 0, 0, 12, 108.71, 658742, 1911, 0, 0
5028, 8, 219, 681, 2, 0, 2.92%, 0, 0, 12, 104.81, 659296, 1911, 0, 0
5033, 8, 448, 681, 2, 0, 2.92%, 0, 0, 12, 107.59, 660025, 1911, 0, 0
5038, 8, 450, 681, 2, 0, 2.92%, 0, 0, 12, 113.22, 660606, 1911, 0, 0
5043, 8, 224, 681, 2, 0, 2.92%, 0, 0, 12, 113.84, 661190, 1911, 0, 0
5048, 8, 679, 681, 2, 0, 2.92%, 0, 0, 12, 99.05, 661691, 1911, 0, 0
5054, 8, 607, 681, 2, 0, 2.92%, 0, 0, 12, 109.27, 662260, 1911, 0, 0
5059, 8, 645, 681, 2, 0, 2.92%, 0, 0, 12, 109.06, 662812, 1911, 0, 0
5058, 8, 645, 681, 2, 0, 2.92%, 0, 0, 12, 0.00, 662864, 1911, 0, 0
5063, 8, 461, 681, 2, 0, 2.92%, 0, 0, 12, 93.59, 663361, 1911, 0, 0
5068, 8, 108, 681, 2, 0, 2.92%, 0, 0, 12, 113.88, 663974, 1911, 0, 0
5073, 8, 135, 681, 2, 0, 2.92%, 0, 0, 12, 108.75, 664523, 1911, 0, 0
5078, 8, 235, 681, 2, 0, 2.92%, 0, 0, 12, 102.98, 665057, 1911, 0, 0
5083, 8, 67, 681, 2, 0, 2.92%, 0, 0, 12, 97.33, 665550, 1911, 0, 0
5088, 8, 206, 681, 2, 0, 2.92%, 0, 0, 12, 95.11, 666226, 1911, 0, 0
5094, 8, 156, 681, 2, 0, 2.92%, 0, 0, 12, 96.10, 666748, 1911, 0, 0
5099, 8, 651, 681, 2, 0, 2.92%, 0, 0, 12, 96.41, 667253, 1911, 0, 0
5104, 8, 216, 681, 2, 0, 2.92%, 0, 0, 12, 108.40, 667825, 1911, 0, 0
5109, 8, 660, 681, 2, 0, 2.92%, 0, 0, 12, 101.05, 668362, 1911, 0, 0
5114, 8, 224, 681, 2, 0, 2.92%, 0, 0, 12, 113.05, 668930, 1911, 0, 0
5119, 8, 466, 681, 2, 0, 2.92%, 0, 0, 12, 92.26, 669587, 1911, 0, 0
5124, 8, 663, 681, 2, 0, 2.92%, 0, 0, 12, 101.93, 670091, 1911, 0, 0
5130, 8, 215, 681, 2, 0, 2.92%, 0, 0, 12, 112.81, 670679, 1911, 0, 0
5135, 8, 373, 681, 2, 0, 2.92%, 0, 0, 12, 120.66, 671301, 1911, 0, 0
5140, 8, 549, 681, 2, 0, 2.92%, 0, 0, 12, 113.81, 671873, 1911, 0, 0
5145, 8, 492, 681, 2, 0, 2.92%, 0, 0, 12, 94.09, 672565, 1911, 0, 0
5150, 8, 242, 681, 2, 0, 2.92%, 0, 0, 12, 96.85, 673073, 1911, 0, 0
5155, 8, 194, 681, 2, 0, 2.92%, 0, 0, 12, 117.06, 673697, 1911, 0, 0
5160, 8, 534, 681, 2, 0, 2.92%, 0, 0, 12, 110.35, 674237, 1911, 0, 0
5165, 8, 224, 681, 2, 0, 2.92%, 0, 0, 12, 120.11, 674873, 1911, 0, 0
5170, 8, 353, 681, 2, 0, 2.92%, 0, 0, 12, 112.23, 675428, 1911, 0, 0
5175, 8, 520, 681, 2, 0, 2.92%, 0, 0, 12, 117.61, 676194, 1911, 0, 0
5181, 8, 159, 681, 2, 0, 2.92%, 0, 0, 12, 100.58, 676698, 1911, 0, 0
5186, 8, 680, 681, 2, 0, 2.92%, 0, 0, 12, 115.91, 677301, 1911, 0, 0
5191, 8, 517, 681, 1, 0, 2.92%, 0, 0, 12, 100.06, 677797, 1911, 0, 0
5196, 8, 129, 681, 1, 0, 2.92%, 0, 0, 12, 108.82, 678355, 1911, 0, 0
5201, 8, 219, 681, 1, 0, 2.92%, 0, 0, 12, 110.10, 678910, 1911, 0, 0
5200, 8, 62, 681, 1, 0, 2.92%, 0, 0, 12, 0.00, 679002, 1911, 0, 0
5205, 8, 531, 681, 1, 0, 2.92%, 0, 0, 12, 91.60, 679490, 1911, 0, 0
5210, 8, 198, 681, 1, 0, 2.92%, 0, 0, 12, 97.72, 679979, 1911, 0, 0
5215, 8, 581, 681, 1, 0, 2.92%, 0, 0, 12, 111.84, 680570, 1911, 0, 0
5221, 8, 651, 681, 1, 0, 2.92%, 0, 0, 12, 114.36, 681154, 1911, 0, 0
5226, 8, 309, 681, 1, 0, 2.92%, 0, 0, 12, 111.00, 681707, 1911, 0, 0
5231, 8, 166, 681, 1, 0, 2.92%, 0, 0, 12, 110.43, 682391, 1911, 0, 0
5236, 8, 638, 681, 1, 0, 2.92%, 0, 0, 12, 109.01, 682953, 1911, 0, 0
5241, 8, 413, 681, 1, 0, 2.92%, 0, 0, 12, 99.67, 683441, 1911, 0, 0
5246, 8, 462, 681, 1, 0, 2.92%, 0, 0, 12, 92.44, 683915, 1911, 0, 0
5251, 8, 229, 681, 1, 0, 2.92%, 0, 0, 12, 94.57, 684389, 1911, 0, 0
5257, 8, 366, 681, 1, 0, 2.92%, 0, 0, 12, 106.68, 684939, 1911, 0, 0
5262, 8, 353, 681, 1, 0, 2.92%, 0, 0, 12, 92.22, 685518, 1911, 0, 0
5267, 8, 454, 681, 0, 0, 2.92%, 0, 0, 12, 109.26, 686125, 1911, 0, 0
5272, 8, 120, 681, 0, 0, 2.92%, 0, 0, 12, 116.03, 686723, 1911, 0, 0
5277, 8, 457, 681, 0, 0, 2.92%, 0, 0, 12, 118.95, 687335, 1911, 0, 0
5282, 8, 135, 681, 0, 0, 2.92%, 0, 0, 12, 119.29, 687931, 1911, 0, 0
5287, 8, 139, 681, 0, 0, 2.92%, 0, 0, 12, 97.67, 688662, 1911, 0, 0
5292, 8, 210, 681, 0, 0, 2.92%, 0, 0, 12, 120.60, 689296, 1911, 0, 0
5298, 8, 243, 682, 1, 0, 2.92%, 0, 0, 12, 117.62, 689929, 1911, 0, 0
5303, 8, 129, 682, 1, 0, 2.92%, 0, 0, 12, 127.93, 690602, 1911, 0, 0
5308, 8, 452, 682, 1, 0, 2.92%, 0, 0, 12, 112.09, 691151, 1911, 0, 0
5313, 8, 678, 682, 1, 0, 2.92%, 0, 0, 12, 118.90, 691745, 1911, 0, 0
5318, 8, 609, 682, 1, 0, 2.92%, 0, 0, 12, 109.58, 692520, 1911, 0, 0
5323, 8, 142, 682, 1, 0, 2.92%, 0, 0, 12, 96.27, 692978, 1911, 0, 0
5328, 8, 148, 682, 1, 0, 2.92%, 0, 0, 12, 108.68, 693520, 1911, 0, 0
5333, 8, 517, 682, 1, 0, 2.92%, 0, 0, 12, 116.20, 694108, 1911, 0, 0
5338, 8, 356, 682, 1, 0, 2.92%, 0, 0, 12, 104.09, 694624, 1911, 0, 0
5343, 8, 538, 682, 1, 0, 2.92%, 0, 0, 12, 116.73, 695222, 1911, 0, 0
5343, 8, 75, 682, 1, 0, 2.92%, 0, 0, 12, 0.00, 695296, 1911, 0, 0
5342, 8, 75, 682, 1, 0, 2.92%, 0, 0, 12, 0.00, 695297, 1911, 0, 0
5347, 8, 242, 682, 1, 0, 2.92%, 0, 0, 12, 105.78, 695834, 1911, 0, 0
5352, 8, 387, 682, 1, 0, 2.92%, 0, 0, 12, 107.28, 696374, 1911, 0, 0
5358, 8, 399, 682, 1, 0, 2.92%, 0, 0, 12, 110.54, 696941, 1911, 0, 0
5363, 8, 549, 682, 1, 0, 2.92%, 0, 0, 12, 107.94, 697471, 1911, 0, 0
5368, 8, 636, 682, 1, 0, 2.92%, 0, 0, 12, 112.07, 698041, 1911, 0, 0
5373, 8, 420, 682, 1, 0, 2.92%, 0, 0, 12, 123.03, 698807, 1911, 0, 0
5378, 8, 150, 682, 1, 0, 2.92%, 0, 0, 12, 112.10, 699392, 1911, 0, 0
5383, 8, 207, 682, 1, 0, 2.92%, 0, 0, 12, 113.32, 699976, 1911, 0, 0
5388, 8, 235, 682, 1, 0, 2.92%, 0, 0, 12, 110.77, 700550, 1911, 0, 0
5393, 8, 136, 682, 1, 0, 2.92%, 0, 0, 12, 106.87, 701096, 1911, 0, 0
5398, 9, 354, 682, 1, 0, 2.92%, 0, 0, 12, 97.54, 701591, 1911, 0, 0
5403, 9, 275, 682, 1, 0, 2.92%, 0, 0, 12, 112.88, 702353, 1911, 0, 0
5408, 9, 582, 682, 1, 0, 2.92%, 0, 0, 12, 105.82, 702886, 1911, 0, 0
5413, 9, 520, 682, 1, 0, 2.92%, 0, 0, 12, 120.29, 703508, 1911, 0, 0
5419, 9, 138, 682, 1, 0, 2.92%, 0, 0, 12, 114.00, 704112, 1911, 0, 0
5424, 9, 530, 682, 1, 0, 2.92%, 0, 0, 12, 123.24, 704737, 1911, 0, 0
5429, 9, 242, 682, 1, 0, 2.92%, 0, 0, 12, 109.36, 705321, 1911, 0, 0
5428, 9, 461, 682, 1, 0, 2.92%, 0, 0, 12, 0.00, 705385, 1911, 0, 0
5433, 9, 215, 682, 1, 0, 2.92%, 0, 0, 12, 100.16, 705922, 1911, 0, 0
5438, 9, 164, 682, 1, 0, 2.92%, 0, 0, 12, 106.03, 706466, 1911, 0, 0
5443, 9, 156, 682, 1, 0, 2.92%, 0, 0, 12, 102.52, 707013, 1911, 0, 0
5448, 9, 207, 682, 1, 0, 2.92%, 0, 0, 12, 100.49, 707534, 1911, 0, 0
5453, 9, 466, 682, 1, 0, 2.92%, 0, 0, 12, 118.57, 708138, 1911, 0, 0
5458, 9, 235, 682, 1, 0, 2.92%, 0, 0, 12, 90.96, 708844, 1911, 0, 0
5464, 9, 380, 682, 1, 0, 2.92%, 0, 0, 12, 116.00, 709480, 1911, 0, 0
5469, 9, 203, 682, 1, 0, 2.92%, 0, 0, 12, 110.81, 710042, 1911, 0, 0
5474, 9, 520, 682, 1, 0, 2.92%, 0, 0, 12, 123.11, 710701, 1911, 0, 0
5479, 9, 678, 682, 1, 0, 2.92%, 0, 0, 12, 123.37, 711345, 1911, 0, 0
5484, 9, 110, 682, 1, 0, 2.92%, 0, 0, 12, 121.13, 711958, 1911, 0, 0
5489, 9, 571, 682, 1, 0, 2.92%, 0, 0, 12, 92.06, 712638, 1911, 0, 0
5494, 9, 609, 682, 1, 0, 2.92%, 0, 0, 12, 115.54, 713250, 1911, 0, 0
5499, 9, 49, 682, 1, 0, 2.92%, 0, 0, 12, 124.33, 713899, 1911, 0, 0
5505, 9, 366, 682, 1, 0, 2.92%, 0, 0, 12, 117.28, 714504, 1911, 0, 0
5510, 9, 538, 682, 1, 0, 2.92%, 0, 0, 12, 110.72, 715052, 1911, 0, 0
5515, 9, 120, 682, 1, 0, 2.92%, 0, 0, 12, 124.75, 715899, 1911, 0, 0
5520, 9, 239, 682, 1, 0, 2.92%, 0, 0, 12, 123.12, 716494, 1911, 0, 0
5525, 9, 296, 682, 1, 0, 2.92%, 0, 0, 12, 122.59, 717146, 1911, 0, 0
5530, 9, 491, 682, 1, 0, 2.92%, 0, 0, 12, 112.82, 717688, 1911, 0, 0
5535, 9, 93, 682, 1, 0, 2.92%, 0, 0, 12, 123.54, 718322, 1911, 0, 0
5540, 9, 109, 682, 1, 0, 2.92%, 0, 0, 12, 121.03, 718951, 1911, 0, 0
5546, 9, 656, 682, 1, 0, 2.92%, 0, 0, 12, 103.67, 719667, 1911, 0, 0
5551, 9, 492, 682, 1, 0, 2.92%, 0, 0, 12, 89.46, 720123, 1911, 0, 0
5556, 9, 538, 682, 1, 0, 2.92%, 0, 0, 12, 106.33, 720693, 1911, 0, 0
5561, 9, 645, 682, 1, 0, 2.92%, 0, 0, 12, 99.98, 721205, 1911, 0, 0
5566, 9, 213, 682, 1, 0, 2.92%, 0, 0, 12, 106.19, 721739, 1911, 0, 0
5571, 9, 206, 682, 1, 0, 2.92%, 0, 0, 12, 98.19, 722228, 1911, 0, 0
5570, 9, 206, 682, 1, 0, 2.92%, 0, 0, 12, 0.00, 722286, 1911, 0, 0
5575, 9, 671, 682, 1, 0, 2.92%, 0, 0, 12, 102.63, 722847, 1911, 0, 0
5581, 9, 173, 682, 1, 0, 2.92%, 0, 0, 12, 102.55, 723355, 1911, 0, 0
5586, 9, 309, 682, 1, 0, 2.92%, 0, 0, 12, 100.37, 723875, 1911, 0, 0
5591, 9, 446, 682, 1, 0, 2.92%, 0, 0, 12, 105.47, 724407, 1911, 0, 0
5596, 9, 240, 682, 1, 0, 2.92%, 0, 0, 12, 107.52, 724958, 1911, 0, 0
5601, 9, 538, 682, 1, 0, 2.92%, 0, 0, 12, 90.25, 725603, 1911, 0, 0
5606, 9, 627, 682, 1, 0, 2.92%, 0, 0, 12, 90.15, 726061, 1911, 0, 0
5611, 9, 145, 682, 1, 0, 2.92%, 0, 0, 12, 100.68, 726577, 1911, 0, 0
5616, 9, 492, 682, 1, 0, 2.92%, 0, 0, 12, 104.05, 727102, 1911, 0, 0
5621, 9, 457, 682, 1, 0, 2.92%, 0, 0, 12, 102.61, 727636, 1911, 0, 0
5626, 9, 681, 682, 1, 0, 2.92%, 0, 0, 12, 101.10, 728143, 1911, 0, 0
5631, 9, 198, 682, 0, 0, 2.92%, 0, 0, 12, 98.96, 728802, 1911, 0, 0
5637, 9, 128, 682, 0, 0, 2.92%, 0, 0, 12, 104.15, 729337, 1911, 0, 0
5642, 9, 579, 682, 0, 0, 2.92%, 0, 0, 12, 97.08, 729835, 1911, 0, 0
5647, 9, 491, 682, 0, 0, 2.92%, 0, 0, 12, 103.13, 730372, 1911, 0, 0
5652, 9, 217, 682, 0, 0, 2.92%, 0, 0, 12, 104.15, 730909, 1911, 0, 0
5657, 9, 219, 682, 0, 0, 2.92%, 0, 0, 12, 95.70, 731388, 1911, 0, 0
5656, 9, 219, 682, 0, 0, 2.92%, 0, 0, 12, 0.00, 731428, 1911, 0, 0
5656, 9, 219, 682, 0, 0, 2.92%, 0, 0, 12, 0.00, 731429, 1911, 0, 0
5661, 9, 454, 682, 0, 0, 2.92%, 0, 0, 12, 101.26, 731952, 1911, 0, 0
5666, 9, 216, 682, 0, 0, 2.92%, 0, 0, 12, 96.66, 732437, 1911, 0, 0
5671, 9, 606, 682, 0, 0, 2.92%, 0, 0, 12, 98.97, 732958, 1911, 0, 0
5676, 9, 230, 682, 0, 0, 2.92%, 0, 0, 12, 105.98, 733503, 1911, 0, 0
5681, 9, 492, 682, 0, 0, 2.92%, 0, 0, 12, 100.79, 734008, 1911, 0, 0
5686, 9, 309, 682, 0, 0, 2.92%, 0, 0, 12, 111.67, 734712, 1911, 0, 0
5691, 9, 108, 682, 0, 0, 2.92%, 0, 0, 12, 98.75, 735183, 1911, 0, 0
5696, 9, 219, 682, 0, 0, 2.92%, 0, 0, 12, 99.23, 735707, 1911, 0, 0
5701, 9, 144, 682, 0, 0, 2.92%, 0, 0, 12, 103.35, 736225, 1911, 0, 0
5706, 9, 140, 682, 0, 0, 2.92%, 0, 0, 12, 103.49, 736762, 1911, 0, 0
5711, 9, 524, 682, 0, 0, 2.92%, 0, 0, 12, 100.41, 737275, 1911, 0, 0
5717, 9, 194, 682, 0, 0, 2.92%, 0, 0, 12, 99.02, 737961, 1911, 0, 0
5722, 9, 651, 682, 0, 0, 2.92%, 0, 0, 12, 106.92, 738499, 1911, 0, 0
5727, 9, 108, 682, 0, 0, 2.92%, 0, 0, 12, 98.42, 738979, 1911, 0, 0
5732, 9, 474, 682, 0, 0, 2.92%, 0, 0, 12, 104.97, 739539, 1911, 0, 0
5737, 9, 413, 682, 0, 0, 2.92%, 0, 0, 12, 102.18, 740083, 1911, 0, 0
5742, 9, 356, 682, 0, 0, 2.92%, 0, 0, 12, 106.20, 740614, 1911, 0, 0
5741, 9, 356, 682, 0, 0, 2.92%, 0, 0, 12, 0.00, 740644, 1911, 0, 0
5746, 9, 141, 682, 0, 0, 2.92%, 0, 0, 12, 90.22, 741150, 1911, 0, 0
5751, 9, 148, 682, 0, 0, 2.92%, 0, 0, 12, 103.22, 741670, 1911, 0, 0
5756, 9, 271, 682, 0, 0, 2.92%, 0, 0, 12, 108.11, 742250, 1911, 0, 0
5762, 9, 491, 682, 0, 0, 2.92%, 0, 0, 12, 92.96, 742718, 1911, 0, 0
5767, 9, 213, 682, 0, 0, 2.92%, 0, 0, 12, 102.92, 743268, 1911, 0, 0
5772, 9, 636, 682, 0, 0, 2.92%, 0, 0, 12, 94.53, 743914, 1911, 0, 0
5777, 9, 207, 682, 0, 0, 2.92%, 0, 0, 12, 104.34, 744474, 1911, 0, 0
5782, 9, 35, 682, 0, 0, 2.92%, 0, 0, 12, 106.36, 745010, 1911, 0, 0
5787, 9, 395, 682, 0, 0, 2.92%, 0, 0, 12, 105.42, 745542, 1911, 0, 0
5792, 9, 490, 682, 0, 0, 2.92%, 0, 0, 12, 87.25, 745961, 1911, 0, 0
5797, 9, 368, 682, 0, 0, 2.92%, 0, 0, 12, 96.28, 746456, 1911, 0, 0
5802, 9, 196, 682, 0, 0, 2.92%, 0, 0, 12, 100.06, 747123, 1911, 0, 0
5807, 9, 520, 683, 1, 0, 2.92%, 0, 0, 12, 96.77, 747624, 1911, 0, 0
5813, 9, 224, 683, 1, 0, 2.92%, 0, 0, 12, 108.24, 748179, 1911, 0, 0
5818, 9, 148, 683, 1, 0, 2.92%, 0, 0, 12, 92.29, 748640, 1911, 0, 0
5823, 9, 66, 683, 1, 0, 2.92%, 0, 0, 12, 106.56, 749181, 1911, 0, 0
5828, 9, 461, 683, 1, 0, 2.92%, 0, 0, 12, 103.62, 749705, 1911, 0, 0
5826, 9, 461, 683, 1, 0, 2.92%, 0, 0, 12, 0.00, 749717, 1911, 0, 0
5831, 9, 579, 683, 1, 0, 2.92%, 0, 0, 12, 95.62, 750223, 1911, 0, 0
5837, 9, 473, 683, 1, 0, 2.92%, 0, 0, 12, 101.34, 750773, 1911, 0, 0
5842, 9, 653, 683, 1, 0, 2.92%, 0, 0, 12, 100.99, 751269, 1911, 0, 0
5847, 9, 52, 683, 1, 0, 2.92%, 0, 0, 12, 98.71, 751778, 1911, 0, 0
5852, 9, 67, 683, 1, 0, 2.92%, 0, 0, 12, 107.06, 752326, 1911, 0, 0
5857, 9, 468, 683, 1, 0, 2.92%, 0, 0, 12, 94.64, 753025, 1911, 0, 0
5862, 9, 557, 684, 2, 0, 2.92%, 0, 0, 12, 100.33, 753533, 1911, 0, 0
5867, 9, 517, 684, 2, 0, 2.92%, 0, 0, 12, 97.85, 754047, 1911, 0, 0
5872, 9, 534, 684, 2, 0, 2.92%, 0, 0, 12, 103.21, 754563, 1911, 0, 0
5878, 9, 682, 684, 2, 0, 2.92%, 0, 0, 12, 97.83, 755066, 1911, 0, 0
5883, 9, 530, 684, 1, 0, 2.92%, 0, 0, 12, 104.00, 755605, 1911, 0, 0
5888, 9, 571, 684, 1, 0, 2.92%, 0, 0, 12, 89.79, 756238, 1911, 0, 0
5893, 9, 373, 684, 1, 0, 2.92%, 0, 0, 12, 104.80, 756790, 1911, 0, 0
5898, 9, 442, 684, 1, 0, 2.92%, 0, 0, 12, 99.58, 757292, 1911, 0, 0
5903, 9, 217, 684, 1, 0, 2.92%, 0, 0, 12, 87.67, 757726, 1911, 0, 0
5908, 9, 305, 684, 1, 0, 2.92%, 0, 0, 12, 102.70, 758204, 1911, 0, 0
5913, 9, 248, 684, 1, 0, 2.92%, 0, 0, 12, 107.37, 758732, 1911, 0, 0
5912, 9, 248, 684, 1, 0, 2.92%, 0, 0, 12, 0.00, 758744, 1911, 0, 0
5917, 9, 129, 684, 1, 0, 2.92%, 0, 0, 12, 102.20, 759257, 1911, 0, 0
5922, 9, 366, 684, 1, 0, 2.92%, 0, 0, 12, 103.28, 759781, 1911, 0, 0
5927, 9, 468, 684, 1, 0, 2.92%, 0, 0, 12, 104.66, 760317, 1911, 0, 0
5932, 9, 148, 684, 1, 0, 2.92%, 0, 0, 12, 107.15, 760867, 1911, 0, 0
5937, 9, 492, 684, 1, 0, 2.92%, 0, 0, 12, 108.09, 761439, 1911, 0, 0
5942, 9, 582, 684, 1, 0, 2.92%, 0, 0, 12, 87.75, 762095, 1911, 0, 0
5948, 9, 194, 684, 1, 0, 2.92%, 0, 0, 12, 87.91, 762542, 1911, 0, 0
5953, 9, 52, 684, 1, 0, 2.92%, 0, 0, 12, 101.00, 763059, 1911, 0, 0
5958, 9, 89, 684, 1, 0, 2.92%, 0, 0, 12, 99.49, 763597, 1911, 0, 0
5963, 9, 142, 684, 1, 0, 2.92%, 0, 0, 12, 106.37, 764138, 1911, 0, 0
5968, 9, 606, 684, 1, 0, 2.92%, 0, 0, 12, 93.41, 764637, 1911, 0, 0
5973, 9, 194, 684, 1, 0, 2.92%, 0, 0, 12, 86.00, 765204, 1911, 0, 0
5978, 9, 450, 684, 1, 0, 2.92%, 0, 0, 12, 99.47, 765730, 1911, 0, 0
5984, 9, 517, 684, 1, 0, 2.92%, 0, 0, 12, 100.57, 766242, 1911, 0, 0
5989, 9, 381, 684, 1, 0, 2.92%, 0, 0, 12, 85.97, 766684, 1911, 0, 0
5994, 9, 130, 684, 1, 0, 2.92%, 0, 0, 12, 98.73, 767191, 1911, 0, 0
5999, 9, 457, 684, 1, 0, 2.92%, 0, 0, 12, 102.84, 767912, 1911, 0, 0
6004, 9, 683, 684, 1, 0, 2.92%, 0, 0, 12, 98.42, 768428, 1911, 0, 0
6009, 9, 232, 684, 0, 0, 2.92%, 0, 0, 12, 102.06, 768954, 1911, 0, 0
6014, 9, 396, 684, 0, 0, 2.92%, 0, 0, 12, 106.56, 769512, 1911, 0, 0
6019, 9, 165, 684, 0, 0, 2.92%, 0, 0, 12, 102.04, 770020, 1911, 0, 0
6025, 9, 410, 684, 0, 0, 2.92%, 0, 0, 12, 108.48, 770586, 1911, 0, 0
6030, 9, 519, 684, 0, 0, 2.92%, 0, 0, 12, 93.37, 771214, 1911, 0, 0
6035, 9, 108, 685, 1, 0, 2.92%, 0, 0, 12, 105.18, 771767, 1911, 0, 0
6040, 9, 150, 685, 1, 0, 2.92%, 0, 0, 12, 101.91, 772265, 1911, 0, 0
6045, 10, 262, 685, 1, 0, 2.92%, 0, 0, 12, 104.40, 772779, 1911, 0, 0
6050, 10, 207, 685, 1, 0, 2.92%, 0, 0, 12, 105.78, 773317, 1911, 0, 0
6055, 10, 194, 685, 1, 0, 2.92%, 0, 0, 12, 110.50, 773896, 1911, 0, 0
6054, 10, 517, 685, 1, 0, 2.92%, 0, 0, 12, 0.00, 773932, 1911, 0, 0
6059, 10, 636, 685, 1, 0, 2.92%, 0, 0, 12, 93.86, 774422, 1911, 0, 0
6064, 10, 492, 685, 1, 0, 2.92%, 0, 0, 12, 97.77, 774928, 1911, 0, 0
6070, 10, 164, 685, 1, 0, 2.92%, 0, 0, 12, 107.05, 775497, 1911, 0, 0
6075, 10, 217, 685, 1, 0, 2.92%, 0, 0, 12, 110.45, 776065, 1911, 0, 0
6080, 10, 530, 685, 1, 0, 2.92%, 0, 0, 12, 101.48, 776580, 1911, 0, 0
6085, 10, 645, 685, 1, 0, 2.92%, 0, 0, 12, 83.32, 777157, 1911, 0, 0
6090, 10, 451, 685, 1, 0, 2.92%, 0, 0, 12, 90.50, 777624, 1911, 0, 0
6095, 10, 217, 685, 1, 0, 2.92%, 0, 0, 12, 95.28, 778113, 1911, 0, 0
6100, 10, 656, 685, 1, 0, 2.92%, 0, 0, 12, 85.86, 778550, 1911, 0, 0
6106, 10, 440, 685, 1, 0, 2.92%, 0, 0, 12, 94.26, 779041, 1911, 0, 0
6111, 10, 549, 685, 1, 0, 2.92%, 0, 0, 12, 106.00, 779587, 1911, 0, 0
6116, 10, 684, 685, 1, 0, 2.92%, 0, 0, 12, 109.03, 780332, 1911, 0, 0
6121, 10, 135, 685, 0, 0, 2.92%, 0, 0, 12, 106.25, 780854, 1911, 0, 0
6126, 10, 313, 685, 0, 0, 2.92%, 0, 0, 12, 114.05, 781449, 1911, 0, 0
6131, 10, 124, 685, 0, 0, 2.92%, 0, 0, 12, 95.29, 781902, 1911, 0, 0
6136, 10, 82, 685, 0, 0, 2.92%, 0, 0, 12, 107.99, 782475, 1911, 0, 0
6141, 10, 128, 685, 0, 0, 2.92%, 0, 0, 12, 102.00, 783113, 1911, 0, 0
6146, 10, 491, 685, 0, 0, 2.92%, 0, 0, 12, 103.54, 783649, 1911, 0, 0
6151, 10, 405, 685, 0, 0, 2.92%, 0, 0, 12, 88.60, 784086, 1911, 0, 0
6156, 10, 451, 685, 0, 0, 2.92%, 0, 0, 12, 102.81, 784624, 1911, 0, 0
6162, 10, 136, 685, 0, 0, 2.92%, 0, 0, 12, 97.31, 785101, 1911, 0, 0
6167, 10, 224, 685, 0, 0, 2.92%, 0, 0, 12, 93.56, 785583, 1911, 0, 0
6172, 10, 490, 685, 0, 0, 2.92%, 0, 0, 12, 99.80, 786278, 1911, 0, 0
6177, 10, 120, 685, 0, 0, 2.92%, 0, 0, 12, 93.83, 786770, 1911, 0, 0
6182, 10, 530, 685, 0, 0, 2.92%, 0, 0, 12, 106.80, 787309, 1911, 0, 0
6187, 10, 120, 685, 0, 0, 2.92%, 0, 0, 12, 103.70, 787835, 1911, 0, 0
6192, 10, 139, 685, 0, 0, 2.92%, 0, 0, 12, 106.16, 788359, 1911, 0, 0
6197, 10, 206, 685, 0, 0, 2.92%, 0, 0, 12, 98.60, 788862, 1911, 0, 0
6196, 10, 206, 685, 0, 0, 2.92%, 0, 0, 12, 0.00, 788928, 1911, 0, 0
6201, 10, 62, 685, 0, 0, 2.92%, 0, 0, 12, 101.56, 789460, 1911, 0, 0
6206, 10, 65, 685, 0, 0, 2.92%, 0, 0, 12, 97.74, 789963, 1911, 0, 0
6212, 10, 671, 685, 0, 0, 2.92%, 0, 0, 12, 98.44, 790457, 1911, 0, 0
6217, 10, 685, 686, 1, 1, 2.92%, 0, 0, 12, 104.35, 791009, 1912, 0, 0
6222, 10, 685, 686, 1, 1, 2.92%, 0, 0, 12, 86.14, 791423, 1912, 0, 0
6227, 10, 685, 686, 1, 1, 2.92%, 0, 0, 12, 94.56, 791884, 1912, 0, 0
6232, 10, 685, 686, 1, 1, 2.92%, 0, 0, 12, 85.40, 792295, 1912, 0, 0
6237, 10, 685, 687, 2, 1, 2.92%, 0, 0, 12, 86.14, 792752, 1912, 0, 0
6242, 10, 656, 687, 1, 0, 2.92%, 0, 0, 12, 103.54, 793423, 1912, 0, 0
6248, 10, 671, 687, 1, 0, 2.92%, 0, 0, 12, 95.32, 793940, 1912, 0, 0
6253, 10, 207, 687, 1, 0, 2.92%, 0, 0, 12, 88.04, 794377, 1912, 0, 0
6258, 10, 607, 687, 1, 0, 2.92%, 0, 0, 12, 97.56, 795000, 1912, 0, 0
6263, 10, 549, 687, 1, 0, 2.92%, 0, 0, 12, 93.15, 795456, 1912, 0, 0
6268, 10, 582, 687, 1, 0, 2.92%, 0, 0, 12, 84.51, 795898, 1912, 0, 0
6273, 10, 79, 687, 1, 0, 2.92%, 0, 0, 12, 94.35, 796365, 1912, 0, 0
6278, 10, 232, 687, 1, 0, 2.92%, 0, 0, 12, 103.90, 796907, 1912, 0, 0
6283, 10, 198, 687, 1, 0, 2.92%, 0, 0, 12, 90.82, 797616, 1912, 0, 0
6288, 10, 513, 687, 1, 0, 2.92%, 0, 0, 12, 95.04, 798110, 1912, 0, 0
6294, 10, 538, 688, 2, 0, 2.92%, 0, 0, 12, 99.63, 798631, 1912, 0, 0
6299, 10, 671, 688, 2, 0, 2.92%, 0, 0, 12, 94.11, 799117, 1912, 0, 0
6304, 10, 538, 688, 2, 0, 2.92%, 0, 0, 12, 102.98, 799649, 1912, 0, 0
6309, 10, 538, 688, 2, 0, 2.92%, 0, 0, 12, 95.73, 800140, 1912, 0, 0
6314, 10, 530, 688, 2, 0, 2.92%, 0, 0, 12, 103.95, 800835, 1912, 0, 0
6319, 10, 203, 688, 2, 0, 2.92%, 0, 0, 12, 103.88, 801360, 1912, 0, 0
6324, 10, 219, 688, 2, 0, 2.92%, 0, 0, 12, 109.63, 801899, 1912, 0, 0
6329, 10, 65, 688, 2, 0, 2.92%, 0, 0, 12, 101.71, 802420, 1912, 0, 0
6334, 10, 339, 688, 2, 0, 2.92%, 0, 0, 12, 96.81, 802911, 1912, 0, 0
6339, 10, 142, 688, 2, 0, 2.92%, 0, 0, 12, 91.30, 803396, 1912, 0, 0
6339, 10, 440, 688, 2, 0, 2.92%, 0, 0, 12, 0.00, 803483, 1912, 0, 0
6344, 10, 491, 688, 2, 0, 2.92%, 0, 0, 12, 102.04, 804025, 1912, 0, 0
6349, 10, 232, 688, 2, 0, 2.92%, 0, 0, 12, 100.36, 804549, 1912, 0, 0
6354, 10, 492, 688, 2, 0, 2.92%, 0, 0, 12, 102.75, 805055, 1912, 0, 0
6359, 10, 139, 688, 2, 0, 2.92%, 0, 0, 12, 104.42, 805602, 1912, 0, 0
6364, 10, 601, 688, 2, 0, 2.92%, 0, 0, 12, 106.00, 806168, 1912, 0, 0
6369, 10, 533, 688, 2, 0, 2.92%, 0, 0, 12, 107.28, 806864, 1912, 0, 0
6374, 10, 158, 688, 2, 0, 2.92%, 0, 0, 12, 104.92, 807374, 1912, 0, 0
6379, 10, 243, 688, 2, 0, 2.92%, 0, 0, 12, 107.76, 807916, 1912, 0, 0
6385, 10, 239, 688, 2, 0, 2.92%, 0, 0, 12, 113.21, 808512, 1912, 0, 0
6390, 10, 262, 688, 2, 0, 2.92%, 0, 0, 12, 97.66, 809009, 1912, 0, 0
6395, 10, 422, 688, 2, 0, 2.92%, 0, 0, 12, 103.19, 809536, 1912, 0, 0
6400, 10, 686, 688, 2, 0, 2.92%, 0, 0, 12, 83.40, 810160, 1912, 0, 0
6405, 10, 686, 688, 2, 0, 2.92%, 0, 0, 12, 90.69, 810627, 1912, 0, 0
6410, 10, 686, 688, 2, 0, 2.92%, 0, 0, 12, 77.92, 811019, 1912, 0, 0
6415, 10, 686, 688, 2, 0, 2.92%, 0, 0, 12, 87.45, 811476, 1912, 0, 0
6420, 10, 686, 688, 2, 0, 2.92%, 0, 0, 12, 81.67, 811899, 1912, 0, 0
6426, 10, 557, 688, 1, 0, 2.92%, 0, 0, 12, 100.06, 812601, 1912, 0, 0
6431, 10, 457, 688, 1, 0, 2.92%, 0, 0, 12, 104.28, 813130, 1912, 0, 0
6436, 10, 607, 688, 1, 0, 2.92%, 0, 0, 12, 104.58, 813645, 1912, 0, 0
6441, 10, 687, 688, 1, 0, 2.92%, 0, 0, 12, 95.94, 814094, 1912, 0, 0
6446, 10, 687, 688, 1, 0, 2.92%, 0, 0, 12, 102.52, 814626, 1912, 0, 0
6451, 10, 505, 688, 0, 0, 2.92%, 0, 0, 12, 88.72, 815084, 1912, 0, 0
6456, 10, 462, 688, 0, 0, 2.92%, 0, 0, 12, 104.45, 815750, 1912, 0, 0
6461, 10, 388, 688, 0, 0, 2.92%, 0, 0, 12, 97.87, 816243, 1912, 0, 0
6467, 10, 355, 688, 0, 0, 2.92%, 0, 0, 12, 104.88, 816797, 1912, 0, 0
6472, 10, 463, 688, 0, 0, 2.92%, 0, 0, 12, 112.80, 817387, 1912, 0, 0
6477, 10, 341, 688, 0, 0, 2.92%, 0, 0, 12, 106.73, 817937, 1912, 0, 0
6482, 10, 531, 688, 0, 0, 2.92%, 0, 0, 12, 119.03, 818555, 1912, 0, 0
6482, 10, 326, 688, 0, 0, 2.92%, 0, 0, 12, 0.00, 818589, 1912, 0, 0
6481, 10, 326, 688, 0, 0, 2.92%, 0, 0, 12, 0.00, 818590, 1912, 0, 0
6486, 10, 261, 688, 0, 0, 2.92%, 0, 0, 12, 108.41, 819165, 1912, 0, 0
6491, 10, 262, 688, 0, 0, 2.92%, 0, 0, 12, 104.93, 819694, 1912, 0, 0
6496, 10, 136, 688, 0, 0, 2.92%, 0, 0, 12, 114.86, 820262, 1912, 0, 0
6501, 10, 464, 688, 0, 0, 2.92%, 0, 0, 12, 125.53, 820904, 1912, 0, 0
6506, 10, 68, 688, 0, 0, 2.92%, 0, 0, 12, 117.98, 821490, 1912, 0, 0
6511, 10, 136, 688, 0, 0, 2.92%, 0, 0, 12, 73.01, 822139, 1912, 0, 0
6516, 10, 148, 688, 0, 0, 2.92%, 0, 0, 12, 105.76, 822740, 1912, 0, 0
6521, 10, 527, 689, 1, 0, 2.92%, 0, 0, 12, 112.06, 823275, 1912, 0, 0
6526, 10, 442, 689, 1, 0, 2.92%, 0, 0, 12, 117.14, 823884, 1912, 0, 0
6531, 10, 158, 689, 1, 0, 2.92%, 0, 0, 12, 115.50, 824419, 1912, 0, 0
6537, 10, 582, 689, 1, 0, 2.92%, 0, 0, 12, 86.08, 824844, 1912, 0, 0
6542, 10, 451, 689, 1, 0, 2.92%, 0, 0, 12, 92.59, 825465, 1912, 0, 0
6547, 10, 142, 689, 1, 0, 2.92%, 0, 0, 12, 117.27, 826098, 1912, 0, 0
6552, 10, 239, 689, 1, 0, 2.92%, 0, 0, 12, 121.31, 826731, 1912, 0, 0
6557, 10, 165, 689, 1, 0, 2.92%, 0, 0, 12, 127.29, 827415, 1912, 0, 0
6562, 10, 651, 689, 1, 0, 2.92%, 0, 0, 12, 132.10, 828077, 1912, 0, 0
6567, 10, 645, 689, 1, 0, 2.92%, 0, 0, 12, 119.15, 828698, 1912, 0, 0
6567, 10, 645, 689, 1, 0, 2.92%, 0, 0, 12, 0.00, 828716, 1912, 0, 0
6566, 10, 645, 689, 1, 0, 2.92%, 0, 0, 12, 0.00, 828717, 1912, 0, 0
6571, 10, 682, 689, 1, 0, 2.92%, 0, 0, 12, 100.57, 829227, 1912, 0, 0
6576, 10, 196, 689, 1, 0, 2.92%, 0, 0, 12, 111.36, 829805, 1912, 0, 0
6581, 10, 198, 689, 1, 0, 2.92%, 0, 0, 12, 107.16, 830331, 1912, 0, 0
6587, 10, 682, 691, 3, 0, 2.92%, 0, 0, 12, 121.46, 830965, 1912, 0, 0
6592, 10, 368, 691, 3, 0, 2.92%, 0, 0, 12, 107.93, 831473, 1912, 0, 0
6597, 10, 688, 691, 3, 0, 2.92%, 0, 0, 12, 106.42, 832270, 1912, 0, 0
6602, 10, 678, 691, 2, 0, 2.92%, 0, 0, 12, 116.69, 832902, 1912, 0, 0
6607, 10, 219, 691, 2, 0, 2.92%, 0, 0, 12, 114.13, 833488, 1912, 0, 0
6612, 10, 466, 691, 2, 0, 2.92%, 0, 0, 12, 121.58, 834103, 1912, 0, 0
6617, 10, 213, 691, 2, 0, 2.92%, 0, 0, 12, 125.04, 834766, 1912, 0, 0
6622, 10, 75, 691, 2, 0, 2.92%, 0, 0, 12, 121.54, 835372, 1912, 0, 0
6627, 10, 32, 691, 2, 0, 2.92%, 0, 0, 12, 119.34, 836160, 1912, 0, 0
6633, 10, 690, 691, 2, 0, 2.92%, 0, 0, 12, 98.07, 836618, 1912, 0, 0
6638, 10, 248, 691, 1, 0, 2.92%, 0, 0, 12, 116.27, 837255, 1912, 0, 0
6643, 10, 656, 691, 1, 0, 2.92%, 0, 0, 12, 119.87, 837879, 1912, 0, 0
6648, 10, 258, 691, 1, 0, 2.92%, 0, 0, 12, 104.42, 838399, 1912, 0, 0
6653, 10, 165, 691, 1, 0, 2.92%, 0, 0, 12, 115.24, 838970, 1912, 0, 0
6652, 10, 165, 691, 1, 0, 2.92%, 0, 0, 12, 0.00, 838972, 1912, 0, 0
6651, 10, 165, 691, 1, 0, 2.92%, 0, 0, 12, 0.00, 838997, 1912, 0, 0
6657, 10, 209, 691, 1, 0, 2.92%, 0, 0, 12, 122.49, 839630, 1912, 0, 0
6662, 10, 490, 691, 1, 0, 2.92%, 0, 0, 12, 123.06, 840246, 1912, 0, 0
6667, 10, 235, 691, 1, 0, 2.92%, 0, 0, 12, 119.05, 840864, 1912, 0, 0
6672, 10, 239, 691, 1, 0, 2.92%, 0, 0, 12, 103.30, 841351, 1912, 0, 0
6677, 10, 596, 691, 1, 0, 2.92%, 0, 0, 12, 117.42, 841949, 1912, 0, 0
6682, 10, 538, 691, 1, 0, 2.92%, 0, 0, 12, 93.29, 842630, 1912, 0, 0
6687, 10, 354, 691, 1, 0, 2.92%, 0, 0, 12, 111.80, 843229, 1912, 0, 0
6692, 10, 491, 691, 1, 0, 2.92%, 0, 0, 12, 107.17, 843761, 1912, 0, 0
6697, 10, 457, 691, 1, 0, 2.92%, 0, 0, 12, 120.38, 844401, 1912, 0, 0
6702, 10, 492, 691, 1, 0, 2.92%, 0, 0, 12, 115.29, 844967, 1912, 0, 0
6707, 10, 457, 691, 1, 0, 2.92%, 0, 0, 12, 119.58, 845587, 1912, 0, 0
6713, 10, 215, 691, 1, 0, 2.92%, 0, 0, 12, 118.39, 846396, 1912, 0, 0
6718, 10, 280, 691, 1, 0, 2.92%, 0, 0, 12, 121.64, 847025, 1912, 0, 0
6723, 10, 227, 691, 1, 0, 2.92%, 0, 0, 12, 128.16, 847673, 1912, 0, 0
6728, 10, 607, 691, 1, 0, 2.92%, 0, 0, 12, 114.32, 848248, 1912, 0, 0
6733, 10, 165, 691, 1, 0, 2.92%, 0, 0, 12, 115.11, 848798, 1912, 0, 0
6738, 10, 232, 691, 1, 0, 2.92%, 0, 0, 12, 105.74, 849338, 1912, 0, 0
6737, 11, 215, 691, 1, 0, 2.92%, 0, 0, 12, 0.00, 849354, 1912, 0, 0
6742, 11, 527, 691, 1, 0, 2.92%, 0, 0, 12, 113.17, 849934, 1912, 0, 0
6747, 11, 532, 691, 1, 0, 2.92%, 0, 0, 12, 113.18, 850502, 1912, 0, 0
6752, 11, 571, 691, 1, 0, 2.92%, 0, 0, 12, 119.40, 851128, 1912, 0, 0
6757, 11, 139, 691, 1, 0, 2.92%, 0, 0, 12, 117.29, 851722, 1912, 0, 0
6762, 11, 531, 691, 1, 0, 2.92%, 0, 0, 12, 114.16, 852272, 1912, 0, 0
6767, 11, 449, 691, 1, 0, 2.92%, 0, 0, 12, 110.74, 853038, 1912, 0, 0
6772, 11, 533, 691, 1, 0, 2.92%, 0, 0, 12, 114.97, 853640, 1912, 0, 0
6777, 11, 609, 691, 0, 0, 2.92%, 0, 0, 12, 116.53, 854232, 1912, 0, 0
6782, 11, 463, 691, 0, 0, 2.92%, 0, 0, 12, 111.45, 854752, 1912, 0, 0
6787, 11, 235, 691, 0, 0, 2.92%, 0, 0, 12, 110.83, 855326, 1912, 0, 0
6792, 11, 636, 691, 0, 0, 2.92%, 0, 0, 12, 109.25, 855870, 1912, 0, 0
6797, 11, 305, 691, 0, 0, 2.92%, 0, 0, 12, 112.56, 856632, 1912, 0, 0
6803, 11, 229, 691, 0, 0, 2.92%, 0, 0, 12, 122.23, 857272, 1912, 0, 0
6808, 11, 139, 691, 0, 0, 2.92%, 0, 0, 12, 113.57, 857850, 1912, 0, 0
6813, 11, 645, 691, 0, 0, 2.92%, 0, 0, 12, 104.68, 858359, 1912, 0, 0
6818, 11, 120, 691, 0, 0, 2.92%, 0, 0, 12, 109.85, 858949, 1912, 0, 0
6823, 11, 452, 692, 1, 0, 2.92%, 0, 0, 12, 118.84, 859538, 1912, 0, 0
6822, 11, 452, 692, 1, 0, 2.92%, 0, 0, 12, 0.00, 859594, 1912, 0, 0
6827, 11, 449, 692, 1, 0, 2.92%, 0, 0, 12, 117.06, 860179, 1912, 0, 0
6832, 11, 651, 693, 2, 0, 2.92%, 0, 0, 12, 112.17, 860720, 1912, 0, 0
6837, 11, 689, 693, 2, 0, 2.92%, 0, 0, 12, 112.95, 861291, 1912, 0, 0
6842, 11, 462, 693, 2, 0, 2.92%, 0, 0, 12, 106.25, 861809, 1912, 0, 0
6847, 11, 235, 693, 2, 0, 2.92%, 0, 0, 12, 115.12, 862374, 1912, 0, 0
6852, 11, 210, 693, 2, 0, 2.92%, 0, 0, 12, 117.45, 863048, 1912, 0, 0
6857, 11, 125, 693, 2, 0, 2.92%, 0, 0, 12, 104.55, 863584, 1912, 0, 0
6862, 11, 466, 693, 2, 0, 2.92%, 0, 0, 12, 119.22, 864171, 1912, 0, 0
6867, 11, 451, 693, 2, 0, 2.92%, 0, 0, 12, 117.05, 864779, 1912, 0, 0
6873, 11, 198, 693, 2, 0, 2.92%, 0, 0, 12, 116.23, 865357, 1912, 0, 0
6878, 11, 691, 693, 2, 0, 2.92%, 0, 0, 12, 111.96, 865934, 1912, 0, 0
6883, 11, 335, 693, 1, 0, 2.92%, 0, 0, 12, 115.50, 866668, 1912, 0, 0
6888, 11, 527, 693, 1, 0, 2.92%, 0, 0, 12, 109.65, 867224, 1912, 0, 0
6893, 11, 262, 693, 1, 0, 2.92%, 0, 0, 12, 123.36, 867860, 1912, 0, 0
6898, 11, 137, 693, 1, 0, 2.92%, 0, 0, 12, 119.26, 868472, 1912, 0, 0
6903, 11, 452, 693, 1, 0, 2.92%, 0, 0, 12, 118.60, 869054, 1912, 0, 0
6908, 11, 78, 693, 1, 0, 2.92%, 0, 0, 12, 120.56, 869686, 1912, 0, 0
6907, 11, 533, 693, 1, 0, 2.92%, 0, 0, 12, 0.00, 869762, 1912, 0, 0
6912, 11, 549, 693, 1, 0, 2.92%, 0, 0, 12, 113.72, 870371, 1912, 0, 0
6917, 11, 136, 693, 1, 0, 2.92%, 0, 0, 12, 114.30, 870963, 1912, 0, 0
6923, 11, 220, 693, 1, 0, 2.92%, 0, 0, 12, 121.78, 871566, 1912, 0, 0
6928, 11, 645, 693, 1, 0, 2.92%, 0, 0, 12, 123.68, 872204, 1912, 0, 0
6933, 11, 75, 693, 1, 0, 2.92%, 0, 0, 12, 125.87, 872826, 1912, 0, 0
6938, 11, 451, 693, 1, 0, 2.92%, 0, 0, 12, 106.30, 873571, 1912, 0, 0
6943, 11, 440, 693, 1, 0, 2.92%, 0, 0, 12, 108.55, 874119, 1912, 0, 0
6948, 11, 685, 693, 1, 0, 2.92%, 0, 0, 12, 112.95, 874722, 1912, 0, 0
6953, 11, 636, 693, 1, 0, 2.92%, 0, 0, 12, 121.23, 875346, 1912, 0, 0
6958, 11, 531, 693, 1, 0, 2.92%, 0, 0, 12, 111.32, 875894, 1912, 0, 0
6963, 11, 158, 693, 1, 0, 2.92%, 0, 0, 12, 118.16, 876497, 1912, 0, 0
6968, 11, 135, 693, 1, 0, 2.92%, 0, 0, 12, 93.02, 877189, 1912, 0, 0
6973, 11, 194, 693, 1, 0, 2.92%, 0, 0, 12, 117.46, 877820, 1912, 0, 0
6978, 11, 242, 694, 1, 0, 2.92%, 0, 0, 12, 113.91, 878401, 1913, 0, 0
6984, 11, 165, 694, 1, 0, 2.92%, 0, 0, 12, 122.82, 879041, 1913, 0, 0
6989, 11, 142, 694, 1, 0, 2.92%, 0, 0, 12, 110.13, 879601, 1913, 0, 0
6994, 11, 450, 694, 1, 0, 2.92%, 0, 0, 12, 115.66, 880178, 1913, 0, 0
6992, 11, 450, 694, 1, 0, 2.92%, 0, 0, 12, 0.00, 880216, 1913, 0, 0
6998, 11, 693, 694, 1, 0, 2.92%, 0, 0, 12, 107.10, 880760, 1913, 0, 0
7003, 11, 533, 694, 1, 0, 2.92%, 0, 0, 12, 117.25, 881362, 1913, 0, 0
7008, 11, 135, 694, 1, 0, 2.92%, 0, 0, 12, 103.58, 881864, 1913, 0, 0
7013, 11, 150, 694, 1, 0, 2.92%, 0, 0, 12, 118.28, 882479, 1913, 0, 0
7018, 11, 380, 694, 1, 0, 2.92%, 0, 0, 12, 107.66, 883049, 1913, 0, 0
7023, 11, 571, 694, 1, 0, 2.92%, 0, 0, 12, 123.99, 883795, 1913, 0, 0
7028, 11, 538, 694, 1, 0, 2.92%, 0, 0, 12, 103.62, 884334, 1913, 0, 0
7033, 11, 492, 694, 1, 0, 2.92%, 0, 0, 12, 108.40, 884886, 1913, 0, 0
7038, 11, 405, 694, 1, 0, 2.92%, 0, 0, 12, 111.57, 885446, 1913, 0, 0
7043, 11, 129, 694, 1, 0, 2.92%, 0, 0, 12, 120.62, 886059, 1913, 0, 0
7049, 11, 210, 694, 1, 0, 2.92%, 0, 0, 12, 116.99, 886681, 1913, 0, 0
7054, 11, 564, 694, 0, 0, 2.92%, 0, 0, 12, 123.01, 887474, 1913, 0, 0
7059, 11, 468, 695, 1, 0, 2.92%, 0, 0, 12, 110.47, 888019, 1913, 0, 0
7064, 11, 442, 695, 1, 0, 2.92%, 0, 0, 12, 111.13, 888572, 1913, 0, 0
7069, 11, 261, 695, 1, 0, 2.92%, 0, 0, 12, 116.80, 889174, 1913, 0, 0
7074, 11, 405, 695, 1, 0, 2.92%, 0, 0, 12, 117.04, 889786, 1913, 0, 0
7079, 11, 530, 695, 1, 0, 2.92%, 0, 0, 12, 120.16, 890388, 1913, 0, 0
7078, 11, 530, 695, 1, 0, 2.92%, 0, 0, 12, 0.00, 890408, 1913, 0, 0
7083, 11, 466, 695, 1, 0, 2.92%, 0, 0, 12, 108.00, 890985, 1913, 0, 0
7088, 11, 120, 695, 1, 0, 2.92%, 0, 0, 12, 105.60, 891538, 1913, 0, 0
7093, 11, 685, 695, 1, 0, 2.92%, 0, 0, 12, 124.93, 892180, 1913, 0, 0
7098, 11, 166, 696, 2, 0, 2.92%, 0, 0, 12, 111.69, 892746, 1913, 0, 0
7103, 11, 491, 696, 2, 0, 2.92%, 0, 0, 12, 97.27, 893210, 1913, 0, 0
7108, 11, 693, 696, 2, 0, 2.92%, 0, 0, 12, 91.68, 893961, 1913, 0, 0
7113, 11, 579, 696, 2, 0, 2.92%, 0, 0, 12, 114.79, 894557, 1913, 0, 0
7118, 11, 74, 696, 2, 0, 2.92%, 0, 0, 12, 111.71, 895147, 1913, 0, 0
7124, 11, 645, 696, 2, 0, 2.92%, 0, 0, 12, 106.99, 895658, 1913, 0, 0
7129, 11, 468, 696, 2, 0, 2.92%, 0, 0, 12, 118.16, 896297, 1913, 0, 0
7134, 11, 215, 696, 2, 0, 2.92%, 0, 0, 12, 104.04, 896793, 1913, 0, 0
7139, 11, 450, 696, 2, 0, 2.92%, 0, 0, 12, 104.51, 897529, 1913, 0, 0
7144, 11, 120, 696, 2, 0, 2.92%, 0, 0, 12, 120.35, 898163, 1913, 0, 0
7149, 11, 150, 696, 2, 0, 2.92%, 0, 0, 12, 111.89, 898735, 1913, 0, 0
7154, 11, 464, 696, 2, 0, 2.92%, 0, 0, 12, 122.03, 899340, 1913, 0, 0
7159, 11, 62, 696, 2, 0, 2.92%, 0, 0, 12, 121.39, 899986, 1913, 0, 0
7164, 11, 620, 696, 2, 0, 2.92%, 0, 0, 12, 122.29, 900608, 1913, 0, 0
7163, 11, 620, 696, 2, 0, 2.92%, 0, 0, 12, 0.00, 900610, 1913, 0, 0
7168, 11, 549, 696, 2, 0, 2.92%, 0, 0, 12, 116.98, 901236, 1913, 0, 0
7173, 11, 145, 696, 2, 0, 2.92%, 0, 0, 12, 116.92, 901818, 1913, 0, 0
7178, 11, 490, 697, 3, 0, 2.92%, 0, 0, 12, 118.03, 902414, 1913, 0, 0
7183, 11, 248, 697, 3, 0, 2.92%, 0, 0, 12, 104.92, 902939, 1913, 0, 0
7188, 11, 492, 697, 3, 0, 2.92%, 0, 0, 12, 117.89, 903548, 1913, 0, 0
7193, 11, 638, 697, 3, 0, 2.92%, 0, 0, 12, 125.54, 904412, 1913, 0, 0
7198, 11, 579, 697, 3, 0, 2.92%, 0, 0, 12, 108.94, 904950, 1913, 0, 0
7203, 11, 309, 697, 3, 0, 2.92%, 0, 0, 12, 122.34, 905562, 1913, 0, 0
7209, 11, 129, 697, 3, 0, 2.92%, 0, 0, 12, 119.13, 906198, 1913, 0, 0
7214, 11, 217, 697, 3, 0, 2.92%, 0, 0, 12, 120.25, 906803, 1913, 0, 0
7219, 11, 198, 697, 3, 0, 2.92%, 0, 0, 12, 121.05, 907437, 1913, 0, 0
7224, 11, 491, 697, 3, 0, 2.92%, 0, 0, 12, 44.61, 908160, 1913, 0, 0
7229, 11, 198, 697, 3, 0, 2.92%, 0, 0, 12, 99.91, 908733, 1913, 0, 0
7234, 11, 75, 697, 3, 0, 2.92%, 0, 0, 12, 115.80, 909350, 1913, 0, 0
7240, 11, 504, 697, 3, 0, 2.92%, 0, 0, 12, 120.12, 909988, 1913, 0, 0
7245, 11, 636, 697, 3, 0, 2.92%, 0, 0, 12, 114.20, 910553, 1913, 0, 0
7250, 11, 571, 697, 3, 0, 2.92%, 0, 0, 12, 88.00, 911283, 1913, 0, 0
7255, 11, 693, 698, 4, 0, 2.92%, 0, 0, 13, 111.47, 911875, 1913, 0, 0
7260, 11, 280, 698, 4, 0, 2.92%, 0, 0, 13, 99.15, 912378, 1913, 0, 0
7265, 11, 262, 698, 4, 0, 2.92%, 0, 0, 13, 112.59, 912955, 1913, 0, 0
7270, 11, 490, 698, 3, 0, 2.92%, 0, 0, 13, 119.89, 913564, 1913, 0, 0
7275, 11, 678, 698, 3, 0, 2.92%, 0, 0, 13, 110.52, 914132, 1913, 0, 0
7280, 11, 140, 698, 3, 0, 2.92%, 0, 0, 13, 112.42, 914904, 1913, 0, 0
7285, 11, 694, 698, 3, 0, 2.92%, 0, 0, 13, 123.99, 915541, 1913, 0, 0
7290, 11, 454, 698, 2, 0, 2.92%, 0, 0, 13, 118.62, 916145, 1913, 0, 0
7295, 11, 671, 698, 2, 0, 2.92%, 0, 0, 13, 122.32, 916774, 1913, 0, 0
7301, 11, 520, 698, 2, 0, 2.92%, 0, 0, 13, 107.72, 917324, 1913, 0, 0
7306, 11, 140, 698, 2, 0, 2.92%, 0, 0, 13, 118.62, 917926, 1913, 0, 0
7305, 11, 694, 698, 2, 0, 2.92%, 0, 0, 13, 0.00, 918042, 1913, 0, 0
7310, 11, 685, 698, 2, 0, 2.92%, 0, 0, 13, 106.65, 918600, 1913, 0, 0
7315, 11, 624, 698, 2, 0, 2.92%, 0, 0, 13, 110.38, 919179, 1913, 0, 0
7320, 11, 242, 698, 2, 0, 2.92%, 0, 0, 13, 124.07, 919829, 1913, 0, 0
7325, 11, 242, 698, 2, 0, 2.92%, 0, 0, 13, 122.14, 920441, 1913, 0, 0
7331, 11, 463, 698, 2, 0, 2.92%, 0, 0, 13, 105.48, 920993, 1913, 0, 0
7336, 11, 450, 698, 2, 0, 2.92%, 0, 0, 13, 108.62, 921839, 1913, 0, 0
7341, 11, 299, 698, 2, 0, 2.92%, 0, 0, 13, 119.18, 922445, 1913, 0, 0
7346, 11, 242, 698, 1, 0, 2.92%, 0, 0, 13, 123.70, 923096, 1913, 0, 0
7351, 11, 491, 698, 1, 0, 2.92%, 0, 0, 13, 106.64, 923612, 1913, 0, 0
7356, 12, 661, 698, 1, 0, 2.92%, 0, 0, 13, 108.08, 924154, 1913, 0, 0
7361, 12, 492, 698, 1, 0, 2.92%, 0, 0, 13, 104.46, 924675, 1913, 0, 0
7366, 12, 463, 698, 1, 0, 2.92%, 0, 0, 13, 112.96, 925405, 1913, 0, 0
7372, 12, 457, 698, 1, 0, 2.92%, 0, 0, 13, 106.55, 925928, 1913, 0, 0
7377, 12, 679, 698, 1, 0, 2.92%, 0, 0, 13, 114.30, 926515, 1913, 0, 0
7382, 12, 698, 699, 2, 1, 2.92%, 0, 0, 13, 106.39, 927020, 1913, 0, 0
7387, 12, 520, 699, 1, 0, 2.92%, 0, 0, 13, 121.92, 927660, 1913, 0, 0
7392, 12, 520, 699, 1, 0, 2.92%, 0, 0, 13, 113.87, 928433, 1913, 0, 0
7397, 12, 451, 699, 1, 0, 2.92%, 0, 0, 13, 118.22, 929037, 1913, 0, 0
7402, 12, 230, 699, 1, 0, 2.92%, 0, 0, 13, 124.99, 929671, 1913, 0, 0
7407, 12, 366, 699, 1, 0, 2.92%, 0, 0, 13, 129.45, 930336, 1913, 0, 0
7412, 12, 135, 699, 1, 0, 2.92%, 0, 0, 13, 115.97, 930910, 1913, 0, 0
7417, 12, 136, 699, 1, 0, 2.92%, 0, 0, 13, 123.11, 931540, 1913, 0, 0
7422, 12, 198, 699, 1, 0, 2.92%, 0, 0, 13, 119.54, 932277, 1913, 0, 0
7427, 12, 150, 699, 1, 0, 2.92%, 0, 0, 13, 110.16, 932823, 1913, 0, 0
7433, 12, 211, 699, 1, 0, 2.92%, 0, 0, 13, 110.27, 933392, 1913, 0, 0
7438, 12, 368, 699, 1, 0, 2.92%, 0, 0, 13, 114.60, 934004, 1913, 0, 0
7443, 12, 203, 699, 1, 0, 2.92%, 0, 0, 13, 119.14, 934583, 1913, 0, 0
7448, 12, 651, 699, 1, 0, 2.92%, 0, 0, 13, 124.15, 935242, 1913, 0, 0
7447, 12, 651, 699, 1, 0, 2.92%, 0, 0, 13, 0.00, 935278, 1913, 0, 0
7452, 12, 693, 699, 1, 0, 2.92%, 0, 0, 13, 114.04, 935835, 1913, 0, 0
7457, 12, 655, 699, 1, 0, 2.92%, 0, 0, 13, 121.47, 936460, 1913, 0, 0
7462, 12, 65, 699, 1, 0, 2.92%, 0, 0, 13, 108.62, 936971, 1913, 0, 0
7467, 12, 463, 699, 1, 0, 2.92%, 0, 0, 13, 125.91, 937634, 1913, 0, 0
7472, 12, 491, 699, 1, 0, 2.92%, 0, 0, 13, 118.64, 938208, 1913, 0, 0
7478, 12, 277, 699, 1, 0, 2.92%, 0, 0, 13, 133.92, 939051, 1913, 0, 0
7483, 12, 636, 699, 1, 0, 2.92%, 0, 0, 13, 109.59, 939603, 1913, 0, 0
7488, 12, 248, 699, 1, 0, 2.92%, 0, 0, 13, 118.66, 940231, 1913, 0, 0
7493, 12, 229, 699, 1, 0, 2.92%, 0, 0, 13, 123.52, 940859, 1913, 0, 0
7498, 12, 120, 699, 1, 0, 2.92%, 0, 0, 13, 106.64, 941400, 1913, 0, 0
7503, 12, 228, 699, 1, 0, 2.92%, 0, 0, 13, 109.94, 941918, 1913, 0, 0
7508, 12, 235, 699, 1, 0, 2.92%, 0, 0, 13, 104.54, 942674, 1913, 0, 0
7513, 12, 262, 699, 1, 0, 2.92%, 0, 0, 13, 111.19, 943221, 1913, 0, 0
7518, 12, 579, 699, 1, 0, 2.92%, 0, 0, 13, 114.06, 943843, 1913, 0, 0
7523, 12, 224, 699, 1, 0, 2.92%, 0, 0, 13, 120.68, 944451, 1913, 0, 0
7529, 12, 643, 699, 1, 0, 2.92%, 0, 0, 13, 117.80, 945062, 1913, 0, 0
7534, 12, 75, 699, 1, 0, 2.92%, 0, 0, 13, 98.38, 945808, 1913, 0, 0
7539, 12, 607, 699, 1, 0, 2.92%, 0, 0, 13, 111.37, 946373, 1913, 0, 0
7544, 12, 644, 699, 1, 0, 2.92%, 0, 0, 13, 116.54, 946950, 1913, 0, 0
7549, 12, 693, 699, 0, 0, 2.92%, 0, 0, 13, 112.85, 947551, 1913, 0, 0
7554, 12, 538, 699, 0, 0, 2.92%, 0, 0, 13, 124.79, 948179, 1913, 0, 0
7559, 12, 129, 699, 0, 0, 2.92%, 0, 0, 13, 115.17, 948762, 1913, 0, 0
7564, 12, 142, 699, 0, 0, 2.92%, 0, 0, 13, 132.44, 949617, 1913, 0, 0
7569, 12, 531, 699, 0, 0, 2.92%, 0, 0, 13, 109.95, 950170, 1913, 0, 0
7574, 12, 203, 699, 0, 0, 2.92%, 0, 0, 13, 116.56, 950731, 1913, 0, 0
7579, 12, 466, 699, 0, 0, 2.92%, 0, 0, 13, 109.61, 951323, 1913, 0, 0
7584, 12, 317, 699, 0, 0, 2.92%, 0, 0, 13, 103.78, 951828, 1913, 0, 0
7589, 12, 283, 699, 0, 0, 2.92%, 0, 0, 13, 107.66, 952375, 1913, 0, 0
7589, 12, 235, 699, 0, 0, 2.92%, 0, 0, 13, 0.00, 952468, 1913, 0, 0
7594, 12, 548, 699, 0, 0, 2.92%, 0, 0, 13, 101.33, 952976, 1913, 0, 0
7599, 12, 538, 699, 0, 0, 2.92%, 0, 0, 13, 105.49, 953560, 1913, 0, 0
7604, 12, 579, 699, 0, 0, 2.92%, 0, 0, 13, 119.15, 954176, 1913, 0, 0
7609, 12, 685, 699, 0, 0, 2.92%, 0, 0, 13, 103.04, 954688, 1913, 0, 0
7615, 12, 638, 699, 0, 0, 2.92%, 0, 0, 13, 116.78, 955291, 1913, 0, 0
7620, 12, 136, 699, 0, 0, 2.92%, 0, 0, 13, 100.37, 956047, 1913, 0, 0
7625, 12, 693, 699, 0, 0, 2.92%, 0, 0, 13, 112.40, 956614, 1913, 0, 0
7630, 12, 439, 699, 0, 0, 2.92%, 0, 0, 13, 112.64, 957199, 1913, 0, 0
7635, 12, 210, 699, 0, 0, 2.92%, 0, 0, 13, 104.24, 957715, 1913, 0, 0
7640, 12, 52, 699, 0, 0, 2.92%, 0, 0, 13, 110.04, 958319, 1913, 0, 0
7645, 12, 685, 699, 0, 0, 2.92%, 0, 0, 13, 99.43, 958804, 1913, 0, 0
7650, 12, 489, 699, 0, 0, 2.92%, 0, 0, 13, 101.85, 959496, 1913, 0, 0
7656, 12, 213, 701, 2, 0, 2.92%, 0, 0, 13, 97.61, 959981, 1913, 0, 0
7661, 12, 579, 701, 2, 0, 2.92%, 0, 0, 13, 93.78, 960462, 1913, 0, 0
7666, 12, 497, 701, 2, 0, 2.92%, 0, 0, 13, 102.34, 960992, 1913, 0, 0
7671, 12, 401, 701, 2, 0, 2.92%, 0, 0, 13, 100.37, 961509, 1913, 0, 0
7676, 12, 607, 701, 1, 0, 2.92%, 0, 0, 13, 137.66, 962309, 1913, 0, 0
7681, 12, 83, 701, 1, 0, 2.92%, 0, 0, 13, 109.84, 962820, 1913, 0, 0
7686, 12, 284, 701, 1, 0, 2.92%, 0, 0, 13, 118.89, 963427, 1913, 0, 0
7691, 12, 206, 701, 1, 0, 2.92%, 0, 0, 13, 108.24, 963949, 1913, 0, 0
7696, 12, 552, 701, 1, 0, 2.92%, 0, 0, 13, 124.89, 964609, 1913, 0, 0
7701, 12, 140, 701, 1, 0, 2.92%, 0, 0, 13, 107.70, 965138, 1913, 0, 0
7706, 12, 645, 701, 1, 0, 2.92%, 0, 0, 13, 129.16, 965890, 1913, 0, 0
7711, 12, 213, 701, 1, 0, 2.92%, 0, 0, 13, 113.00, 966439, 1913, 0, 0
7716, 12, 693, 701, 1, 0, 2.92%, 0, 0, 13, 105.18, 966984, 1913, 0, 0
7721, 12, 140, 701, 1, 0, 2.92%, 0, 0, 13, 96.91, 967473, 1913, 0, 0
7727, 12, 213, 701, 1, 0, 2.92%, 0, 0, 13, 114.38, 968056, 1913, 0, 0
7732, 12, 693, 701, 1, 0, 2.92%, 0, 0, 13, 120.49, 968670, 1913, 0, 0
7731, 12, 636, 701, 1, 0, 2.92%, 0, 0, 13, 0.00, 968776, 1913, 0, 0
7736, 12, 449, 702, 2, 0, 2.96%, 0, 0, 13, 120.26, 969391, 1940, 0, 0
7741, 12, 607, 702, 1, 0, 2.96%, 0, 0, 13, 103.26, 969901, 1940, 0, 0
7746, 12, 290, 702, 1, 0, 2.96%, 0, 0, 13, 104.63, 970451, 1940, 0, 0
7751, 12, 671, 702, 1, 0, 2.96%, 0, 0, 13, 105.36, 970983, 1940, 0, 0
7756, 12, 13, 702, 1, 0, 2.96%, 0, 0, 13, 117.13, 971575, 1940, 0, 0
7761, 12, 529, 702, 1, 0, 2.96%, 0, 0, 13, 115.04, 972389, 1940, 0, 0
7767, 12, 139, 702, 1, 0, 2.96%, 0, 0, 13, 117.36, 973005, 1940, 0, 0
7772, 12, 645, 702, 1, 0, 2.96%, 0, 0, 13, 113.21, 973565, 1940, 0, 0
7777, 12, 636, 702, 1, 0, 2.96%, 0, 0, 13, 117.35, 974178, 1940, 0, 0
7782, 12, 549, 702, 1, 0, 2.96%, 0, 0, 13, 103.19, 974683, 1940, 0, 0
7787, 12, 571, 702, 1, 0, 2.96%, 0, 0, 13, 111.85, 975289, 1940, 0, 0
7792, 12, 232, 702, 1, 0, 2.96%, 0, 0, 13, 115.70, 976001, 1940, 0, 0
7797, 12, 449, 702, 1, 0, 2.96%, 0, 0, 13, 121.88, 976645, 1940, 0, 0
7802, 12, 248, 702, 1, 0, 2.96%, 0, 0, 13, 123.01, 977283, 1940, 0, 0
7808, 12, 538, 702, 1, 0, 2.96%, 0, 0, 13, 120.68, 977904, 1940, 0, 0
7813, 12, 532, 703, 2, 0, 2.96%, 0, 0, 13, 110.16, 978431, 1940, 0, 0
7818, 12, 606, 703, 2, 0, 2.96%, 0, 0, 13, 117.25, 979216, 1940, 0, 0
7823, 12, 656, 703, 2, 0, 2.96%, 0, 0, 13, 118.02, 979795, 1940, 0, 0
7828, 12, 248, 703, 2, 0, 2.96%, 0, 0, 13, 110.21, 980386, 1940, 0, 0
7833, 12, 701, 704, 3, 0, 2.96%, 0, 0, 13, 103.67, 980873, 1942, 0, 0
7838, 12, 462, 704, 2, 0, 2.96%, 0, 0, 13, 115.58, 981468, 1942, 0, 0
7843, 12, 269, 704, 2, 0, 2.96%, 0, 0, 13, 120.43, 982104, 1942, 0, 0
7849, 12, 656, 704, 2, 0, 2.96%, 0, 0, 13, 100.55, 982862, 1942, 0, 0
7854, 12, 117, 704, 2, 0, 2.96%, 0, 0, 13, 120.89, 983481, 1942, 0, 0
7859, 12, 451, 704, 2, 0, 2.96%, 0, 0, 13, 113.21, 984092, 1942, 0, 0
7864, 12, 28, 704, 2, 0, 2.96%, 0, 0, 13, 118.34, 984721, 1942, 0, 0
7869, 12, 464, 704, 2, 0, 2.96%, 0, 0, 13, 116.46, 985298, 1942, 0, 0
7874, 12, 166, 704, 2, 0, 2.96%, 0, 0, 13, 104.67, 985806, 1942, 0, 0
7874, 12, 166, 704, 2, 0, 2.96%, 0, 0, 13, 0.00, 985836, 1942, 0, 0
7873, 12, 166, 704, 2, 0, 2.96%, 0, 0, 13, 0.00, 985837, 1942, 0, 0
7878, 12, 129, 704, 2, 0, 2.96%, 0, 0, 13, 96.08, 986332, 1942, 0, 0
7883, 12, 461, 704, 2, 0, 2.96%, 0, 0, 13, 100.95, 986840, 1942, 0, 0
7888, 12, 160, 704, 2, 0, 2.96%, 0, 0, 13, 111.59, 987440, 1942, 0, 0
7893, 12, 645, 704, 2, 0, 2.96%, 0, 0, 13, 112.23, 988013, 1942, 0, 0
7898, 12, 366, 704, 2, 0, 2.96%, 0, 0, 13, 111.66, 988595, 1942, 0, 0
7904, 12, 606, 704, 2, 0, 2.96%, 0, 0, 13, 91.55, 989218, 1942, 0, 0
7909, 12, 449, 704, 2, 0, 2.96%, 0, 0, 13, 99.86, 989762, 1942, 0, 0
7914, 12, 373, 704, 2, 0, 2.96%, 0, 0, 13, 117.59, 990360, 1942, 0, 0
7919, 12, 166, 704, 2, 0, 2.96%, 0, 0, 13, 103.65, 990908, 1942, 0, 0
7924, 12, 454, 704, 2, 0, 2.96%, 0, 0, 13, 114.60, 991480, 1942, 0, 0
7929, 12, 701, 704, 2, 0, 2.96%, 0, 0, 13, 122.59, 992129, 1942, 0, 0
7929, 12, 701, 706, 4, 0, 2.97%, 0, 0, 13, 0.00, 992322, 1947, 0, 0
7935, 12, 701, 706, 4, 0, 2.97%, 0, 0, 13, 123.88, 992972, 1947, 0, 0
7940, 12, 701, 707, 5, 0, 2.98%, 0, 0, 13, 109.23, 993531, 1954, 0, 0
7945, 12, 701, 707, 5, 0, 2.98%, 0, 0, 13, 120.00, 994137, 1954, 0, 0
7950, 12, 701, 707, 5, 0, 2.98%, 0, 0, 13, 100.29, 994641, 1954, 0, 0
7955, 12, 701, 707, 5, 0, 2.98%, 0, 0, 13, 107.32, 995173, 1954, 0, 0
7960, 12, 66, 708, 3, 0, 2.98%, 0, 0, 13, 101.53, 995918, 1954, 0, 0
7965, 12, 148, 708, 3, 0, 2.98%, 0, 0, 13, 103.51, 996434, 1954, 0, 0
7970, 12, 165, 708, 3, 0, 2.98%, 0, 0, 13, 114.94, 997024, 1954, 0, 0
7975, 12, 261, 708, 3, 0, 2.98%, 0, 0, 13, 111.32, 997604, 1954, 0, 0
7980, 12, 194, 708, 3, 0, 2.98%, 0, 0, 13, 105.09, 998145, 1954, 0, 0
7985, 12, 121, 708, 3, 0, 2.98%, 0, 0, 13, 114.03, 998728, 1954, 0, 0
7991, 12, 224, 708, 3, 0, 2.98%, 0, 0, 13, 108.86, 999475, 1954, 0, 0
7996, 12, 210, 708, 3, 0, 2.98%, 0, 0, 13, 110.91, 1000053, 1954, 0, 0
8001, 12, 108, 708, 3, 0, 2.98%, 0, 0, 13, 112.51, 1000611, 1954, 0, 0
8006, 13, 230, 708, 3, 0, 2.98%, 0, 0, 13, 105.91, 1001189, 1954, 0, 0
8011, 13, 707, 708, 3, 0, 2.98%, 0, 0, 13, 99.51, 1001684, 1954, 0, 0
8016, 13, 215, 708, 2, 0, 2.98%, 0, 0, 13, 119.07, 1002487, 1954, 0, 0
8021, 13, 440, 708, 2, 0, 2.98%, 0, 0, 13, 95.45, 1002934, 1954, 0, 0
8026, 13, 549, 708, 2, 0, 2.98%, 0, 0, 13, 107.19, 1003515, 1954, 0, 0
8031, 13, 168, 708, 2, 0, 2.98%, 0, 0, 13, 116.26, 1004101, 1954, 0, 0
8036, 13, 216, 708, 2, 0, 2.98%, 0, 0, 13, 112.83, 1004648, 1954, 0, 0
8041, 13, 705, 708, 2, 0, 2.98%, 0, 0, 13, 118.81, 1005243, 1954, 0, 0
8047, 13, 68, 708, 1, 0, 2.98%, 0, 0, 13, 122.27, 1006087, 1954, 0, 0
8052, 13, 581, 708, 1, 0, 2.98%, 0, 0, 13, 107.63, 1006610, 1954, 0, 0
8057, 13, 636, 708, 1, 0, 2.98%, 0, 0, 13, 110.03, 1007179, 1954, 0, 0
8062, 13, 461, 708, 1, 0, 2.98%, 0, 0, 13, 113.86, 1007771, 1954, 0, 0
8067, 13, 239, 708, 1, 0, 2.98%, 0, 0, 13, 117.69, 1008369, 1954, 0, 0
8072, 13, 219, 708, 1, 0, 2.98%, 0, 0, 13, 104.75, 1008875, 1954, 0, 0
8071, 13, 366, 708, 1, 0, 2.98%, 0, 0, 13, 0.00, 1008975, 1954, 0, 0
8076, 13, 67, 708, 1, 0, 2.98%, 0, 0, 13, 117.67, 1009550, 1954, 0, 0
8081, 13, 466, 708, 1, 0, 2.98%, 0, 0, 13, 113.43, 1010135, 1954, 0, 0
8087, 13, 706, 708, 1, 0, 2.98%, 0, 0, 13, 120.15, 1010747, 1954, 0, 0
8092, 13, 706, 708, 1, 0, 2.98%, 0, 0, 13, 110.47, 1011283, 1954, 0, 0
8097, 13, 607, 708, 1, 0, 2.98%, 0, 0, 13, 110.50, 1011845, 1954, 0, 0
8102, 13, 366, 708, 1, 0, 2.98%, 0, 0, 13, 121.10, 1012571, 1954, 0, 0
8107, 13, 571, 708, 1, 0, 2.98%, 0, 0, 13, 125.55, 1013238, 1954, 0, 0
8112, 13, 571, 708, 0, 0, 2.98%, 0, 0, 13, 109.45, 1013757, 1954, 0, 0
8117, 13, 120, 708, 0, 0, 2.98%, 0, 0, 13, 117.94, 1014360, 1954, 0, 0
8122, 13, 560, 708, 0, 0, 2.98%, 0, 0, 13, 107.05, 1014878, 1954, 0, 0
8127, 13, 636, 708, 0, 0, 2.98%, 0, 0, 13, 114.56, 1015489, 1954, 0, 0
8133, 13, 464, 708, 0, 0, 2.98%, 0, 0, 13, 97.58, 1016189, 1954, 0, 0
8138, 13, 442, 708, 0, 0, 2.98%, 0, 0, 13, 109.40, 1016767, 1954, 0, 0
8143, 13, 671, 708, 0, 0, 2.98%, 0, 0, 13, 104.48, 1017296, 1954, 0, 0
8148, 13, 452, 708, 0, 0, 2.98%, 0, 0, 13, 102.54, 1017809, 1954, 0, 0
8153, 13, 203, 708, 0, 0, 2.98%, 0, 0, 13, 101.31, 1018311, 1954, 0, 0
8158, 13, 242, 708, 0, 0, 2.98%, 0, 0, 13, 104.23, 1019101, 1954, 0, 0
8163, 13, 246, 708, 0, 0, 2.98%, 0, 0, 13, 116.38, 1019714, 1954, 0, 0
8168, 13, 611, 708, 0, 0, 2.98%, 0, 0, 13, 120.29, 1020325, 1954, 0, 0
8173, 13, 636, 708, 0, 0, 2.98%, 0, 0, 13, 110.74, 1020856, 1954, 0, 0
8179, 13, 678, 708, 0, 0, 2.98%, 0, 0, 13, 118.55, 1021495, 1954, 0, 0
8184, 13, 242, 708, 0, 0, 2.98%, 0, 0, 13, 117.68, 1022067, 1954, 0, 0
8189, 13, 527, 708, 0, 0, 2.98%, 0, 0, 13, 102.03, 1022753, 1954, 0, 0
8194, 13, 344, 708, 0, 0, 2.98%, 0, 0, 13, 100.33, 1023265, 1954, 0, 0
8199, 13, 643, 708, 0, 0, 2.98%, 0, 0, 13, 114.02, 1023840, 1954, 0, 0
8204, 13, 534, 708, 0, 0, 2.98%, 0, 0, 13, 104.20, 1024357, 1954, 0, 0
8209, 13, 549, 708, 0, 0, 2.98%, 0, 0, 13, 92.60, 1024842, 1954, 0, 0
8214, 13, 219, 708, 0, 0, 2.98%, 0, 0, 13, 111.83, 1025412, 1954, 0, 0
8214, 13, 531, 708, 0, 0, 2.98%, 0, 0, 13, 0.00, 1025470, 1954, 0, 0
8213, 13, 531, 708, 0, 0, 2.98%, 0, 0, 13, 0.00, 1025471, 1954, 0, 0
8218, 13, 175, 708, 0, 0, 2.98%, 0, 0, 13, 103.99, 1025971, 1954, 0, 0
8223, 13, 705, 708, 0, 0, 2.98%, 0, 0, 13, 108.58, 1026497, 1954, 0, 0
8228, 13, 120, 709, 1, 0, 2.98%, 0, 0, 13, 115.15, 1027098, 1954, 0, 0
8233, 13, 492, 709, 1, 0, 2.98%, 0, 0, 13, 115.06, 1027665, 1954, 0, 0
8238, 13, 152, 709, 1, 0, 2.98%, 0, 0, 13, 120.87, 1028277, 1954, 0, 0
8243, 13, 224, 709, 1, 0, 2.98%, 0, 0, 13, 116.18, 1029048, 1954, 0, 0
8248, 13, 678, 709, 1, 0, 2.98%, 0, 0, 13, 114.05, 1029631, 1954, 0, 0
8253, 13, 230, 709, 1, 0, 2.98%, 0, 0, 13, 116.33, 1030209, 1954, 0, 0
8258, 13, 366, 709, 1, 0, 2.98%, 0, 0, 13, 116.78, 1030807, 1954, 0, 0
8263, 13, 607, 709, 1, 0, 2.98%, 0, 0, 13, 113.73, 1031373, 1954, 0, 0
8268, 13, 217, 709, 1, 0, 2.98%, 0, 0, 13, 107.21, 1031917, 1954, 0, 0
8273, 13, 75, 709, 1, 0, 2.98%, 0, 0, 13, 118.76, 1032693, 1954, 0, 0
8278, 13, 490, 709, 1, 0, 2.98%, 0, 0, 13, 113.56, 1033283, 1954, 0, 0
8284, 13, 210, 709, 1, 0, 2.98%, 0, 0, 13, 118.78, 1033879, 1954, 0, 0
8289, 13, 200, 709, 1, 0, 2.98%, 0, 0, 13, 119.50, 1034499, 1954, 0, 0
8294, 13, 450, 709, 1, 0, 2.98%, 0, 0, 13, 119.94, 1035095, 1954, 0, 0
8299, 13, 213, 709, 1, 0, 2.98%, 0, 0, 13, 121.07, 1035736, 1954, 0, 0
8298, 13, 267, 709, 1, 0, 2.98%, 0, 0, 13, 0.00, 1035808, 1954, 0, 0
8303, 13, 248, 709, 1, 0, 2.98%, 0, 0, 13, 20.00, 1036350, 1954, 0, 0
8308, 13, 568, 709, 1, 0, 2.98%, 0, 0, 13, 111.82, 1036949, 1954, 0, 0
8313, 13, 219, 709, 1, 0, 2.98%, 0, 0, 13, 116.80, 1037517, 1954, 0, 0
8318, 13, 142, 709, 1, 0, 2.98%, 0, 0, 13, 118.52, 1038137, 1954, 0, 0
8324, 13, 491, 709, 1, 0, 2.98%, 0, 0, 13, 113.66, 1038703, 1954, 0, 0
8329, 13, 142, 709, 1, 0, 2.98%, 0, 0, 13, 104.03, 1039462, 1954, 0, 0
8334, 13, 139, 709, 1, 0, 2.98%, 0, 0, 13, 116.92, 1040048, 1954, 0, 0
8339, 13, 440, 709, 1, 0, 2.98%, 0, 0, 13, 114.60, 1040670, 1954, 0, 0
8344, 13, 465, 709, 1, 0, 2.98%, 0, 0, 13, 118.30, 1041240, 1954, 0, 0
8349, 13, 140, 709, 1, 0, 2.98%, 0, 0, 13, 111.42, 1041819, 1954, 0, 0
8354, 13, 645, 709, 1, 0, 2.98%, 0, 0, 13, 95.26, 1042285, 1954, 0, 0
8359, 13, 607, 709, 1, 0, 2.98%, 0, 0, 13, 102.22, 1042961, 1954, 0, 0
8364, 13, 165, 709, 1, 0, 2.98%, 0, 0, 13, 107.42, 1043510, 1954, 0, 0
8369, 13, 679, 709, 1, 0, 2.98%, 0, 0, 13, 112.90, 1044074, 1954, 0, 0
8374, 13, 706, 709, 1, 0, 2.98%, 0, 0, 13, 106.30, 1044622, 1954, 0, 0
8380, 13, 52, 709, 1, 0, 2.98%, 0, 0, 13, 115.21, 1045241, 1954, 0, 0
8385, 13, 230, 709, 1, 0, 2.98%, 0, 0, 13, 102.17, 1045732, 1954, 0, 0
8384, 13, 230, 709, 1, 0, 2.98%, 0, 0, 13, 0.00, 1045738, 1954, 0, 0
8383, 13, 230, 709, 1, 0, 2.98%, 0, 0, 13, 0.00, 1045739, 1954, 0, 0
8388, 13, 492, 709, 1, 0, 2.98%, 0, 0, 13, 105.57, 1046283, 1954, 0, 0
8393, 13, 705, 709, 1, 0, 2.98%, 0, 0, 13, 114.77, 1046857, 1954, 0, 0
8398, 13, 142, 709, 1, 0, 2.98%, 0, 0, 13, 114.32, 1047449, 1954, 0, 0
8403, 13, 215, 709, 1, 0, 2.98%, 0, 0, 13, 102.70, 1047938, 1954, 0, 0
8408, 13, 368, 709, 1, 0, 2.98%, 0, 0, 13, 119.25, 1048546, 1954, 0, 0
8413, 13, 52, 709, 1, 0, 2.98%, 0, 0, 13, 125.80, 1049335, 1954, 0, 0
8418, 13, 125, 709, 1, 0, 2.98%, 0, 0, 13, 120.67, 1049970, 1954, 0, 0
8424, 13, 708, 709, 1, 0, 2.98%, 0, 0, 13, 122.24, 1050604, 1954, 0, 0
8429, 13, 217, 709, 0, 0, 2.98%, 0, 0, 13, 109.36, 1051146, 1954, 0, 0
8434, 13, 150, 709, 0, 0, 2.98%, 0, 0, 13, 100.17, 1051627, 1954, 0, 0
8439, 13, 678, 709, 0, 0, 2.98%, 0, 0, 13, 111.46, 1052193, 1954, 0, 0
8444, 13, 405, 709, 0, 0, 2.98%, 0, 0, 13, 121.59, 1053046, 1954, 0, 0
8449, 13, 491, 709, 0, 0, 2.98%, 0, 0, 13, 117.67, 1053626, 1954, 0, 0
8454, 13, 58, 709, 0, 0, 2.98%, 0, 0, 13, 124.20, 1054262, 1954, 0, 0
8459, 13, 120, 709, 0, 0, 2.98%, 0, 0, 13, 123.42, 1054913, 1954, 0, 0
8464, 13, 153, 709, 0, 0, 2.98%, 0, 0, 13, 117.77, 1055529, 1954, 0, 0
8469, 13, 158, 709, 0, 0, 2.98%, 0, 0, 13, 120.54, 1056131, 1954, 0, 0
8468, 13, 158, 709, 0, 0, 2.98%, 0, 0, 13, 0.00, 1056147, 1954, 0, 0
8473, 13, 538, 709, 0, 0, 2.98%, 0, 0, 13, 107.09, 1056711, 1954, 0, 0
8478, 13, 140, 709, 0, 0, 2.98%, 0, 0, 13, 107.85, 1057300, 1954, 0, 0
8483, 13, 357, 709, 0, 0, 2.98%, 0, 0, 13, 100.32, 1057784, 1954, 0, 0
8488, 13, 517, 709, 0, 0, 2.98%, 0, 0, 13, 116.74, 1058385, 1954, 0, 0
8494, 13, 339, 709, 0, 0, 2.98%, 0, 0, 13, 117.99, 1058988, 1954, 0, 0
8499, 13, 538, 709, 0, 0, 2.98%, 0, 0, 13, 97.77, 1059758, 1954, 0, 0
8504, 13, 678, 709, 0, 0, 2.98%, 0, 0, 13, 118.11, 1060386, 1954, 0, 0
8509, 13, 166, 709, 0, 0, 2.98%, 0, 0, 13, 112.87, 1060992, 1954, 0, 0
8514, 13, 436, 709, 0, 0, 2.98%, 0, 0, 13, 122.11, 1061615, 1954, 0, 0
8519, 13, 549, 709, 0, 0, 2.98%, 0, 0, 13, 123.11, 1062277, 1954, 0, 0
8525, 13, 611, 709, 0, 0, 2.98%, 0, 0, 13, 123.10, 1062885, 1954, 0, 0
8530, 13, 89, 709, 0, 0, 2.98%, 0, 0, 13, 112.59, 1063670, 1954, 0, 0
8535, 13, 549, 709, 0, 0, 2.98%, 0, 0, 13, 123.66, 1064288, 1954, 0, 0
8540, 13, 517, 709, 0, 0, 2.98%, 0, 0, 13, 124.76, 1064919, 1954, 0, 0
8545, 13, 243, 709, 0, 0, 2.98%, 0, 0, 13, 124.39, 1065533, 1954, 0, 0
8550, 13, 207, 709, 0, 0, 2.98%, 0, 0, 13, 110.88, 1066128, 1954, 0, 0
8555, 13, 217, 709, 0, 0, 2.98%, 0, 0, 13, 89.31, 1066787, 1954, 0, 0
8560, 13, 534, 709, 0, 0, 2.98%, 0, 0, 13, 96.29, 1067298, 1954, 0, 0
8565, 13, 137, 709, 0, 0, 2.98%, 0, 0, 13, 107.55, 1067847, 1954, 0, 0
8570, 13, 136, 709, 0, 0, 2.98%, 0, 0, 13, 110.72, 1068419, 1954, 0, 0
8576, 13, 534, 709, 0, 0, 2.98%, 0, 0, 13, 120.89, 1069062, 1954, 0, 0
8581, 13, 671, 709, 0, 0, 2.98%, 0, 0, 13, 106.03, 1069592, 1954, 0, 0
8586, 13, 693, 709, 0, 0, 2.98%, 0, 0, 13, 121.15, 1070433, 1954, 0, 0
8591, 13, 125, 709, 0, 0, 2.98%, 0, 0, 13, 114.62, 1070984, 1954, 0, 0
8596, 13, 305, 709, 0, 0, 2.98%, 0, 0, 13, 119.72, 1071593, 1954, 0, 0
8601, 13, 405, 709, 0, 0, 2.98%, 0, 0, 13, 108.79, 1072148, 1954, 0, 0
8606, 13, 144, 710, 1, 0, 2.98%, 0, 0, 13, 115.02, 1072742, 1954, 0, 0
8611, 13, 77, 710, 1, 0, 2.98%, 0, 0, 13, 113.41, 1073336, 1954, 0, 0
8610, 13, 77, 710, 1, 0, 2.98%, 0, 0, 13, 0.00, 1073338, 1954, 0, 0
8610, 13, 77, 710, 1, 0, 2.98%, 0, 0, 13, 0.00, 1073339, 1954, 0, 0
8615, 13, 607, 710, 1, 0, 2.98%, 0, 0, 13, 99.06, 1073871, 1954, 0, 0
8620, 13, 357, 710, 1, 0, 2.98%, 0, 0, 13, 98.59, 1074367, 1954, 0, 0
8625, 13, 82, 710, 1, 0, 2.98%, 0, 0, 13, 100.12, 1074869, 1954, 0, 0
8630, 14, 466, 710, 1, 0, 2.98%, 0, 0, 13, 110.14, 1075447, 1954, 0, 0
8635, 14, 324, 710, 1, 0, 2.98%, 0, 0, 13, 119.14, 1076059, 1954, 0, 0
8640, 14, 636, 710, 1, 0, 2.98%, 0, 0, 13, 116.13, 1076775, 1954, 0, 0
8645, 14, 705, 710, 1, 0, 2.98%, 0, 0, 13, 123.79, 1077414, 1954, 0, 0
8650, 14, 452, 710, 1, 0, 2.98%, 0, 0, 13, 117.65, 1078008, 1954, 0, 0
8656, 14, 120, 710, 1, 0, 2.98%, 0, 0, 13, 117.39, 1078632, 1954, 0, 0
8661, 14, 125, 710, 1, 0, 2.98%, 0, 0, 13, 120.78, 1079261, 1954, 0, 0
8666, 14, 531, 710, 1, 0, 2.98%, 0, 0, 13, 128.60, 1079939, 1954, 0, 0
8671, 14, 460, 710, 1, 0, 2.98%, 0, 0, 13, 99.84, 1080704, 1954, 0, 0
8676, 14, 75, 710, 1, 0, 2.98%, 0, 0, 13, 117.31, 1081311, 1954, 0, 0
8681, 14, 137, 710, 1, 0, 2.98%, 0, 0, 13, 112.90, 1081892, 1954, 0, 0
8686, 14, 492, 710, 1, 0, 2.98%, 0, 0, 13, 122.53, 1082530, 1954, 0, 0
8691, 14, 262, 710, 1, 0, 2.98%, 0, 0, 13, 110.41, 1083096, 1954, 0, 0
8697, 14, 214, 710, 1, 0, 2.98%, 0, 0, 13, 110.91, 1083784, 1954, 0, 0
8702, 14, 484, 710, 1, 0, 2.98%, 0, 0, 13, 95.43, 1084258, 1954, 0, 0
8707, 14, 606, 710, 1, 0, 2.98%, 0, 0, 13, 117.96, 1084876, 1954, 0, 0
8712, 14, 217, 710, 1, 0, 2.98%, 0, 0, 13, 105.19, 1085399, 1954, 0, 0
8717, 14, 295, 710, 1, 0, 2.98%, 0, 0, 13, 121.50, 1086025, 1954, 0, 0
8722, 14, 75, 710, 1, 0, 2.98%, 0, 0, 13, 120.25, 1086651, 1954, 0, 0
8727, 14, 130, 710, 1, 0, 2.98%, 0, 0, 13, 128.38, 1087531, 1954, 0, 0
8732, 14, 72, 710, 1, 0, 2.98%, 0, 0, 13, 100.57, 1088000, 1954, 0, 0
8737, 14, 706, 710, 1, 0, 2.98%, 0, 0, 13, 121.42, 1088642, 1954, 0, 0
8742, 14, 388, 710, 1, 0, 2.98%, 0, 0, 13, 106.33, 1089170, 1954, 0, 0
8748, 14, 527, 710, 1, 0, 2.98%, 0, 0, 13, 121.64, 1089820, 1954, 0, 0
8753, 14, 166, 710, 1, 0, 2.98%, 0, 0, 13, 122.05, 1090417, 1954, 0, 0
8751, 14, 166, 710, 1, 0, 2.98%, 0, 0, 13, 0.00, 1090437, 1954, 0, 0
8756, 14, 135, 710, 1, 0, 2.98%, 0, 0, 13, 112.72, 1091028, 1954, 0, 0
8761, 14, 678, 710, 1, 0, 2.98%, 0, 0, 13, 121.47, 1091634, 1954, 0, 0
8766, 14, 262, 710, 1, 0, 2.98%, 0, 0, 13, 111.73, 1092224, 1954, 0, 0
8772, 14, 440, 710, 1, 0, 2.98%, 0, 0, 13, 113.04, 1092813, 1954, 0, 0
8777, 14, 451, 710, 1, 0, 2.98%, 0, 0, 13, 125.19, 1093480, 1954, 0, 0
8782, 14, 465, 710, 1, 0, 2.98%, 0, 0, 13, 95.90, 1094226, 1954, 0, 0
8787, 14, 203, 710, 1, 0, 2.98%, 0, 0, 13, 116.61, 1094839, 1954, 0, 0
8792, 14, 135, 710, 1, 0, 2.98%, 0, 0, 13, 108.02, 1095385, 1954, 0, 0
8797, 14, 194, 710, 1, 0, 2.98%, 0, 0, 13, 110.93, 1095969, 1954, 0, 0
8802, 14, 650, 710, 1, 0, 2.98%, 0, 0, 13, 95.04, 1096437, 1954, 0, 0
8807, 14, 569, 710, 1, 0, 2.98%, 0, 0, 13, 104.19, 1096964, 1954, 0, 0
8812, 14, 436, 710, 1, 0, 2.98%, 0, 0, 13, 109.02, 1097638, 1954, 0, 0
8817, 14, 269, 710, 1, 0, 2.98%, 0, 0, 13, 122.26, 1098270, 1954, 0, 0
8822, 14, 706, 711, 2, 0, 2.98%, 0, 0, 13, 119.67, 1098861, 1954, 0, 0
8827, 14, 512, 711, 2, 0, 2.98%, 0, 0, 13, 108.24, 1099414, 1954, 0, 0
8832, 14, 490, 711, 2, 0, 2.98%, 0, 0, 13, 109.87, 1099960, 1954, 0, 0
8838, 14, 606, 711, 2, 0, 2.98%, 0, 0, 13, 120.83, 1100596, 1954, 0, 0
8836, 14, 606, 711, 2, 0, 2.98%, 0, 0, 13, 0.00, 1100624, 1954, 0, 0
8841, 14, 30, 711, 2, 0, 2.98%, 0, 0, 13, 110.40, 1101172, 1954, 0, 0
8846, 14, 706, 711, 2, 0, 2.98%, 0, 0, 13, 119.78, 1101776, 1954, 0, 0
8851, 14, 52, 711, 2, 0, 2.98%, 0, 0, 13, 101.06, 1102283, 1954, 0, 0
8856, 14, 511, 712, 3, 0, 2.98%, 0, 0, 13, 105.09, 1102815, 1954, 0, 0
8861, 14, 239, 712, 3, 0, 2.98%, 0, 0, 13, 109.05, 1103388, 1954, 0, 0
8866, 14, 491, 712, 3, 0, 2.98%, 0, 0, 13, 123.68, 1104166, 1954, 0, 0
8871, 14, 65, 712, 3, 0, 2.98%, 0, 0, 13, 120.84, 1104758, 1954, 0, 0
8877, 14, 165, 712, 3, 0, 2.98%, 0, 0, 13, 118.87, 1105377, 1954, 0, 0
8882, 14, 65, 712, 3, 0, 2.98%, 0, 0, 13, 104.36, 1105904, 1954, 0, 0
8887, 14, 711, 712, 3, 0, 2.98%, 0, 0, 13, 115.17, 1106502, 1954, 0, 0
8892, 14, 449, 712, 2, 0, 2.98%, 0, 0, 13, 106.83, 1107049, 1954, 0, 0
8897, 14, 357, 712, 2, 0, 2.98%, 0, 0, 13, 98.60, 1107793, 1954, 0, 0
8902, 14, 507, 712, 2, 0, 2.98%, 0, 0, 13, 108.18, 1108336, 1954, 0, 0
8907, 14, 206, 712, 2, 0, 2.98%, 0, 0, 13, 115.80, 1108881, 1954, 0, 0
8912, 14, 148, 712, 2, 0, 2.98%, 0, 0, 13, 117.17, 1109469, 1954, 0, 0
8917, 14, 120, 712, 2, 0, 2.98%, 0, 0, 13, 114.98, 1110057, 1954, 0, 0
8923, 14, 194, 712, 2, 0, 2.98%, 0, 0, 13, 117.34, 1110644, 1954, 0, 0
8921, 14, 25, 712, 2, 0, 2.98%, 0, 0, 13, 0.00, 1110664, 1954, 0, 0
8926, 14, 465, 712, 2, 0, 2.98%, 0, 0, 13, 98.10, 1111157, 1954, 0, 0
8931, 14, 671, 712, 2, 0, 2.98%, 0, 0, 13, 106.21, 1111702, 1954, 0, 0
8936, 14, 579, 712, 2, 0, 2.98%, 0, 0, 13, 111.61, 1112268, 1954, 0, 0
8942, 14, 688, 712, 2, 0, 2.98%, 0, 0, 13, 114.01, 1112862, 1954, 0, 0
8947, 14, 452, 712, 2, 0, 2.98%, 0, 0, 13, 116.71, 1113454, 1954, 0, 0
8952, 14, 309, 712, 2, 0, 2.98%, 0, 0, 13, 110.41, 1114183, 1954, 0, 0
8957, 14, 698, 712, 2, 0, 2.98%, 0, 0, 13, 120.54, 1114827, 1954, 0, 0
8962, 14, 366, 712, 2, 0, 2.98%, 0, 0, 13, 101.22, 1115313, 1954, 0, 0
8967, 14, 490, 712, 2, 0, 2.98%, 0, 0, 13, 110.92, 1115881, 1954, 0, 0
8972, 14, 705, 712, 2, 0, 2.98%, 0, 0, 13, 100.93, 1116427, 1954, 0, 0
8977, 14, 701, 712, 2, 0, 2.98%, 0, 0, 13, 103.39, 1116951, 1954, 0, 0
8982, 14, 636, 712, 2, 0, 2.98%, 0, 0, 13, 89.66, 1117573, 1954, 0, 0
8987, 14, 440, 712, 2, 0, 2.98%, 0, 0, 13, 99.61, 1118095, 1954, 0, 0
8992, 14, 582, 712, 2, 0, 2.98%, 0, 0, 13, 103.25, 1118615, 1954, 0, 0
8998, 14, 531, 712, 2, 0, 2.98%, 0, 0, 13, 121.51, 1119259, 1954, 0, 0
9003, 14, 490, 712, 2, 0, 2.98%, 0, 0, 13, 120.86, 1119884, 1954, 0, 0
9008, 14, 698, 712, 2, 0, 2.98%, 0, 0, 13, 102.74, 1120574, 1954, 0, 0
9013, 14, 520, 712, 2, 0, 2.98%, 0, 0, 13, 108.34, 1121133, 1954, 0, 0
9018, 14, 75, 712, 2, 0, 2.98%, 0, 0, 13, 111.77, 1121693, 1954, 0, 0
9023, 14, 166, 712, 2, 0, 2.98%, 0, 0, 13, 122.41, 1122331, 1954, 0, 0
9028, 14, 579, 712, 2, 0, 2.98%, 0, 0, 13, 115.54, 1122934, 1954, 0, 0
9033, 14, 702, 712, 2, 0, 2.98%, 0, 0, 13, 112.90, 1123477, 1954, 0, 0
9039, 14, 504, 712, 2, 0, 2.98%, 0, 0, 13, 119.56, 1124273, 1954, 0, 0
9044, 14, 167, 712, 2, 0, 2.98%, 0, 0, 13, 122.16, 1124894, 1954, 0, 0
9049, 14, 215, 712, 2, 0, 2.98%, 0, 0, 13, 113.47, 1125496, 1954, 0, 0
9054, 14, 461, 712, 2, 0, 2.98%, 0, 0, 13, 121.07, 1126126, 1954, 0, 0
9059, 14, 671, 712, 2, 0, 2.98%, 0, 0, 13, 112.51, 1126684, 1954, 0, 0
9064, 14, 491, 712, 2, 0, 2.98%, 0, 0, 13, 119.72, 1127278, 1954, 0, 0
9063, 14, 491, 712, 2, 0, 2.98%, 0, 0, 13, 0.00, 1127280, 1954, 0, 0
9068, 14, 210, 712, 2, 0, 2.98%, 0, 0, 13, 118.46, 1127900, 1954, 0, 0
9073, 14, 579, 712, 2, 0, 2.98%, 0, 0, 13, 103.15, 1128402, 1954, 0, 0
9078, 14, 710, 712, 2, 0, 2.98%, 0, 0, 13, 114.12, 1128990, 1954, 0, 0
9083, 14, 230, 712, 1, 0, 2.98%, 0, 0, 13, 124.97, 1129637, 1954, 0, 0
9089, 14, 452, 712, 1, 0, 2.98%, 0, 0, 13, 123.24, 1130264, 1954, 0, 0
9094, 14, 465, 712, 1, 0, 2.98%, 0, 0, 13, 93.91, 1130901, 1954, 0, 0
9099, 14, 667, 712, 1, 0, 2.98%, 0, 0, 13, 110.19, 1131491, 1954, 0, 0
9104, 14, 705, 712, 1, 0, 2.98%, 0, 0, 13, 105.51, 1131993, 1954, 0, 0
9109, 14, 449, 712, 1, 0, 2.98%, 0, 0, 13, 114.14, 1132589, 1954, 0, 0
9114, 14, 206, 712, 1, 0, 2.98%, 0, 0, 13, 118.41, 1133215, 1954, 0, 0
9119, 14, 291, 712, 1, 0, 2.98%, 0, 0, 13, 110.75, 1133782, 1954, 0, 0
9124, 14, 67, 712, 1, 0, 2.98%, 0, 0, 13, 107.55, 1134492, 1954, 0, 0
9129, 14, 131, 712, 1, 0, 2.98%, 0, 0, 13, 98.36, 1134998, 1954, 0, 0
9134, 14, 65, 712, 1, 0, 2.98%, 0, 0, 13, 107.55, 1135548, 1954, 0, 0
9140, 14, 140, 712, 1, 0, 2.98%, 0, 0, 13, 119.78, 1136191, 1954, 0, 0
9145, 14, 651, 712, 1, 0, 2.98%, 0, 0, 13, 122.63, 1136832, 1954, 0, 0
9150, 14, 206, 712, 1, 0, 2.98%, 0, 0, 13, 96.78, 1137619, 1954, 0, 0
9155, 14, 706, 712, 1, 0, 2.98%, 0, 0, 13, 109.23, 1138199, 1954, 0, 0
9160, 14, 35, 712, 1, 0, 2.98%, 0, 0, 13, 103.34, 1138752, 1954, 0, 0
9166, 14, 137, 712, 1, 0, 2.98%, 0, 0, 13, 104.36, 1139300, 1954, 0, 0
9171, 14, 440, 712, 1, 0, 2.98%, 0, 0, 13, 100.53, 1139802, 1954, 0, 0
9176, 14, 248, 712, 1, 0, 2.98%, 0, 0, 13, 104.81, 1140358, 1954, 0, 0
9181, 14, 156, 712, 1, 0, 2.98%, 0, 0, 13, 101.01, 1141044, 1954, 0, 0
9186, 14, 448, 712, 1, 0, 2.98%, 0, 0, 13, 107.32, 1141633, 1954, 0, 0
9191, 14, 313, 712, 1, 0, 2.98%, 0, 0, 13, 115.31, 1142246, 1954, 0, 0
9197, 14, 373, 712, 1, 0, 2.98%, 0, 0, 13, 110.63, 1142805, 1954, 0, 0
9202, 14, 607, 712, 1, 0, 2.98%, 0, 0, 13, 109.30, 1143371, 1954, 0, 0
9207, 14, 248, 712, 1, 0, 2.98%, 0, 0, 13, 125.76, 1144151, 1954, 0, 0
9212, 14, 120, 712, 1, 0, 2.98%, 0, 0, 13, 107.32, 1144692, 1954, 0, 0
9217, 14, 462, 712, 1, 0, 2.98%, 0, 0, 13, 102.00, 1145208, 1954, 0, 0
9222, 14, 656, 712, 1, 0, 2.98%, 0, 0, 13, 107.37, 1145781, 1954, 0, 0
9227, 14, 533, 712, 1, 0, 2.98%, 0, 0, 13, 109.51, 1146318, 1954, 0, 0
9232, 14, 452, 712, 1, 0, 2.98%, 0, 0, 13, 119.73, 1146928, 1954, 0, 0
9237, 14, 366, 712, 1, 0, 2.98%, 0, 0, 13, 95.11, 1147620, 1954, 0, 0
9242, 14, 531, 712, 1, 0, 2.98%, 0, 0, 13, 103.38, 1148131, 1954, 0, 0
9247, 14, 428, 712, 1, 0, 2.98%, 0, 0, 13, 117.12, 1148730, 1954, 0, 0
9252, 14, 442, 712, 1, 0, 2.98%, 0, 0, 13, 109.60, 1149275, 1954, 0, 0
9257, 14, 276, 712, 1, 0, 2.98%, 0, 0, 13, 113.61, 1149841, 1954, 0, 0
9262, 14, 693, 712, 1, 0, 2.98%, 0, 0, 13, 132.31, 1150609, 1954, 0, 0
9267, 14, 262, 712, 1, 0, 2.98%, 0, 0, 13, 120.55, 1151213, 1954, 0, 0
9273, 14, 533, 712, 1, 0, 2.98%, 0, 0, 13, 106.82, 1151711, 1954, 0, 0
9278, 14, 670, 712, 1, 0, 2.98%, 0, 0, 13, 108.88, 1152271, 1954, 0, 0
9283, 15, 159, 712, 1, 0, 2.98%, 0, 0, 13, 96.80, 1152744, 1954, 0, 0
9288, 15, 579, 712, 1, 0, 2.98%, 0, 0, 13, 115.09, 1153334, 1954, 0, 0
9293, 15, 530, 712, 1, 0, 2.98%, 0, 0, 13, 99.81, 1154067, 1954, 0, 0
9298, 15, 468, 712, 1, 0, 2.98%, 0, 0, 13, 101.23, 1154579, 1954, 0, 0
9303, 15, 243, 712, 1, 0, 2.98%, 0, 0, 13, 105.70, 1155116, 1954, 0, 0
9308, 15, 492, 712, 1, 0, 2.98%, 0, 0, 13, 121.41, 1155747, 1954, 0, 0
9313, 15, 108, 712, 1, 0, 2.98%, 0, 0, 13, 108.63, 1156292, 1954, 0, 0
9319, 15, 440, 712, 1, 0, 2.98%, 0, 0, 13, 108.58, 1156855, 1954, 0, 0
9317, 15, 440, 712, 1, 0, 2.98%, 0, 0, 13, 0.00, 1156911, 1954, 0, 0
9323, 15, 166, 712, 0, 0, 2.98%, 0, 0, 13, 116.45, 1157527, 1954, 0, 0
9328, 15, 187, 712, 0, 0, 2.98%, 0, 0, 13, 123.66, 1158158, 1954, 0, 0
9333, 15, 491, 712, 0, 0, 2.98%, 0, 0, 13, 123.18, 1158783, 1954, 0, 0
9338, 15, 442, 712, 0, 0, 2.98%, 0, 0, 13, 126.01, 1159439, 1954, 0, 0
9343, 15, 217, 712, 0, 0, 2.98%, 0, 0, 13, 107.18, 1159969, 1954, 0, 0
9348, 15, 452, 712, 0, 0, 2.98%, 0, 0, 13, 111.68, 1160775, 1954, 0, 0
9353, 15, 305, 712, 0, 0, 2.98%, 0, 0, 13, 118.34, 1161383, 1954, 0, 0
9358, 15, 123, 712, 0, 0, 2.98%, 0, 0, 13, 101.85, 1161890, 1954, 0, 0
9363, 15, 48, 712, 0, 0, 2.98%, 0, 0, 13, 102.53, 1162400, 1954, 0, 0
9369, 15, 89, 713, 1, 0, 2.98%, 0, 0, 13, 116.35, 1162988, 1954, 0, 0
9374, 15, 232, 713, 1, 0, 2.98%, 0, 0, 13, 106.94, 1163517, 1954, 0, 0
9379, 15, 203, 713, 1, 0, 2.98%, 0, 0, 13, 109.81, 1164341, 1954, 0, 0
9384, 15, 671, 713, 1, 0, 2.98%, 0, 0, 13, 99.97, 1164837, 1954, 0, 0
9389, 15, 712, 713, 1, 0, 2.98%, 0, 0, 13, 110.36, 1165411, 1954, 0, 0
9394, 15, 712, 713, 1, 0, 2.98%, 0, 0, 13, 112.57, 1165992, 1954, 0, 0
9400, 15, 79, 713, 0, 0, 2.98%, 0, 0, 13, 120.66, 1166645, 1954, 0, 0
9405, 15, 135, 713, 0, 0, 2.98%, 0, 0, 13, 116.38, 1167448, 1954, 0, 0
9410, 15, 242, 713, 0, 0, 2.98%, 0, 0, 13, 110.59, 1168003, 1954, 0, 0
9415, 15, 138, 713, 0, 0, 2.98%, 0, 0, 13, 110.85, 1168565, 1954, 0, 0
9420, 15, 268, 713, 0, 0, 2.98%, 0, 0, 13, 107.27, 1169144, 1954, 0, 0
9425, 15, 520, 713, 0, 0, 2.98%, 0, 0, 13, 118.41, 1169761, 1954, 0, 0
9430, 15, 452, 713, 0, 0, 2.98%, 0, 0, 13, 118.34, 1170370, 1954, 0, 0
9435, 15, 219, 713, 0, 0, 2.98%, 0, 0, 13, 107.48, 1171088, 1954, 0, 0
9441, 15, 538, 713, 0, 0, 2.98%, 0, 0, 13, 118.64, 1171713, 1954, 0, 0
9446, 15, 75, 713, 0, 0, 2.98%, 0, 0, 13, 128.03, 1172389, 1954, 0, 0
9451, 15, 243, 713, 0, 0, 2.98%, 0, 0, 13, 124.01, 1173030, 1954, 0, 0
9456, 15, 490, 713, 0, 0, 2.98%, 0, 0, 13, 117.80, 1173616, 1954, 0, 0
9461, 15, 679, 713, 0, 0, 2.98%, 0, 0, 13, 103.17, 1174350, 1954, 0, 0
9466, 15, 210, 713, 0, 0, 2.98%, 0, 0, 13, 116.23, 1174954, 1954, 0, 0
9471, 15, 179, 713, 0, 0, 2.98%, 0, 0, 13, 117.64, 1175567, 1954, 0, 0
9477, 15, 571, 713, 0, 0, 2.98%, 0, 0, 13, 128.12, 1176242, 1954, 0, 0
9482, 15, 454, 713, 0, 0, 2.98%, 0, 0, 13, 112.37, 1176784, 1954, 0, 0
9487, 15, 242, 713, 0, 0, 2.98%, 0, 0, 13, 123.23, 1177433, 1954, 0, 0
9492, 15, 232, 713, 0, 0, 2.98%, 0, 0, 13, 119.48, 1178251, 1954, 0, 0
9497, 15, 210, 713, 0, 0, 2.98%, 0, 0, 13, 128.17, 1178925, 1954, 0, 0
9502, 15, 313, 713, 0, 0, 2.98%, 0, 0, 13, 102.55, 1179403, 1954, 0, 0
9507, 15, 549, 713, 0, 0, 2.98%, 0, 0, 13, 116.78, 1179993, 1954, 0, 0
9512, 15, 452, 713, 0, 0, 2.98%, 0, 0, 13, 115.25, 1180567, 1954, 0, 0
9518, 15, 108, 713, 0, 0, 2.98%, 0, 0, 13, 120.35, 1181388, 1954, 0, 0
9523, 15, 527, 713, 0, 0, 2.98%, 0, 0, 13, 108.06, 1181892, 1954, 0, 0
9528, 15, 210, 713, 0, 0, 2.98%, 0, 0, 13, 116.13, 1182514, 1954, 0, 0
9533, 15, 136, 713, 0, 0, 2.98%, 0, 0, 13, 106.90, 1183020, 1954, 0, 0
9538, 15, 102, 713, 0, 0, 2.98%, 0, 0, 13, 111.70, 1183593, 1954, 0, 0
9543, 15, 656, 713, 0, 0, 2.98%, 0, 0, 13, 118.06, 1184191, 1954, 0, 0
9548, 15, 464, 713, 0, 0, 2.98%, 0, 0, 13, 115.96, 1184995, 1954, 0, 0
9553, 15, 140, 713, 0, 0, 2.98%, 0, 0, 13, 108.16, 1185503, 1954, 0, 0
9558, 15, 451, 713, 0, 0, 2.98%, 0, 0, 13, 102.15, 1186001, 1954, 0, 0
9563, 15, 648, 713, 0, 0, 2.98%, 0, 0, 13, 103.99, 1186519, 1954, 0, 0
9569, 15, 215, 713, 0, 0, 2.98%, 0, 0, 13, 119.87, 1187155, 1954, 0, 0
9574, 15, 325, 713, 0, 0, 2.98%, 0, 0, 13, 105.00, 1187703, 1954, 0, 0
9573, 15, 538, 713, 0, 0, 2.98%, 0, 0, 13, 0.00, 1187733, 1954, 0, 0
9572, 15, 538, 713, 0, 0, 2.98%, 0, 0, 13, 0.00, 1187734, 1954, 0, 0
9578, 15, 135, 713, 0, 0, 2.98%, 0, 0, 13, 110.38, 1188315, 1954, 0, 0
9583, 15, 67, 713, 0, 0, 2.98%, 0, 0, 13, 98.37, 1188814, 1954, 0, 0
9588, 15, 617, 714, 1, 0, 2.98%, 0, 0, 13, 113.93, 1189411, 1954, 0, 0
9593, 15, 457, 714, 1, 0, 2.98%, 0, 0, 13, 119.33, 1190025, 1954, 0, 0
9598, 15, 532, 714, 1, 0, 2.98%, 0, 0, 13, 123.37, 1190643, 1954, 0, 0
9603, 15, 235, 714, 1, 0, 2.98%, 0, 0, 13, 108.66, 1191386, 1954, 0, 0
9608, 15, 235, 714, 1, 0, 2.98%, 0, 0, 13, 118.93, 1192021, 1954, 0, 0
9613, 15, 309, 714, 1, 0, 2.98%, 0, 0, 13, 102.53, 1192532, 1954, 0, 0
9618, 15, 405, 714, 1, 0, 2.98%, 0, 0, 13, 120.23, 1193154, 1954, 0, 0
9624, 15, 466, 714, 1, 0, 2.98%, 0, 0, 13, 110.65, 1193706, 1954, 0, 0
9629, 15, 224, 714, 1, 0, 2.98%, 0, 0, 13, 114.71, 1194285, 1954, 0, 0
9634, 15, 198, 714, 1, 0, 2.98%, 0, 0, 13, 122.58, 1195113, 1954, 0, 0
9639, 15, 492, 714, 1, 0, 2.98%, 0, 0, 13, 117.92, 1195714, 1954, 0, 0
9644, 15, 703, 714, 1, 0, 2.98%, 0, 0, 13, 97.60, 1196174, 1954, 0, 0
9649, 15, 582, 714, 1, 0, 2.98%, 0, 0, 13, 108.41, 1196734, 1954, 0, 0
9654, 15, 320, 714, 1, 0, 2.98%, 0, 0, 13, 112.27, 1197308, 1954, 0, 0
9659, 15, 571, 714, 1, 0, 2.98%, 0, 0, 13, 120.59, 1198082, 1954, 0, 0
9665, 15, 258, 714, 1, 0, 2.98%, 0, 0, 13, 123.53, 1198728, 1954, 0, 0
9670, 15, 62, 714, 1, 0, 2.98%, 0, 0, 13, 109.74, 1199288, 1954, 0, 0
9675, 15, 457, 714, 1, 0, 2.98%, 0, 0, 13, 107.58, 1199804, 1954, 0, 0
9680, 15, 120, 714, 1, 0, 2.98%, 0, 0, 13, 112.69, 1200415, 1954, 0, 0
9685, 15, 58, 714, 1, 0, 2.98%, 0, 0, 13, 119.86, 1201023, 1954, 0, 0
9690, 15, 492, 714, 1, 0, 2.98%, 0, 0, 13, 109.42, 1201807, 1954, 0, 0
9695, 15, 449, 714, 1, 0, 2.98%, 0, 0, 13, 109.34, 1202343, 1954, 0, 0
9701, 15, 645, 714, 1, 0, 2.98%, 0, 0, 13, 116.30, 1202971, 1954, 0, 0
9706, 15, 693, 714, 1, 0, 2.98%, 0, 0, 13, 120.36, 1203585, 1954, 0, 0
9711, 15, 491, 714, 1, 0, 2.98%, 0, 0, 13, 110.81, 1204177, 1954, 0, 0
9716, 15, 141, 714, 1, 0, 2.98%, 0, 0, 13, 111.84, 1204980, 1954, 0, 0
9721, 15, 167, 714, 1, 0, 2.98%, 0, 0, 13, 119.78, 1205591, 1954, 0, 0
9726, 15, 137, 714, 1, 0, 2.98%, 0, 0, 13, 119.63, 1206209, 1954, 0, 0
9731, 15, 357, 714, 1, 0, 2.98%, 0, 0, 13, 114.51, 1206779, 1954, 0, 0
9736, 15, 527, 714, 1, 0, 2.98%, 0, 0, 13, 126.54, 1207439, 1954, 0, 0
9742, 15, 167, 714, 1, 0, 2.98%, 0, 0, 13, 122.60, 1208069, 1954, 0, 0
9747, 15, 244, 714, 1, 0, 2.98%, 0, 0, 13, 119.53, 1208915, 1954, 0, 0
9752, 15, 517, 714, 1, 0, 2.98%, 0, 0, 13, 116.33, 1209483, 1954, 0, 0
9757, 15, 144, 714, 1, 0, 2.98%, 0, 0, 13, 113.00, 1210088, 1954, 0, 0
9762, 15, 582, 714, 1, 0, 2.98%, 0, 0, 13, 104.06, 1210591, 1954, 0, 0
9767, 15, 348, 714, 1, 0, 2.98%, 0, 0, 13, 115.39, 1211207, 1954, 0, 0
9772, 15, 713, 714, 1, 0, 2.98%, 0, 0, 13, 108.03, 1212001, 1954, 0, 0
9777, 15, 713, 714, 1, 0, 2.98%, 0, 0, 13, 95.29, 1212460, 1954, 0, 0
9782, 15, 497, 714, 0, 0, 2.98%, 0, 0, 13, 101.45, 1212964, 1954, 0, 0
9787, 15, 143, 714, 0, 0, 2.98%, 0, 0, 13, 113.61, 1213547, 1954, 0, 0
9793, 15, 582, 714, 0, 0, 2.98%, 0, 0, 13, 109.73, 1214088, 1954, 0, 0
9798, 15, 695, 714, 0, 0, 2.98%, 0, 0, 13, 117.19, 1214715, 1954, 0, 0
9803, 15, 102, 714, 0, 0, 2.98%, 0, 0, 13, 129.12, 1215567, 1954, 0, 0
9808, 15, 690, 714, 0, 0, 2.98%, 0, 0, 13, 125.83, 1216220, 1954, 0, 0
9813, 15, 501, 714, 0, 0, 2.98%, 0, 0, 13, 100.80, 1216697, 1954, 0, 0
9818, 15, 532, 714, 0, 0, 2.98%, 0, 0, 13, 96.62, 1217176, 1954, 0, 0
9823, 15, 491, 714, 0, 0, 2.98%, 0, 0, 13, 98.11, 1217702, 1954, 0, 0
9828, 15, 136, 714, 0, 0, 2.98%, 0, 0, 13, 121.11, 1218335, 1954, 0, 0
9827, 15, 357, 714, 0, 0, 2.98%, 0, 0, 13, 0.00, 1218403, 1954, 0, 0
9832, 15, 89, 714, 0, 0, 2.98%, 0, 0, 13, 110.13, 1218940, 1954, 0, 0
9837, 15, 693, 714, 0, 0, 2.98%, 0, 0, 13, 115.86, 1219515, 1954, 0, 0
9842, 15, 423, 714, 0, 0, 2.98%, 0, 0, 13, 117.76, 1220121, 1954, 0, 0
9847, 15, 466, 714, 0, 0, 2.98%, 0, 0, 13, 121.59, 1220724, 1954, 0, 0
9852, 15, 492, 714, 0, 0, 2.98%, 0, 0, 13, 110.59, 1221280, 1954, 0, 0
9858, 15, 236, 714, 0, 0, 2.98%, 0, 0, 13, 127.45, 1222043, 1954, 0, 0
9863, 15, 67, 714, 0, 0, 2.98%, 0, 0, 13, 125.84, 1222680, 1954, 0, 0
9868, 15, 693, 714, 0, 0, 2.98%, 0, 0, 13, 120.70, 1223271, 1954, 0, 0
9873, 15, 529, 714, 0, 0, 2.98%, 0, 0, 13, 100.16, 1223756, 1954, 0, 0
9878, 15, 703, 714, 0, 0, 2.98%, 0, 0, 13, 117.22, 1224370, 1954, 0, 0
9883, 15, 391, 714, 0, 0, 2.98%, 0, 0, 13, 117.43, 1224941, 1954, 0, 0
9888, 15, 532, 714, 0, 0, 2.98%, 0, 0, 13, 120.83, 1225813, 1954, 0, 0
9893, 15, 452, 714, 0, 0, 2.98%, 0, 0, 13, 114.93, 1226375, 1954, 0, 0
9898, 15, 135, 714, 0, 0, 2.98%, 0, 0, 13, 116.08, 1226962, 1954, 0, 0
9903, 15, 534, 714, 0, 0, 2.98%, 0, 0, 13, 117.45, 1227549, 1954, 0, 0
9909, 15, 167, 714, 0, 0, 2.98%, 0, 0, 13, 124.71, 1228191, 1954, 0, 0
9914, 15, 532, 714, 0, 0, 2.98%, 0, 0, 13, 124.60, 1228825, 1954, 0, 0
9913, 15, 532, 714, 0, 0, 2.98%, 0, 0, 13, 0.00, 1228831, 1954, 0, 0
9912, 15, 532, 714, 0, 0, 2.98%, 0, 0, 13, 0.00, 1228865, 1954, 0, 0
9917, 15, 62, 714, 0, 0, 2.98%, 0, 0, 13, 100.30, 1229367, 1954, 0, 0
9922, 16, 39, 714, 0, 0, 2.98%, 0, 0, 13, 116.62, 1229948, 1954, 0, 0
9928, 16, 304, 714, 0, 0, 2.98%, 0, 0, 13, 126.13, 1230607, 1954, 0, 0
9933, 16, 140, 714, 0, 0, 2.98%, 0, 0, 13, 105.34, 1231139, 1954, 0, 0
9938, 16, 442, 714, 0, 0, 2.98%, 0, 0, 13, 111.38, 1231695, 1954, 0, 0
9943, 16, 139, 714, 0, 0, 2.98%, 0, 0, 13, 99.20, 1232429, 1954, 0, 0
9948, 16, 198, 714, 0, 0, 2.98%, 0, 0, 13, 116.20, 1233035, 1954, 0, 0
9953, 16, 89, 714, 0, 0, 2.98%, 0, 0, 13, 118.07, 1233621, 1954, 0, 0
9958, 16, 703, 714, 0, 0, 2.98%, 0, 0, 13, 121.90, 1234254, 1954, 0, 0
9963, 16, 140, 715, 1, 0, 2.98%, 0, 0, 13, 107.62, 1234787, 1954, 0, 0
9969, 16, 373, 715, 1, 0, 2.98%, 0, 0, 13, 122.67, 1235421, 1954, 0, 0
9974, 16, 452, 715, 1, 0, 2.98%, 0, 0, 13, 92.52, 1236075, 1954, 0, 0
9979, 16, 531, 715, 1, 0, 2.98%, 0, 0, 13, 104.11, 1236649, 1954, 0, 0
9984, 16, 693, 715, 1, 0, 2.98%, 0, 0, 13, 115.66, 1237222, 1954, 0, 0
9989, 16, 496, 715, 1, 0, 2.98%, 0, 0, 13, 104.93, 1237758, 1954, 0, 0
9994, 16, 156, 715, 1, 0, 2.98%, 0, 0, 13, 105.97, 1238279, 1954, 0, 0
9999, 16, 58, 715, 1, 0, 2.98%, 0, 0, 13, 129.41, 1238995, 1954, 0, 0
10004, 16, 609, 715, 1, 0, 2.98%, 0, 0, 13, 110.17, 1239518, 1954, 0, 0
10009, 16, 486, 715, 1, 0, 2.98%, 0, 0, 13, 120.90, 1240149, 1954, 0, 0
10014, 16, 638, 715, 1, 0, 2.98%, 0, 0, 13, 120.69, 1240784, 1954, 0, 0
10019, 16, 248, 715, 1, 0, 2.98%, 0, 0, 13, 110.56, 1241373, 1954, 0, 0
10024, 16, 714, 715, 1, 0, 2.98%, 0, 0, 13, 113.78, 1241918, 1954, 0, 0
10030, 16, 194, 715, 0, 0, 2.98%, 0, 0, 13, 108.70, 1242717, 1954, 0, 0
10035, 16, 248, 715, 0, 0, 2.98%, 0, 0, 13, 118.25, 1243314, 1954, 0, 0
10040, 16, 530, 715, 0, 0, 2.98%, 0, 0, 13, 122.22, 1243942, 1954, 0, 0
10045, 16, 373, 715, 0, 0, 2.98%, 0, 0, 13, 122.59, 1244587, 1954, 0, 0
10050, 16, 243, 715, 0, 0, 2.98%, 0, 0, 13, 123.06, 1245239, 1954, 0, 0
10055, 16, 529, 715, 0, 0, 2.98%, 0, 0, 13, 112.78, 1245773, 1954, 0, 0
10054, 16, 239, 715, 0, 0, 2.98%, 0, 0, 13, 0.00, 1245821, 1954, 0, 0
10059, 16, 451, 715, 0, 0, 2.98%, 0, 0, 13, 103.25, 1246381, 1954, 0, 0
10064, 16, 611, 715, 0, 0, 2.98%, 0, 0, 13, 114.67, 1246979, 1954, 0, 0
10069, 16, 65, 715, 0, 0, 2.98%, 0, 0, 13, 106.59, 1247531, 1954, 0, 0
10074, 16, 582, 715, 0, 0, 2.98%, 0, 0, 13, 108.71, 1248102, 1954, 0, 0
10079, 16, 49, 715, 0, 0, 2.98%, 0, 0, 13, 111.09, 1248652, 1954, 0, 0
10084, 16, 649, 715, 0, 0, 2.98%, 0, 0, 13, 120.80, 1249423, 1954, 0, 0
10090, 16, 454, 715, 0, 0, 2.98%, 0, 0, 13, 117.93, 1250032, 1954, 0, 0
10095, 16, 636, 715, 0, 0, 2.98%, 0, 0, 13, 121.77, 1250639, 1954, 0, 0
10100, 16, 140, 715, 0, 0, 2.98%, 0, 0, 13, 119.15, 1251258, 1954, 0, 0
10105, 16, 533, 715, 0, 0, 2.98%, 0, 0, 13, 42.73, 1251818, 1954, 0, 0
10110, 16, 606, 715, 0, 0, 2.98%, 0, 0, 13, 106.18, 1252459, 1954, 0, 0
10115, 16, 166, 715, 0, 0, 2.98%, 0, 0, 13, 106.16, 1253167, 1954, 0, 0
10120, 16, 165, 715, 0, 0, 2.98%, 0, 0, 13, 106.67, 1253739, 1954, 0, 0
10125, 16, 52, 715, 0, 0, 2.98%, 0, 0, 13, 106.49, 1254257, 1954, 0, 0
10130, 16, 449, 715, 0, 0, 2.98%, 0, 0, 13, 113.85, 1254856, 1954, 0, 0
10135, 16, 451, 715, 0, 0, 2.98%, 0, 0, 13, 111.23, 1255392, 1954, 0, 0
10140, 16, 492, 715, 0, 0, 2.98%, 0, 0, 13, 97.48, 1256117, 1954, 0, 0
10146, 16, 198, 715, 0, 0, 2.98%, 0, 0, 13, 115.62, 1256723, 1954, 0, 0
10151, 16, 706, 715, 0, 0, 2.98%, 0, 0, 13, 112.36, 1257299, 1954, 0, 0
10156, 16, 691, 715, 0, 0, 2.98%, 0, 0, 13, 122.56, 1257932, 1954, 0, 0
10161, 16, 571, 715, 0, 0, 2.98%, 0, 0, 13, 122.91, 1258580, 1954, 0, 0
10166, 16, 405, 715, 0, 0, 2.98%, 0, 0, 13, 113.21, 1259139, 1954, 0, 0
10171, 16, 543, 715, 0, 0, 2.98%, 0, 0, 13, 104.72, 1259912, 1954, 0, 0
10176, 16, 454, 715, 0, 0, 2.98%, 0, 0, 13, 118.81, 1260528, 1954, 0, 0
10182, 16, 58, 715, 0, 0, 2.98%, 0, 0, 13, 111.29, 1261124, 1954, 0, 0
10187, 16, 206, 715, 0, 0, 2.98%, 0, 0, 13, 118.12, 1261719, 1954, 0, 0
10192, 16, 693, 715, 0, 0, 2.98%, 0, 0, 13, 120.45, 1262357, 1954, 0, 0
10197, 16, 687, 715, 0, 0, 2.98%, 0, 0, 13, 105.05, 1262878, 1954, 0, 0
10195, 16, 687, 715, 0, 0, 2.98%, 0, 0, 13, 0.00, 1262902, 1954, 0, 0
10200, 16, 139, 715, 0, 0, 2.98%, 0, 0, 13, 114.64, 1263510, 1954, 0, 0
10205, 16, 217, 715, 0, 0, 2.98%, 0, 0, 13, 111.89, 1264058, 1954, 0, 0
10211, 16, 344, 715, 0, 0, 2.98%, 0, 0, 13, 111.54, 1264666, 1954, 0, 0
10216, 16, 464, 715, 0, 0, 2.98%, 0, 0, 13, 116.13, 1265253, 1954, 0, 0
10221, 16, 135, 715, 0, 0, 2.98%, 0, 0, 13, 109.56, 1265825, 1954, 0, 0
10226, 16, 357, 715, 0, 0, 2.98%, 0, 0, 13, 92.82, 1266562, 1954, 0, 0
10231, 16, 606, 715, 0, 0, 2.98%, 0, 0, 13, 101.00, 1267105, 1954, 0, 0
10236, 16, 461, 715, 0, 0, 2.98%, 0, 0, 13, 116.97, 1267687, 1954, 0, 0
10242, 16, 243, 715, 0, 0, 2.98%, 0, 0, 13, 121.61, 1268319, 1954, 0, 0
10247, 16, 678, 715, 0, 0, 2.98%, 0, 0, 13, 107.01, 1268821, 1954, 0, 0
10252, 16, 607, 715, 0, 0, 2.98%, 0, 0, 13, 109.11, 1269394, 1954, 0, 0
10257, 16, 468, 715, 0, 0, 2.98%, 0, 0, 13, 114.78, 1270186, 1954, 0, 0
10262, 16, 671, 715, 0, 0, 2.98%, 0, 0, 13, 118.71, 1270788, 1954, 0, 0
10267, 16, 232, 715, 0, 0, 2.98%, 0, 0, 13, 104.20, 1271306, 1954, 0, 0
10272, 16, 638, 715, 0, 0, 2.98%, 0, 0, 13, 102.32, 1271815, 1954, 0, 0
10277, 16, 166, 715, 0, 0, 2.98%, 0, 0, 13, 116.40, 1272442, 1954, 0, 0
10282, 16, 678, 715, 0, 0, 2.98%, 0, 0, 13, 112.22, 1273252, 1954, 0, 0
10287, 16, 492, 715, 0, 0, 2.98%, 0, 0, 13, 123.31, 1273892, 1954, 0, 0
10293, 16, 68, 715, 0, 0, 2.98%, 0, 0, 13, 105.09, 1274408, 1954, 0, 0
10298, 16, 262, 715, 0, 0, 2.98%, 0, 0, 13, 114.24, 1275005, 1954, 0, 0
10303, 16, 550, 716, 1, 0, 2.98%, 0, 0, 13, 104.05, 1275538, 1954, 0, 0
10308, 16, 532, 716, 1, 0, 2.98%, 0, 0, 13, 120.68, 1276158, 1954, 0, 0
10313, 16, 366, 716, 1, 0, 2.98%, 0, 0, 13, 98.99, 1276850, 1954, 0, 0
10318, 16, 313, 716, 1, 0, 2.98%, 0, 0, 13, 121.86, 1277506, 1954, 0, 0
10323, 16, 636, 716, 1, 0, 2.98%, 0, 0, 13, 103.12, 1278004, 1954, 0, 0
10328, 16, 706, 716, 1, 0, 2.98%, 0, 0, 13, 112.25, 1278580, 1954, 0, 0
10333, 16, 457, 716, 1, 0, 2.98%, 0, 0, 13, 112.05, 1279136, 1954, 0, 0
10338, 16, 134, 716, 1, 0, 2.98%, 0, 0, 13, 125.54, 1279795, 1954, 0, 0
10338, 16, 262, 716, 1, 0, 2.98%, 0, 0, 13, 0.00, 1279805, 1954, 0, 0
10337, 16, 262, 716, 1, 0, 2.98%, 0, 0, 13, 0.00, 1279806, 1954, 0, 0
10342, 16, 698, 716, 1, 0, 2.98%, 0, 0, 13, 118.45, 1280395, 1954, 0, 0
10347, 16, 139, 716, 1, 0, 2.98%, 0, 0, 13, 123.08, 1281007, 1954, 0, 0
10352, 16, 138, 716, 1, 0, 2.98%, 0, 0, 13, 99.13, 1281496, 1954, 0, 0
10357, 16, 703, 716, 1, 0, 2.98%, 0, 0, 13, 105.76, 1282042, 1954, 0, 0
10362, 16, 62, 716, 1, 0, 2.98%, 0, 0, 13, 96.05, 1282533, 1954, 0, 0
10367, 16, 120, 716, 1, 0, 2.98%, 0, 0, 13, 125.73, 1283360, 1954, 0, 0
10372, 16, 206, 716, 1, 0, 2.98%, 0, 0, 13, 110.33, 1283878, 1954, 0, 0
10378, 16, 607, 716, 1, 0, 2.98%, 0, 0, 13, 124.32, 1284536, 1954, 0, 0
10383, 16, 549, 716, 1, 0, 2.98%, 0, 0, 13, 111.98, 1285103, 1954, 0, 0
10388, 16, 538, 716, 1, 0, 2.98%, 0, 0, 13, 118.71, 1285734, 1954, 0, 0
10393, 16, 75, 716, 1, 0, 2.98%, 0, 0, 13, 117.75, 1286350, 1954, 0, 0
10398, 16, 490, 716, 1, 0, 2.98%, 0, 0, 13, 128.31, 1287170, 1954, 0, 0
10403, 16, 449, 716, 1, 0, 2.98%, 0, 0, 13, 111.43, 1287744, 1954, 0, 0
10409, 16, 197, 716, 1, 0, 2.98%, 0, 0, 13, 110.87, 1288307, 1954, 0, 0
10414, 16, 698, 716, 1, 0, 2.98%, 0, 0, 13, 107.81, 1288853, 1954, 0, 0
10419, 16, 571, 716, 1, 0, 2.98%, 0, 0, 13, 119.13, 1289474, 1954, 0, 0
10424, 16, 638, 716, 1, 0, 2.98%, 0, 0, 13, 113.98, 1290252, 1954, 0, 0
10429, 16, 571, 716, 1, 0, 2.98%, 0, 0, 13, 117.98, 1290892, 1954, 0, 0
10434, 16, 65, 716, 1, 0, 2.98%, 0, 0, 13, 102.93, 1291388, 1954, 0, 0
10439, 16, 678, 716, 1, 0, 2.98%, 0, 0, 13, 116.40, 1291982, 1954, 0, 0
10444, 16, 462, 716, 1, 0, 2.98%, 0, 0, 13, 123.03, 1292594, 1954, 0, 0
10449, 16, 303, 716, 1, 0, 2.98%, 0, 0, 13, 127.20, 1293243, 1954, 0, 0
10454, 16, 299, 716, 1, 0, 2.98%, 0, 0, 13, 117.07, 1294059, 1954, 0, 0
10460, 16, 108, 716, 1, 0, 2.98%, 0, 0, 13, 120.40, 1294705, 1954, 0, 0
10465, 16, 142, 716, 1, 0, 2.98%, 0, 0, 13, 109.65, 1295243, 1954, 0, 0
10470, 16, 323, 716, 1, 0, 2.98%, 0, 0, 13, 111.48, 1295848, 1954, 0, 0
10475, 16, 461, 716, 1, 0, 2.98%, 0, 0, 13, 111.57, 1296406, 1954, 0, 0
10480, 16, 492, 716, 1, 0, 2.98%, 0, 0, 13, 91.45, 1297213, 1954, 0, 0
10485, 16, 671, 716, 1, 0, 2.98%, 0, 0, 13, 99.04, 1297705, 1954, 0, 0
10491, 16, 235, 716, 1, 0, 2.98%, 0, 0, 13, 111.48, 1298310, 1954, 0, 0
10496, 16, 248, 716, 1, 0, 2.98%, 0, 0, 13, 102.06, 1298804, 1954, 0, 0
10501, 16, 235, 716, 1, 0, 2.98%, 0, 0, 13, 112.08, 1299362, 1954, 0, 0
10506, 16, 466, 716, 1, 0, 2.98%, 0, 0, 13, 120.89, 1299959, 1954, 0, 0
10511, 16, 532, 716, 1, 0, 2.98%, 0, 0, 13, 113.18, 1300713, 1954, 0, 0
10516, 16, 206, 716, 1, 0, 2.98%, 0, 0, 13, 111.80, 1301267, 1954, 0, 0
10521, 16, 490, 716, 1, 0, 2.98%, 0, 0, 13, 108.52, 1301857, 1954, 0, 0
10526, 16, 492, 716, 1, 0, 2.98%, 0, 0, 13, 117.90, 1302473, 1954, 0, 0
10531, 16, 690, 716, 1, 0, 2.98%, 0, 0, 13, 115.51, 1303073, 1954, 0, 0
10536, 16, 129, 716, 1, 0, 2.98%, 0, 0, 13, 124.77, 1303706, 1954, 0, 0
10535, 16, 89, 716, 1, 0, 2.98%, 0, 0, 13, 0.00, 1303762, 1954, 0, 0
10540, 17, 170, 716, 1, 0, 2.98%, 0, 0, 13, 116.18, 1304396, 1954, 0, 0
10545, 17, 468, 716, 1, 0, 2.98%, 0, 0, 13, 115.86, 1304950, 1954, 0, 0
10550, 17, 715, 716, 1, 0, 2.98%, 0, 0, 13, 119.75, 1305595, 1954, 0, 0
10556, 17, 715, 716, 1, 0, 2.98%, 0, 0, 13, 119.26, 1306187, 1954, 0, 0
10561, 17, 464, 716, 0, 0, 2.98%, 0, 0, 13, 120.63, 1306812, 1954, 0, 0
10566, 17, 442, 716, 0, 0, 2.98%, 0, 0, 13, 112.61, 1307666, 1954, 0, 0
10571, 17, 317, 716, 0, 0, 2.98%, 0, 0, 13, 118.54, 1308285, 1954, 0, 0
10576, 17, 52, 716, 0, 0, 2.98%, 0, 0, 13, 110.04, 1308839, 1954, 0, 0
10581, 17, 549, 716, 0, 0, 2.98%, 0, 0, 13, 111.85, 1309416, 1954, 0, 0
10586, 17, 194, 716, 0, 0, 2.98%, 0, 0, 13, 110.63, 1309964, 1954, 0, 0
10591, 17, 409, 717, 1, 0, 2.98%, 0, 0, 13, 107.45, 1310529, 1954, 0, 0
10596, 17, 62, 717, 0, 0, 2.98%, 0, 0, 13, 103.32, 1311198, 1954, 0, 0
10601, 17, 194, 717, 0, 0, 2.98%, 0, 0, 13, 98.74, 1311704, 1954, 0, 0
10607, 17, 693, 717, 0, 0, 2.98%, 0, 0, 13, 120.79, 1312334, 1954, 0, 0
10612, 17, 194, 717, 0, 0, 2.98%, 0, 0, 13, 115.81, 1312935, 1954, 0, 0
10617, 17, 656, 717, 0, 0, 2.98%, 0, 0, 13, 120.34, 1313536, 1954, 0, 0
10622, 17, 442, 717, 0, 0, 2.98%, 0, 0, 13, 96.88, 1314261, 1954, 0, 0
10627, 17, 656, 717, 0, 0, 2.98%, 0, 0, 13, 122.44, 1314924, 1954, 0, 0
10632, 17, 383, 717, 0, 0, 2.98%, 0, 0, 13, 116.56, 1315505, 1954, 0, 0
10637, 17, 198, 717, 0, 0, 2.98%, 0, 0, 13, 111.49, 1316074, 1954, 0, 0
10642, 17, 643, 717, 0, 0, 2.98%, 0, 0, 13, 117.63, 1316681, 1954, 0, 0
10648, 17, 75, 717, 0, 0, 2.98%, 0, 0, 13, 124.09, 1317327, 1954, 0, 0
10653, 17, 452, 717, 0, 0, 2.98%, 0, 0, 13, 113.22, 1318125, 1954, 0, 0
10658, 17, 466, 717, 0, 0, 2.98%, 0, 0, 13, 120.81, 1318768, 1954, 0, 0
10663, 17, 217, 717, 0, 0, 2.98%, 0, 0, 13, 100.74, 1319274, 1954, 0, 0
10668, 17, 716, 717, 0, 0, 2.98%, 0, 0, 13, 109.55, 1319830, 1954, 0, 0
10673, 17, 291, 717, 0, 0, 2.98%, 0, 0, 13, 115.50, 1320410, 1954, 0, 0
10678, 17, 230, 717, 0, 0, 2.98%, 0, 0, 13, 120.06, 1321044, 1954, 0, 0
10677, 17, 230, 717, 0, 0, 2.98%, 0, 0, 13, 0.00, 1321076, 1954, 0, 0
10682, 17, 468, 717, 0, 0, 2.98%, 0, 0, 13, 95.87, 1321564, 1954, 0, 0
10687, 17, 457, 717, 0, 0, 2.98%, 0, 0, 13, 111.51, 1322144, 1954, 0, 0
10692, 17, 310, 717, 0, 0, 2.98%, 0, 0, 13, 117.75, 1322746, 1954, 0, 0
10697, 17, 62, 717, 0, 0, 2.98%, 0, 0, 13, 115.39, 1323324, 1954, 0, 0
10702, 17, 442, 717, 0, 0, 2.98%, 0, 0, 13, 116.12, 1323920, 1954, 0, 0
10707, 17, 155, 717, 0, 0, 2.98%, 0, 0, 13, 112.54, 1324644, 1954, 0, 0
10712, 17, 156, 717, 0, 0, 2.98%, 0, 0, 13, 100.20, 1325155, 1954, 0, 0
10717, 17, 136, 717, 0, 0, 2.98%, 0, 0, 13, 115.54, 1325771, 1954, 0, 0
10722, 17, 465, 717, 0, 0, 2.98%, 0, 0, 13, 97.45, 1326246, 1954, 0, 0
10727, 17, 93, 717, 0, 0, 2.98%, 0, 0, 13, 117.20, 1326855, 1954, 0, 0
10732, 17, 329, 717, 0, 0, 2.98%, 0, 0, 13, 117.69, 1327460, 1954, 0, 0
10738, 17, 535, 717, 0, 0, 2.98%, 0, 0, 13, 109.06, 1328230, 1954, 0, 0
10743, 17, 62, 717, 0, 0, 2.98%, 0, 0, 13, 121.74, 1328869, 1954, 0, 0
10748, 17, 466, 717, 0, 0, 2.98%, 0, 0, 13, 123.53, 1329517, 1954, 0, 0
10753, 17, 125, 717, 0, 0, 2.98%, 0, 0, 13, 104.93, 1330021, 1954, 0, 0
10758, 17, 210, 717, 0, 0, 2.98%, 0, 0, 13, 124.12, 1330683, 1954, 0, 0
10763, 17, 449, 717, 0, 0, 2.98%, 0, 0, 13, 115.68, 1331260, 1954, 0, 0
10761, 17, 449, 717, 0, 0, 2.98%, 0, 0, 13, 0.00, 1331270, 1954, 0, 0
10767, 17, 397, 717, 0, 0, 2.98%, 0, 0, 13, 123.85, 1331898, 1954, 0, 0
10772, 17, 137, 717, 0, 0, 2.98%, 0, 0, 13, 114.33, 1332472, 1954, 0, 0
10777, 17, 142, 717, 0, 0, 2.98%, 0, 0, 13, 123.52, 1333118, 1954, 0, 0
10782, 17, 39, 717, 0, 0, 2.98%, 0, 0, 13, 117.46, 1333719, 1954, 0, 0
10787, 17, 194, 717, 0, 0, 2.98%, 0, 0, 13, 108.99, 1334278, 1954, 0, 0
10792, 17, 239, 717, 0, 0, 2.98%, 0, 0, 13, 122.29, 1335068, 1954, 0, 0
10797, 17, 144, 717, 0, 0, 2.98%, 0, 0, 13, 119.43, 1335678, 1954, 0, 0
10802, 17, 137, 717, 0, 0, 2.98%, 0, 0, 13, 110.73, 1336218, 1954, 0, 0
10807, 17, 538, 717, 0, 0, 2.98%, 0, 0, 13, 123.88, 1336874, 1954, 0, 0
10813, 17, 448, 717, 0, 0, 2.98%, 0, 0, 13, 114.34, 1337467, 1954, 0, 0
10818, 17, 538, 717, 0, 0, 2.98%, 0, 0, 13, 120.64, 1338092, 1954, 0, 0
10823, 17, 534, 717, 0, 0, 2.98%, 0, 0, 13, 107.53, 1338830, 1954, 0, 0
10828, 17, 532, 717, 0, 0, 2.98%, 0, 0, 13, 117.53, 1339434, 1954, 0, 0
10833, 17, 137, 717, 0, 0, 2.98%, 0, 0, 13, 109.79, 1339969, 1954, 0, 0
10838, 17, 20, 717, 0, 0, 2.98%, 0, 0, 13, 117.79, 1340581, 1954, 0, 0
10843, 17, 702, 717, 0, 0, 2.98%, 0, 0, 13, 100.66, 1341088, 1954, 0, 0
10848, 17, 430, 717, 0, 0, 2.98%, 0, 0, 13, 125.13, 1341924, 1954, 0, 0
10853, 17, 534, 717, 0, 0, 2.98%, 0, 0, 13, 114.35, 1342459, 1954, 0, 0
10858, 17, 230, 717, 0, 0, 2.98%, 0, 0, 13, 124.52, 1343109, 1954, 0, 0
10864, 17, 490, 717, 0, 0, 2.98%, 0, 0, 13, 112.58, 1343687, 1954, 0, 0
10869, 17, 207, 717, 0, 0, 2.98%, 0, 0, 13, 120.12, 1344321, 1954, 0, 0
10874, 17, 216, 717, 0, 0, 2.98%, 0, 0, 13, 105.74, 1344845, 1954, 0, 0
10879, 17, 680, 717, 0, 0, 2.98%, 0, 0, 13, 123.07, 1345647, 1954, 0, 0
10884, 17, 402, 717, 0, 0, 2.98%, 0, 0, 13, 108.20, 1346169, 1954, 0, 0
10889, 17, 678, 717, 0, 0, 2.98%, 0, 0, 13, 124.65, 1346826, 1954, 0, 0
10894, 17, 452, 717, 0, 0, 2.98%, 0, 0, 13, 105.72, 1347368, 1954, 0, 0
10900, 17, 68, 717, 0, 0, 2.98%, 0, 0, 13, 113.48, 1347953, 1954, 0, 0
10905, 17, 582, 717, 0, 0, 2.98%, 0, 0, 13, 100.08, 1348433, 1954, 0, 0
10903, 17, 582, 717, 0, 0, 2.98%, 0, 0, 13, 0.00, 1348440, 1954, 0, 0
10908, 17, 357, 717, 0, 0, 2.98%, 0, 0, 13, 130.51, 1349114, 1954, 0, 0
10913, 17, 638, 717, 0, 0, 2.98%, 0, 0, 13, 119.10, 1349711, 1954, 0, 0
10918, 17, 229, 717, 0, 0, 2.98%, 0, 0, 13, 122.54, 1350345, 1954, 0, 0
10923, 17, 230, 717, 0, 0, 2.98%, 0, 0, 13, 112.62, 1350889, 1954, 0, 0
10929, 17, 405, 717, 0, 0, 2.98%, 0, 0, 13, 108.86, 1351464, 1954, 0, 0
10934, 17, 135, 717, 0, 0, 2.98%, 0, 0, 13, 118.75, 1352220, 1954, 0, 0
10939, 17, 261, 717, 0, 0, 2.98%, 0, 0, 13, 126.76, 1352886, 1954, 0, 0
10944, 17, 48, 717, 0, 0, 2.98%, 0, 0, 13, 125.55, 1353525, 1954, 0, 0
10949, 17, 462, 717, 0, 0, 2.98%, 0, 0, 13, 115.93, 1354121, 1954, 0, 0
10954, 17, 490, 717, 0, 0, 2.98%, 0, 0, 13, 104.65, 1354618, 1954, 0, 0
10959, 17, 76, 717, 0, 0, 2.98%, 0, 0, 13, 125.48, 1355293, 1954, 0, 0
10964, 17, 701, 717, 0, 0, 2.98%, 0, 0, 13, 108.02, 1356037, 1954, 0, 0
10970, 17, 242, 717, 0, 0, 2.98%, 0, 0, 13, 117.08, 1356674, 1954, 0, 0
10975, 17, 130, 717, 0, 0, 2.98%, 0, 0, 13, 110.65, 1357226, 1954, 0, 0
10980, 17, 636, 717, 0, 0, 2.98%, 0, 0, 13, 121.43, 1357875, 1954, 0, 0
10985, 17, 405, 717, 0, 0, 2.98%, 0, 0, 13, 104.62, 1358399, 1954, 0, 0
10990, 17, 540, 717, 0, 0, 2.98%, 0, 0, 13, 118.44, 1359216, 1954, 0, 0
10995, 17, 140, 717, 0, 0, 2.98%, 0, 0, 13, 115.47, 1359803, 1954, 0, 0
11000, 17, 403, 717, 0, 0, 2.98%, 0, 0, 13, 107.99, 1360353, 1954, 0, 0
11005, 17, 120, 717, 0, 0, 2.98%, 0, 0, 13, 119.07, 1360959, 1954, 0, 0
11011, 17, 468, 717, 0, 0, 2.98%, 0, 0, 13, 118.49, 1361594, 1954, 0, 0
11016, 17, 679, 717, 0, 0, 2.98%, 0, 0, 13, 110.20, 1362113, 1954, 0, 0
11021, 17, 142, 717, 0, 0, 2.98%, 0, 0, 13, 110.16, 1362901, 1954, 0, 0
11026, 17, 461, 717, 0, 0, 2.98%, 0, 0, 13, 109.26, 1363420, 1954, 0, 0
11031, 17, 706, 717, 0, 0, 2.98%, 0, 0, 13, 120.14, 1364062, 1954, 0, 0
11036, 17, 645, 717, 0, 0, 2.98%, 0, 0, 13, 118.57, 1364692, 1954, 0, 0
11041, 17, 305, 717, 0, 0, 2.98%, 0, 0, 13, 109.21, 1365242, 1954, 0, 0
11046, 17, 324, 717, 0, 0, 2.98%, 0, 0, 13, 132.56, 1366052, 1954, 0, 0
11051, 17, 442, 717, 0, 0, 2.98%, 0, 0, 13, 113.82, 1366618, 1954, 0, 0
11056, 17, 468, 717, 0, 0, 2.98%, 0, 0, 13, 114.93, 1367208, 1954, 0, 0
11062, 17, 391, 717, 0, 0, 2.98%, 0, 0, 13, 120.69, 1367832, 1954, 0, 0
11067, 17, 461, 717, 0, 0, 2.98%, 0, 0, 13, 129.79, 1368488, 1954, 0, 0
11072, 17, 370, 717, 0, 0, 2.98%, 0, 0, 13, 113.10, 1369066, 1954, 0, 0
11077, 17, 13, 717, 0, 0, 2.98%, 0, 0, 13, 116.61, 1369832, 1954, 0, 0
11082, 17, 140, 717, 0, 0, 2.98%, 0, 0, 13, 104.78, 1370368, 1954, 0, 0
11087, 17, 206, 717, 0, 0, 2.98%, 0, 0, 13, 104.85, 1370890, 1954, 0, 0
11092, 17, 549, 717, 0, 0, 2.98%, 0, 0, 13, 114.48, 1371492, 1954, 0, 0
11097, 17, 679, 717, 0, 0, 2.98%, 0, 0, 13, 116.99, 1372090, 1954, 0, 0
11102, 17, 468, 717, 0, 0, 2.98%, 0, 0, 13, 116.68, 1372716, 1954, 0, 0
11101, 17, 529, 717, 0, 0, 2.98%, 0, 0, 13, 0.00, 1372776, 1954, 0, 0
11106, 17, 701, 717, 0, 0, 2.98%, 0, 0, 13, 108.90, 1373325, 1954, 0, 0
11111, 17, 125, 717, 0, 0, 2.98%, 0, 0, 13, 117.15, 1373934, 1954, 0, 0
11116, 17, 89, 717, 0, 0, 2.98%, 0, 0, 13, 114.50, 1374489, 1954, 0, 0
11122, 17, 97, 717, 0, 0, 2.98%, 0, 0, 13, 116.52, 1375119, 1954, 0, 0
11127, 17, 230, 717, 0, 0, 2.98%, 0, 0, 13, 115.60, 1375688, 1954, 0, 0
11132, 17, 219, 717, 0, 0, 2.98%, 0, 0, 13, 93.97, 1376458, 1954, 0, 0
11137, 17, 656, 717, 0, 0, 2.98%, 0, 0, 13, 117.90, 1377082, 1954, 0, 0
11142, 18, 538, 717, 0, 0, 2.98%, 0, 0, 13, 109.76, 1377668, 1954, 0, 0
11147, 18, 217, 717, 0, 0, 2.98%, 0, 0, 13, 110.80, 1378196, 1954, 0, 0
11152, 18, 701, 717, 0, 0, 2.98%, 0, 0, 13, 115.99, 1378792, 1954, 0, 0
11157, 18, 582, 717, 0, 0, 2.98%, 0, 0, 13, 112.52, 1379337, 1954, 0, 0
11162, 18, 137, 717, 0, 0, 2.98%, 0, 0, 13, 123.78, 1380183, 1954, 0, 0
11168, 18, 357, 717, 0, 0, 2.98%, 0, 0, 13, 126.98, 1380848, 1954, 0, 0
11173, 18, 706, 717, 0, 0, 2.98%, 0, 0, 13, 117.02, 1381430, 1954, 0, 0
11178, 18, 150, 717, 0, 0, 2.98%, 0, 0, 13, 123.35, 1382047, 1954, 0, 0
11183, 18, 642, 717, 0, 0, 2.98%, 0, 0, 13, 118.77, 1382657, 1954, 0, 0
11188, 18, 465, 717, 0, 0, 2.98%, 0, 0, 13, 134.81, 1383426, 1954, 0, 0
11193, 18, 158, 717, 0, 0, 2.98%, 0, 0, 13, 106.08, 1383929, 1954, 0, 0
11198, 18, 140, 717, 0, 0, 2.98%, 0, 0, 13, 110.93, 1384488, 1954, 0, 0
11203, 18, 466, 717, 0, 0, 2.98%, 0, 0, 13, 103.57, 1385012, 1954, 0, 0
11208, 18, 679, 717, 0, 0, 2.98%, 0, 0, 13, 122.96, 1385647, 1954, 0, 0
11213, 18, 464, 717, 0, 0, 2.98%, 0, 0, 13, 106.14, 1386189, 1954, 0, 0
11218, 18, 52, 717, 0, 0, 2.98%, 0, 0, 13, 104.36, 1386902, 1954, 0, 0
11223, 18, 230, 717, 0, 0, 2.98%, 0, 0, 13, 109.24, 1387452, 1954, 0, 0
11228, 18, 709, 717, 0, 0, 2.98%, 0, 0, 13, 113.98, 1388017, 1954, 0, 0
11233, 18, 645, 717, 0, 0, 2.98%, 0, 0, 13, 107.79, 1388546, 1954, 0, 0
11238, 18, 645, 717, 0, 0, 2.98%, 0, 0, 13, 123.36, 1389193, 1954, 0, 0
11243, 18, 571, 717, 0, 0, 2.98%, 0, 0, 13, 104.43, 1389723, 1954, 0, 0
11243, 18, 129, 717, 0, 0, 2.98%, 0, 0, 13, 0.00, 1389829, 1954, 0, 0
11248, 18, 520, 717, 0, 0, 2.98%, 0, 0, 13, 103.94, 1390383, 1954, 0, 0
11253, 18, 128, 717, 0, 0, 2.98%, 0, 0, 13, 105.62, 1390915, 1954, 0, 0
11258, 18, 451, 717, 0, 0, 2.98%, 0, 0, 13, 122.40, 1391572, 1954, 0, 0
11263, 18, 40, 717, 0, 0, 2.98%, 0, 0, 13, 115.22, 1392176, 1954, 0, 0
11268, 18, 232, 717, 0, 0, 2.98%, 0, 0, 13, 120.16, 1392790, 1954, 0, 0
11274, 18, 492, 717, 0, 0, 2.98%, 0, 0, 13, 118.09, 1393534, 1954, 0, 0
11279, 18, 675, 717, 0, 0, 2.98%, 0, 0, 13, 112.09, 1394078, 1954, 0, 0
11284, 18, 661, 717, 0, 0, 2.98%, 0, 0, 13, 113.79, 1394679, 1954, 0, 0
11289, 18, 165, 717, 0, 0, 2.98%, 0, 0, 13, 113.03, 1395209, 1954, 0, 0
11294, 18, 216, 717, 0, 0, 2.98%, 0, 0, 13, 121.84, 1395840, 1954, 0, 0
11299, 18, 533, 717, 0, 0, 2.98%, 0, 0, 13, 122.25, 1396434, 1954, 0, 0
11304, 18, 452, 717, 0, 0, 2.98%, 0, 0, 13, 99.21, 1397123, 1954, 0, 0
11309, 18, 517, 717, 0, 0, 2.98%, 0, 0, 13, 115.37, 1397744, 1954, 0, 0
11314, 18, 490, 717, 0, 0, 2.98%, 0, 0, 13, 119.53, 1398339, 1954, 0, 0
11320, 18, 527, 717, 0, 0, 2.98%, 0, 0, 13, 121.30, 1398969, 1954, 0, 0
11325, 18, 656, 717, 0, 0, 2.98%, 0, 0, 13, 104.50, 1399458, 1954, 0, 0
11330, 18, 693, 717, 0, 0, 2.98%, 0, 0, 13, 116.15, 1400174, 1954, 0, 0
11335, 18, 216, 717, 0, 0, 2.98%, 0, 0, 13, 120.41, 1400815, 1954, 0, 0
11340, 18, 490, 717, 0, 0, 2.98%, 0, 0, 13, 119.52, 1401427, 1954, 0, 0
11345, 18, 207, 717, 0, 0, 2.98%, 0, 0, 13, 119.39, 1402042, 1954, 0, 0
11350, 18, 466, 717, 0, 0, 2.98%, 0, 0, 13, 117.88, 1402647, 1954, 0, 0
11355, 18, 137, 717, 0, 0, 2.98%, 0, 0, 13, 116.71, 1403243, 1954, 0, 0
11361, 18, 145, 717, 0, 0, 2.98%, 0, 0, 13, 99.41, 1404040, 1954, 0, 0
11366, 18, 54, 717, 0, 0, 2.98%, 0, 0, 13, 105.09, 1404587, 1954, 0, 0
11371, 18, 139, 717, 0, 0, 2.98%, 0, 0, 13, 107.28, 1405144, 1954, 0, 0
11376, 18, 313, 717, 0, 0, 2.98%, 0, 0, 13, 98.39, 1405641, 1954, 0, 0
11381, 18, 527, 717, 0, 0, 2.98%, 0, 0, 13, 110.09, 1406224, 1954, 0, 0
11386, 18, 366, 717, 0, 0, 2.98%, 0, 0, 13, 126.95, 1407065, 1954, 0, 0
11391, 18, 137, 717, 0, 0, 2.98%, 0, 0, 13, 113.71, 1407623, 1954, 0, 0
11396, 18, 685, 717, 0, 0, 2.98%, 0, 0, 13, 109.42, 1408170, 1954, 0, 0
11401, 18, 607, 717, 0, 0, 2.98%, 0, 0, 13, 113.97, 1408765, 1954, 0, 0
11406, 18, 492, 717, 0, 0, 2.98%, 0, 0, 13, 114.21, 1409352, 1954, 0, 0
11411, 18, 206, 717, 0, 0, 2.98%, 0, 0, 13, 105.74, 1409892, 1954, 0, 0
11417, 18, 128, 717, 0, 0, 2.98%, 0, 0, 13, 112.86, 1410636, 1954, 0, 0
11422, 18, 531, 717, 0, 0, 2.98%, 0, 0, 13, 112.48, 1411199, 1954, 0, 0
11427, 18, 440, 717, 0, 0, 2.98%, 0, 0, 13, 113.13, 1411797, 1954, 0, 0
11432, 18, 198, 717, 0, 0, 2.98%, 0, 0, 13, 111.97, 1412375, 1954, 0, 0
11437, 18, 232, 717, 0, 0, 2.98%, 0, 0, 13, 105.67, 1412879, 1954, 0, 0
11442, 18, 520, 717, 0, 0, 2.98%, 0, 0, 13, 118.66, 1413493, 1954, 0, 0
11441, 18, 405, 717, 0, 0, 2.98%, 0, 0, 13, 0.00, 1413561, 1954, 0, 0
11446, 18, 65, 717, 0, 0, 2.98%, 0, 0, 13, 118.16, 1414145, 1954, 0, 0
11451, 18, 194, 717, 0, 0, 2.98%, 0, 0, 13, 111.05, 1414728, 1954, 0, 0
11456, 18, 457, 717, 0, 0, 2.98%, 0, 0, 13, 111.41, 1415277, 1954, 0, 0
11461, 18, 571, 717, 0, 0, 2.98%, 0, 0, 13, 119.97, 1415907, 1954, 0, 0
11466, 18, 217, 717, 0, 0, 2.98%, 0, 0, 13, 121.82, 1416513, 1954, 0, 0
11471, 18, 219, 717, 0, 0, 2.98%, 0, 0, 13, 107.21, 1417345, 1954, 0, 0
11476, 18, 206, 717, 0, 0, 2.98%, 0, 0, 13, 124.04, 1417978, 1954, 0, 0
11481, 18, 305, 717, 0, 0, 2.98%, 0, 0, 13, 118.97, 1418604, 1954, 0, 0
11486, 18, 636, 717, 0, 0, 2.98%, 0, 0, 13, 118.06, 1419195, 1954, 0, 0
11492, 18, 449, 717, 0, 0, 2.98%, 0, 0, 13, 100.26, 1419696, 1954, 0, 0
11497, 18, 492, 717, 0, 0, 2.98%, 0, 0, 13, 106.32, 1420208, 1954, 0, 0
11502, 18, 261, 717, 0, 0, 2.98%, 0, 0, 13, 120.93, 1421018, 1954, 0, 0
11507, 18, 656, 717, 0, 0, 2.98%, 0, 0, 13, 115.62, 1421603, 1954, 0, 0
11512, 18, 52, 717, 0, 0, 2.98%, 0, 0, 13, 114.61, 1422191, 1954, 0, 0
11517, 18, 531, 717, 0, 0, 2.98%, 0, 0, 13, 111.21, 1422771, 1954, 0, 0
11522, 18, 448, 717, 0, 0, 2.98%, 0, 0, 13, 101.82, 1423269, 1954, 0, 0
11527, 18, 698, 717, 0, 0, 2.98%, 0, 0, 13, 108.93, 1423816, 1954, 0, 0
11527, 18, 698, 717, 0, 0, 2.98%, 0, 0, 13, 0.00, 1423846, 1954, 0, 0
11526, 18, 698, 717, 0, 0, 2.98%, 0, 0, 13, 0.00, 1423847, 1954, 0, 0
11531, 18, 693, 718, 1, 0, 2.98%, 0, 0, 13, 114.52, 1424436, 1954, 0, 0
11536, 18, 447, 718, 1, 0, 2.98%, 0, 0, 13, 103.91, 1424936, 1954, 0, 0
11541, 18, 506, 718, 1, 0, 2.98%, 0, 0, 13, 112.48, 1425507, 1954, 0, 0
11546, 18, 120, 718, 1, 0, 2.98%, 0, 0, 13, 118.71, 1426134, 1954, 0, 0
11551, 18, 357, 718, 1, 0, 2.98%, 0, 0, 13, 121.07, 1426775, 1954, 0, 0
11556, 18, 502, 718, 1, 0, 2.98%, 0, 0, 13, 115.26, 1427557, 1954, 0, 0
11561, 18, 656, 718, 1, 0, 2.98%, 0, 0, 13, 111.82, 1428125, 1954, 0, 0
11566, 18, 232, 718, 1, 0, 2.98%, 0, 0, 13, 117.13, 1428703, 1954, 0, 0
11571, 18, 412, 718, 1, 0, 2.98%, 0, 0, 13, 111.35, 1429294, 1954, 0, 0
11576, 18, 717, 718, 1, 0, 2.98%, 0, 0, 13, 104.81, 1429816, 1954, 0, 0
11581, 18, 717, 720, 3, 0, 2.98%, 0, 0, 14, 109.83, 1430384, 1954, 0, 0
11587, 18, 717, 720, 3, 0, 2.98%, 0, 0, 14, 110.10, 1431190, 1954, 0, 0
11592, 18, 717, 720, 3, 0, 2.98%, 0, 0, 14, 114.99, 1431798, 1954, 0, 0
11597, 18, 358, 720, 2, 0, 2.98%, 0, 0, 14, 110.54, 1432358, 1954, 0, 0
11602, 18, 718, 720, 2, 0, 2.98%, 0, 0, 14, 116.42, 1432977, 1954, 0, 0
11607, 18, 718, 721, 3, 0, 2.98%, 0, 0, 15, 119.15, 1433578, 1954, 0, 0
11612, 18, 579, 721, 2, 0, 2.98%, 0, 0, 15, 97.96, 1434344, 1954, 0, 0
11617, 18, 562, 721, 2, 0, 2.98%, 0, 0, 15, 109.66, 1434918, 1954, 0, 0
11622, 18, 449, 721, 2, 0, 2.98%, 0, 0, 15, 110.81, 1435484, 1954, 0, 0
11628, 18, 607, 721, 2, 0, 2.98%, 0, 0, 15, 116.70, 1436075, 1954, 0, 0
11633, 18, 368, 721, 2, 0, 2.98%, 0, 0, 15, 104.55, 1436637, 1954, 0, 0
11638, 18, 243, 721, 2, 0, 2.98%, 0, 0, 15, 111.31, 1437191, 1954, 0, 0
11643, 18, 305, 721, 2, 0, 2.98%, 0, 0, 15, 97.65, 1437885, 1954, 0, 0
11648, 18, 215, 721, 2, 0, 2.98%, 0, 0, 15, 111.28, 1438484, 1954, 0, 0
11653, 18, 464, 721, 2, 0, 2.98%, 0, 0, 15, 118.64, 1439074, 1954, 0, 0
11658, 18, 210, 721, 2, 0, 2.98%, 0, 0, 15, 119.16, 1439694, 1954, 0, 0
11663, 18, 705, 721, 2, 0, 2.98%, 0, 0, 15, 112.96, 1440272, 1954, 0, 0
11668, 18, 717, 721, 2, 0, 2.98%, 0, 0, 15, 106.83, 1440788, 1954, 0, 0
11668, 18, 717, 721, 2, 0, 2.98%, 0, 0, 15, 0.00, 1440822, 1954, 0, 0
11667, 18, 717, 721, 2, 0, 2.98%, 0, 0, 15, 0.00, 1440823, 1954, 0, 0
11672, 18, 529, 721, 2, 0, 2.98%, 0, 0, 15, 101.04, 1441353, 1954, 0, 0
11677, 18, 606, 721, 2, 0, 2.98%, 0, 0, 15, 101.58, 1441861, 1954, 0, 0
11682, 18, 137, 721, 2, 0, 2.98%, 0, 0, 15, 94.14, 1442350, 1954, 0, 0
11688, 18, 317, 721, 2, 0, 2.98%, 0, 0, 15, 104.42, 1442874, 1954, 0, 0
11693, 18, 148, 721, 2, 0, 2.98%, 0, 0, 15, 119.46, 1443507, 1954, 0, 0
11698, 18, 203, 721, 2, 0, 2.98%, 0, 0, 15, 113.65, 1444277, 1954, 0, 0
11703, 18, 468, 721, 2, 0, 2.98%, 0, 0, 15, 95.63, 1444748, 1954, 0, 0
11708, 18, 645, 721, 2, 0, 2.98%, 0, 0, 15, 119.10, 1445398, 1954, 0, 0
11713, 18, 137, 721, 2, 0, 2.98%, 0, 0, 15, 120.75, 1446028, 1954, 0, 0
11718, 18, 129, 721, 2, 0, 2.98%, 0, 0, 15, 107.65, 1446558, 1954, 0, 0
11724, 18, 534, 721, 2, 0, 2.98%, 0, 0, 15, 109.21, 1447136, 1954, 0, 0
11723, 18, 492, 721, 2, 0, 2.98%, 0, 0, 15, 0.00, 1447287, 1954, 0, 0
11729, 18, 520, 721, 2, 0, 2.98%, 0, 0, 15, 119.35, 1447906, 1954, 0, 0
11734, 18, 476, 721, 2, 0, 2.98%, 0, 0, 15, 103.29, 1448436, 1954, 0, 0
11739, 18, 449, 721, 2, 0, 2.98%, 0, 0, 15, 117.16, 1449016, 1954, 0, 0
11744, 18, 125, 721, 2, 0, 2.98%, 0, 0, 15, 104.21, 1449547, 1954, 0, 0
11749, 18, 125, 721, 2, 0, 2.98%, 0, 0, 15, 116.53, 1450129, 1954, 0, 0
11754, 18, 451, 721, 2, 0, 2.98%, 0, 0, 15, 127.95, 1450976, 1954, 0, 0
11759, 18, 201, 721, 2, 0, 2.98%, 0, 0, 15, 128.55, 1451645, 1954, 0, 0
11764, 18, 409, 721, 2, 0, 2.98%, 0, 0, 15, 119.07, 1452215, 1954, 0, 0
11769, 18, 35, 721, 2, 0, 2.98%, 0, 0, 15, 123.56, 1452866, 1954, 0, 0
11774, 18, 463, 721, 2, 0, 2.98%, 0, 0, 15, 111.50, 1453404, 1954, 0, 0
11780, 18, 668, 721, 2, 0, 2.98%, 0, 0, 15, 118.24, 1454017, 1954, 0, 0
11785, 18, 719, 721, 2, 0, 2.98%, 0, 0, 15, 87.83, 1454661, 1954, 0, 0
11790, 18, 719, 721, 2, 0, 2.98%, 0, 0, 15, 108.34, 1455234, 1954, 0, 0
11795, 19, 62, 721, 1, 0, 2.98%, 0, 0, 15, 117.72, 1455842, 1954, 0, 0
11800, 19, 576, 721, 1, 0, 2.98%, 0, 0, 15, 124.52, 1456496, 1954, 0, 0
11805, 19, 137, 721, 1, 0, 2.98%, 0, 0, 15, 111.20, 1457032, 1954, 0, 0
11810, 19, 512, 721, 1, 0, 2.98%, 0, 0, 15, 102.99, 1457852, 1954, 0, 0
11815, 19, 50, 721, 1, 0, 2.98%, 0, 0, 15, 109.96, 1458411, 1954, 0, 0
11820, 19, 242, 721, 1, 0, 2.98%, 0, 0, 15, 95.42, 1458883, 1954, 0, 0
11825, 19, 549, 721, 1, 0, 2.98%, 0, 0, 15, 117.62, 1459492, 1954, 0, 0
11830, 19, 531, 721, 1, 0, 2.98%, 0, 0, 15, 121.92, 1460105, 1954, 0, 0
11835, 19, 520, 721, 1, 0, 2.98%, 0, 0, 15, 111.03, 1460639, 1954, 0, 0
11841, 19, 366, 721, 1, 0, 2.98%, 0, 0, 15, 108.07, 1461429, 1954, 0, 0
11846, 19, 183, 721, 1, 0, 2.98%, 0, 0, 15, 114.59, 1461988, 1954, 0, 0
11851, 19, 213, 721, 1, 0, 2.98%, 0, 0, 15, 123.06, 1462639, 1954, 0, 0
11856, 19, 210, 721, 1, 0, 2.98%, 0, 0, 15, 126.52, 1463288, 1954, 0, 0
11861, 19, 366, 721, 1, 0, 2.98%, 0, 0, 15, 122.69, 1463913, 1954, 0, 0
11866, 19, 330, 721, 1, 0, 2.98%, 0, 0, 15, 106.49, 1464441, 1954, 0, 0
11865, 19, 549, 721, 1, 0, 2.98%, 0, 0, 15, 0.00, 1464495, 1954, 0, 0
11870, 19, 67, 721, 1, 0, 2.98%, 0, 0, 15, 101.07, 1465029, 1954, 0, 0
11875, 19, 248, 721, 1, 0, 2.98%, 0, 0, 15, 120.97, 1465651, 1954, 0, 0
11880, 19, 224, 721, 1, 0, 2.98%, 0, 0, 15, 126.71, 1466295, 1954, 0, 0
11885, 19, 179, 721, 1, 0, 2.98%, 0, 0, 15, 112.57, 1466839, 1954, 0, 0
11890, 19, 206, 721, 1, 0, 2.98%, 0, 0, 15, 120.85, 1467451, 1954, 0, 0
11895, 19, 203, 721, 1, 0, 2.98%, 0, 0, 15, 107.24, 1468273, 1954, 0, 0
11900, 19, 656, 721, 1, 0, 2.98%, 0, 0, 15, 115.11, 1468903, 1954, 0, 0
11906, 19, 373, 721, 1, 0, 2.98%, 0, 0, 15, 130.64, 1469433, 1954, 0, 0
11911, 19, 165, 721, 1, 0, 2.98%, 0, 0, 15, 116.59, 1470028, 1954, 0, 0
11916, 19, 491, 721, 1, 0, 2.98%, 0, 0, 15, 121.43, 1470626, 1954, 0, 0
11921, 19, 606, 721, 1, 0, 2.98%, 0, 0, 15, 128.24, 1471309, 1954, 0, 0
11926, 19, 142, 721, 1, 0, 2.98%, 0, 0, 15, 127.67, 1472131, 1954, 0, 0
11931, 19, 463, 721, 1, 0, 2.98%, 0, 0, 15, 115.61, 1472748, 1954, 0, 0
11936, 19, 136, 721, 1, 0, 2.98%, 0, 0, 15, 116.42, 1473309, 1954, 0, 0
11941, 19, 468, 721, 1, 0, 2.98%, 0, 0, 15, 114.57, 1473921, 1954, 0, 0
11947, 19, 720, 721, 1, 0, 2.98%, 0, 0, 15, 112.21, 1474461, 1954, 0, 0
11952, 19, 442, 721, 0, 0, 2.98%, 0, 0, 15, 106.13, 1475264, 1954, 0, 0
11957, 19, 651, 721, 0, 0, 2.98%, 0, 0, 15, 116.41, 1475885, 1954, 0, 0
11962, 19, 636, 721, 0, 0, 2.98%, 0, 0, 15, 118.85, 1476489, 1954, 0, 0
11967, 19, 532, 721, 0, 0, 2.98%, 0, 0, 15, 123.12, 1477120, 1954, 0, 0
11972, 19, 65, 721, 0, 0, 2.98%, 0, 0, 15, 115.75, 1477711, 1954, 0, 0
11978, 19, 571, 721, 0, 0, 2.98%, 0, 0, 15, 114.02, 1478292, 1954, 0, 0
11983, 19, 207, 721, 0, 0, 2.98%, 0, 0, 15, 94.96, 1478999, 1954, 0, 0
11988, 19, 194, 721, 0, 0, 2.98%, 0, 0, 15, 113.31, 1479608, 1954, 0, 0
11993, 19, 696, 721, 0, 0, 2.98%, 0, 0, 15, 100.83, 1480113, 1954, 0, 0
11998, 19, 366, 721, 0, 0, 2.98%, 0, 0, 15, 115.94, 1480707, 1954, 0, 0
12003, 19, 541, 721, 0, 0, 2.98%, 0, 0, 15, 115.13, 1481289, 1954, 0, 0
12008, 19, 181, 721, 0, 0, 2.98%, 0, 0, 15, 127.02, 1481952, 1954, 0, 0
12006, 19, 181, 721, 0, 0, 2.98%, 0, 0, 15, 0.00, 1481954, 1954, 0, 0
12011, 19, 531, 721, 0, 0, 2.98%, 0, 0, 15, 117.33, 1482548, 1954, 0, 0
12016, 19, 705, 721, 0, 0, 2.98%, 0, 0, 15, 126.26, 1483207, 1954, 0, 0
12022, 19, 607, 721, 0, 0, 2.98%, 0, 0, 15, 115.72, 1483820, 1954, 0, 0
12027, 19, 108, 721, 0, 0, 2.98%, 0, 0, 15, 106.71, 1484337, 1954, 0, 0
12032, 19, 221, 721, 0, 0, 2.98%, 0, 0, 15, 106.98, 1484877, 1954, 0, 0
12037, 19, 216, 721, 0, 0, 2.98%, 0, 0, 15, 113.95, 1485579, 1954, 0, 0
12042, 19, 405, 721, 0, 0, 2.98%, 0, 0, 15, 107.72, 1486110, 1954, 0, 0
12047, 19, 490, 721, 0, 0, 2.98%, 0, 0, 15, 122.72, 1486738, 1954, 0, 0
12052, 19, 466, 721, 0, 0, 2.98%, 0, 0, 15, 117.42, 1487335, 1954, 0, 0
12057, 19, 520, 721, 0, 0, 2.98%, 0, 0, 15, 101.28, 1487841, 1954, 0, 0
12062, 19, 587, 721, 0, 0, 2.98%, 0, 0, 15, 99.96, 1488346, 1954, 0, 0
12067, 19, 549, 721, 0, 0, 2.98%, 0, 0, 15, 104.75, 1489046, 1954, 0, 0
12072, 19, 638, 721, 0, 0, 2.98%, 0, 0, 15, 112.82, 1489638, 1954, 0, 0
12077, 19, 137, 721, 0, 0, 2.98%, 0, 0, 15, 108.17, 1490163, 1954, 0, 0
12082, 19, 636, 721, 0, 0, 2.98%, 0, 0, 15, 116.02, 1490763, 1954, 0, 0
12087, 19, 449, 721, 0, 0, 2.98%, 0, 0, 15, 119.46, 1491361, 1954, 0, 0
12092, 19, 450, 721, 0, 0, 2.98%, 0, 0, 15, 118.49, 1491971, 1954, 0, 0
12091, 19, 203, 721, 0, 0, 2.98%, 0, 0, 15, 0.00, 1492019, 1954, 0, 0
12096, 19, 517, 721, 0, 0, 2.98%, 0, 0, 15, 113.90, 1492614, 1954, 0, 0
12101, 19, 232, 721, 0, 0, 2.98%, 0, 0, 15, 116.09, 1493238, 1954, 0, 0
12106, 19, 210, 721, 0, 0, 2.98%, 0, 0, 15, 105.64, 1493742, 1954, 0, 0
12111, 19, 281, 721, 0, 0, 2.98%, 0, 0, 15, 105.24, 1494273, 1954, 0, 0
12117, 19, 491, 721, 0, 0, 2.98%, 0, 0, 15, 116.65, 1494897, 1954, 0, 0
12122, 19, 609, 721, 0, 0, 2.98%, 0, 0, 15, 96.30, 1495654, 1954, 0, 0
12127, 19, 571, 721, 0, 0, 2.98%, 0, 0, 15, 111.89, 1496212, 1954, 0, 0
12132, 19, 233, 721, 0, 0, 2.98%, 0, 0, 15, 121.38, 1496850, 1954, 0, 0
12137, 19, 457, 721, 0, 0, 2.98%, 0, 0, 15, 121.08, 1497463, 1954, 0, 0
12142, 19, 408, 721, 0, 0, 2.98%, 0, 0, 15, 121.48, 1498081, 1954, 0, 0
12147, 19, 571, 721, 0, 0, 2.98%, 0, 0, 15, 124.48, 1498722, 1954, 0, 0
12152, 19, 210, 721, 0, 0, 2.98%, 0, 0, 15, 89.13, 1499409, 1954, 0, 0
12158, 19, 651, 721, 0, 0, 2.98%, 0, 0, 15, 108.65, 1500006, 1954, 0, 0
12163, 19, 75, 721, 0, 0, 2.98%, 0, 0, 15, 99.26, 1500508, 1954, 0, 0
12168, 19, 703, 721, 0, 0, 2.98%, 0, 0, 15, 121.02, 1501142, 1954, 0, 0
12173, 19, 224, 721, 0, 0, 2.98%, 0, 0, 15, 105.76, 1501677, 1954, 0, 0
12178, 19, 148, 722, 1, 0, 2.98%, 0, 0, 15, 110.71, 1502429, 1954, 0, 0
12183, 19, 232, 722, 1, 0, 2.98%, 0, 0, 15, 101.20, 1502923, 1954, 0, 0
12188, 19, 491, 722, 1, 0, 2.98%, 0, 0, 15, 120.01, 1503542, 1954, 0, 0
12193, 19, 520, 722, 1, 0, 2.98%, 0, 0, 15, 123.22, 1504182, 1954, 0, 0
12199, 19, 691, 723, 2, 0, 2.98%, 0, 0, 15, 116.83, 1504783, 1954, 0, 0
12204, 19, 366, 723, 2, 0, 2.98%, 0, 0, 15, 97.18, 1505269, 1954, 0, 0
12209, 19, 576, 723, 2, 0, 2.98%, 0, 0, 15, 130.98, 1506111, 1954, 0, 0
12214, 19, 704, 723, 2, 0, 2.98%, 0, 0, 15, 111.94, 1506663, 1954, 0, 0
12219, 19, 679, 723, 2, 0, 2.98%, 0, 0, 15, 123.19, 1507295, 1954, 0, 0
12224, 19, 449, 723, 2, 0, 2.98%, 0, 0, 15, 113.07, 1507878, 1954, 0, 0
12229, 19, 357, 723, 2, 0, 2.98%, 0, 0, 15, 114.36, 1508441, 1954, 0, 0
12234, 19, 331, 723, 2, 0, 2.98%, 0, 0, 15, 122.16, 1509276, 1954, 0, 0
12239, 19, 52, 723, 2, 0, 2.98%, 0, 0, 15, 119.04, 1509888, 1954, 0, 0
12245, 19, 549, 723, 2, 0, 2.98%, 0, 0, 15, 117.97, 1510485, 1954, 0, 0
12250, 19, 448, 723, 2, 0, 2.98%, 0, 0, 15, 121.65, 1511131, 1954, 0, 0
12255, 19, 239, 723, 2, 0, 2.98%, 0, 0, 15, 117.93, 1511717, 1954, 0, 0
12260, 19, 266, 723, 2, 0, 2.98%, 0, 0, 15, 125.83, 1512368, 1954, 0, 0
12265, 19, 538, 723, 2, 0, 2.98%, 0, 0, 15, 107.75, 1513117, 1954, 0, 0
12270, 19, 142, 723, 2, 0, 2.98%, 0, 0, 15, 121.00, 1513768, 1954, 0, 0
12275, 19, 129, 723, 2, 0, 2.98%, 0, 0, 15, 111.26, 1514298, 1954, 0, 0
12280, 19, 679, 723, 2, 0, 2.98%, 0, 0, 15, 111.52, 1514852, 1954, 0, 0
12285, 19, 62, 723, 2, 0, 2.98%, 0, 0, 15, 117.24, 1515443, 1954, 0, 0
12290, 19, 704, 723, 2, 0, 2.98%, 0, 0, 15, 126.63, 1516111, 1954, 0, 0
12290, 19, 704, 723, 2, 0, 2.98%, 0, 0, 15, 0.00, 1516137, 1954, 0, 0
12289, 19, 704, 723, 2, 0, 2.98%, 0, 0, 15, 0.00, 1516165, 1954, 0, 0
12294, 19, 607, 723, 2, 0, 2.98%, 0, 0, 15, 112.95, 1516750, 1954, 0, 0
12299, 19, 531, 723, 2, 0, 2.98%, 0, 0, 15, 118.10, 1517370, 1954, 0, 0
12304, 19, 222, 723, 2, 0, 2.98%, 0, 0, 15, 113.70, 1517940, 1954, 0, 0
12309, 19, 166, 723, 2, 0, 2.98%, 0, 0, 15, 120.72, 1518571, 1954, 0, 0
12315, 19, 219, 723, 2, 0, 2.98%, 0, 0, 15, 109.03, 1519137, 1954, 0, 0
12320, 19, 706, 723, 2, 0, 2.98%, 0, 0, 15, 118.95, 1519950, 1954, 0, 0
12325, 19, 167, 723, 2, 0, 2.98%, 0, 0, 15, 118.09, 1520541, 1954, 0, 0
12330, 19, 156, 724, 3, 0, 2.98%, 0, 0, 15, 121.70, 1521177, 1954, 0, 0
12335, 19, 571, 724, 3, 0, 2.98%, 0, 0, 15, 113.05, 1521725, 1954, 0, 0
12340, 19, 564, 724, 3, 0, 2.98%, 0, 0, 15, 102.99, 1522243, 1954, 0, 0
12345, 19, 30, 724, 3, 0, 2.98%, 0, 0, 15, 101.40, 1522759, 1954, 0, 0
12350, 19, 531, 724, 3, 0, 2.98%, 0, 0, 15, 106.95, 1523535, 1954, 0, 0
12356, 19, 141, 724, 3, 0, 2.98%, 0, 0, 15, 121.60, 1524155, 1954, 0, 0
12361, 19, 112, 724, 3, 0, 2.98%, 0, 0, 15, 112.28, 1524734, 1954, 0, 0
12366, 19, 198, 724, 3, 0, 2.98%, 0, 0, 15, 113.77, 1525296, 1954, 0, 0
12371, 19, 722, 724, 3, 0, 2.98%, 0, 0, 15, 123.33, 1525942, 1954, 0, 0
12376, 19, 671, 724, 2, 0, 2.98%, 0, 0, 15, 120.10, 1526705, 1954, 0, 0
12381, 19, 373, 724, 2, 0, 2.98%, 0, 0, 15, 121.76, 1527345, 1954, 0, 0
12386, 19, 167, 724, 2, 0, 2.98%, 0, 0, 15, 120.52, 1527985, 1954, 0, 0
12391, 19, 167, 724, 2, 0, 2.98%, 0, 0, 15, 101.04, 1528471, 1954, 0, 0
12396, 19, 130, 724, 2, 0, 2.98%, 0, 0, 15, 109.77, 1529003, 1954, 0, 0
12402, 19, 723, 724, 2, 0, 2.98%, 0, 0, 15, 118.13, 1529628, 1954, 0, 0
12407, 19, 723, 726, 4, 0, 2.98%, 0, 0, 15, 103.35, 1530368, 1954, 0, 0
12412, 19, 723, 726, 4, 0, 2.98%, 0, 0, 15, 110.86, 1530982, 1954, 0, 0
12417, 19, 232, 726, 3, 0, 2.98%, 0, 0, 15, 111.78, 1531538, 1954, 0, 0
12422, 20, 498, 726, 3, 0, 2.98%, 0, 0, 15, 118.71, 1532176, 1954, 0, 0
12428, 20, 124, 726, 3, 0, 2.98%, 0, 0, 15, 121.31, 1532797, 1954, 0, 0
12433, 20, 219, 726, 3, 0, 2.98%, 0, 0, 15, 106.26, 1533598, 1954, 0, 0
12438, 20, 62, 726, 3, 0, 2.98%, 0, 0, 15, 112.48, 1534156, 1954, 0, 0
12443, 20, 235, 726, 3, 0, 2.98%, 0, 0, 15, 103.33, 1534703, 1954, 0, 0
12448, 20, 108, 726, 3, 0, 2.98%, 0, 0, 15, 118.88, 1535290, 1954, 0, 0
12453, 20, 267, 726, 3, 0, 2.98%, 0, 0, 15, 115.14, 1535878, 1954, 0, 0
12458, 20, 724, 726, 3, 0, 2.98%, 0, 0, 15, 124.29, 1536521, 1954, 0, 0
12463, 20, 703, 726, 2, 0, 2.98%, 0, 0, 15, 109.67, 1537322, 1954, 0, 0
12468, 20, 703, 726, 2, 0, 2.98%, 0, 0, 15, 121.27, 1537965, 1954, 0, 0
12473, 20, 534, 726, 2, 0, 2.98%, 0, 0, 15, 120.15, 1538565, 1954, 0, 0
12478, 20, 243, 726, 2, 0, 2.98%, 0, 0, 15, 115.74, 1539142, 1954, 0, 0
12483, 20, 636, 726, 2, 0, 2.98%, 0, 0, 15, 116.30, 1539720, 1954, 0, 0
12489, 20, 715, 726, 2, 0, 2.98%, 0, 0, 15, 108.31, 1540568, 1954, 0, 0
12494, 20, 449, 726, 2, 0, 2.98%, 0, 0, 15, 104.15, 1541097, 1954, 0, 0
12499, 20, 555, 726, 2, 0, 2.98%, 0, 0, 15, 115.60, 1541710, 1954, 0, 0
12504, 20, 105, 726, 2, 0, 2.98%, 0, 0, 15, 20.52, 1542202, 1954, 0, 0
12509, 20, 129, 726, 2, 0, 2.98%, 0, 0, 15, 97.65, 1542785, 1954, 0, 0
12514, 20, 145, 726, 2, 0, 2.98%, 0, 0, 15, 107.02, 1543344, 1954, 0, 0
12519, 20, 578, 726, 2, 0, 2.98%, 0, 0, 15, 115.80, 1544170, 1954, 0, 0
12524, 20, 25, 726, 2, 0, 2.98%, 0, 0, 15, 116.47, 1544751, 1954, 0, 0
12529, 20, 215, 726, 2, 0, 2.98%, 0, 0, 15, 117.78, 1545345, 1954, 0, 0
12534, 20, 312, 726, 2, 0, 2.98%, 0, 0, 15, 112.13, 1545900, 1954, 0, 0
12540, 20, 607, 726, 2, 0, 2.98%, 0, 0, 15, 113.34, 1546505, 1954, 0, 0
12545, 20, 206, 726, 2, 0, 2.98%, 0, 0, 15, 122.70, 1547288, 1954, 0, 0
12550, 20, 651, 726, 2, 0, 2.98%, 0, 0, 15, 121.89, 1547923, 1954, 0, 0
12555, 20, 436, 726, 2, 0, 2.98%, 0, 0, 15, 119.79, 1548523, 1954, 0, 0
12560, 20, 468, 726, 2, 0, 2.98%, 0, 0, 15, 118.65, 1549135, 1954, 0, 0
12565, 20, 106, 726, 2, 0, 2.98%, 0, 0, 15, 108.10, 1549644, 1954, 0, 0
12570, 20, 461, 726, 2, 0, 2.98%, 0, 0, 15, 122.42, 1550272, 1954, 0, 0
12575, 20, 450, 726, 2, 0, 2.98%, 0, 0, 15, 111.39, 1551070, 1954, 0, 0
12581, 20, 166, 726, 2, 0, 2.98%, 0, 0, 15, 114.84, 1551672, 1954, 0, 0
12586, 20, 725, 726, 2, 0, 2.98%, 0, 0, 15, 105.99, 1552175, 1954, 0, 0
12591, 20, 373, 726, 1, 0, 2.98%, 0, 0, 15, 115.27, 1552797, 1954, 0, 0
12596, 20, 137, 726, 1, 0, 2.98%, 0, 0, 15, 117.62, 1553407, 1954, 0, 0
12601, 20, 651, 726, 1, 0, 2.98%, 0, 0, 15, 119.15, 1553999, 1954, 0, 0
12599, 20, 651, 726, 1, 0, 2.98%, 0, 0, 15, 0.00, 1554001, 1954, 0, 0
12605, 20, 158, 726, 1, 0, 2.98%, 0, 0, 15, 119.09, 1554626, 1954, 0, 0
12610, 20, 136, 726, 1, 0, 2.98%, 0, 0, 15, 125.94, 1555282, 1954, 0, 0
12615, 20, 67, 726, 1, 0, 2.98%, 0, 0, 15, 117.50, 1555849, 1954, 0, 0
12620, 20, 716, 726, 1, 0, 2.98%, 0, 0, 15, 123.16, 1556492, 1954, 0, 0
12625, 20, 641, 726, 1, 0, 2.98%, 0, 0, 15, 113.04, 1557069, 1954, 0, 0
12630, 20, 129, 726, 1, 0, 2.98%, 0, 0, 15, 125.60, 1557899, 1954, 0, 0
12635, 20, 52, 726, 1, 0, 2.98%, 0, 0, 15, 113.06, 1558432, 1954, 0, 0
12641, 20, 242, 726, 1, 0, 2.98%, 0, 0, 15, 119.69, 1559073, 1954, 0, 0
12646, 20, 206, 727, 2, 0, 2.99%, 0, 0, 15, 98.42, 1559526, 1957, 0, 0
12651, 20, 442, 727, 1, 0, 2.99%, 0, 0, 15, 117.97, 1560144, 1957, 0, 0
12656, 20, 377, 727, 1, 0, 2.99%, 0, 0, 15, 114.72, 1560718, 1957, 0, 0
12656, 20, 144, 727, 1, 0, 2.99%, 0, 0, 15, 0.00, 1560918, 1957, 0, 0
12661, 20, 645, 727, 1, 0, 2.99%, 0, 0, 15, 111.95, 1561520, 1957, 0, 0
12666, 20, 449, 727, 1, 0, 2.99%, 0, 0, 15, 103.85, 1562038, 1957, 0, 0
12671, 20, 165, 727, 1, 0, 2.99%, 0, 0, 15, 108.11, 1562596, 1957, 0, 0
12676, 20, 62, 727, 1, 0, 2.99%, 0, 0, 15, 120.13, 1563198, 1957, 0, 0
12681, 20, 242, 727, 1, 0, 2.99%, 0, 0, 15, 123.19, 1563831, 1957, 0, 0
12686, 20, 534, 727, 1, 0, 2.99%, 0, 0, 15, 111.11, 1564585, 1957, 0, 0
12691, 20, 693, 727, 1, 0, 2.99%, 0, 0, 15, 117.30, 1565204, 1957, 0, 0
12697, 20, 703, 727, 1, 0, 2.99%, 0, 0, 15, 113.94, 1565776, 1957, 0, 0
12702, 20, 508, 727, 1, 0, 2.99%, 0, 0, 15, 114.70, 1566361, 1957, 0, 0
12707, 20, 357, 727, 1, 0, 2.99%, 0, 0, 15, 108.94, 1566881, 1957, 0, 0
12712, 20, 609, 727, 1, 0, 2.99%, 0, 0, 15, 118.75, 1567506, 1957, 0, 0
12717, 20, 67, 727, 1, 0, 2.99%, 0, 0, 15, 128.70, 1568348, 1957, 0, 0
12722, 20, 442, 727, 1, 0, 2.99%, 0, 0, 15, 110.42, 1568922, 1957, 0, 0
12727, 20, 606, 727, 1, 0, 2.99%, 0, 0, 15, 118.16, 1569525, 1957, 0, 0
12732, 20, 108, 727, 1, 0, 2.99%, 0, 0, 15, 117.62, 1570153, 1957, 0, 0
12738, 20, 142, 727, 1, 0, 2.99%, 0, 0, 15, 115.39, 1570749, 1957, 0, 0
12743, 20, 448, 727, 1, 0, 2.99%, 0, 0, 15, 109.53, 1571546, 1957, 0, 0
12748, 20, 678, 727, 1, 0, 2.99%, 0, 0, 15, 116.94, 1572172, 1957, 0, 0
12753, 20, 726, 727, 1, 0, 2.99%, 0, 0, 15, 111.61, 1572732, 1957, 0, 0
12758, 20, 529, 727, 1, 0, 2.99%, 0, 0, 15, 124.87, 1573371, 1957, 0, 0
12763, 20, 305, 727, 1, 0, 2.99%, 0, 0, 15, 120.11, 1573975, 1957, 0, 0
12768, 20, 135, 727, 1, 0, 2.99%, 0, 0, 15, 106.75, 1574478, 1957, 0, 0
12773, 20, 462, 727, 1, 0, 2.99%, 0, 0, 15, 125.95, 1575314, 1957, 0, 0
12779, 20, 701, 727, 1, 0, 2.99%, 0, 0, 15, 129.34, 1575987, 1957, 0, 0
12784, 20, 705, 727, 1, 0, 2.99%, 0, 0, 15, 116.98, 1576592, 1957, 0, 0
12789, 20, 529, 727, 1, 0, 2.99%, 0, 0, 15, 99.31, 1577067, 1957, 0, 0
12794, 20, 538, 727, 1, 0, 2.99%, 0, 0, 15, 97.82, 1577567, 1957, 0, 0
12799, 20, 41, 727, 1, 0, 2.99%, 0, 0, 15, 121.12, 1578375, 1957, 0, 0
12804, 20, 704, 727, 1, 0, 2.99%, 0, 0, 15, 105.88, 1578904, 1957, 0, 0
12809, 20, 207, 727, 1, 0, 2.99%, 0, 0, 15, 94.72, 1579375, 1957, 0, 0
12814, 20, 527, 727, 1, 0, 2.99%, 0, 0, 15, 102.82, 1579904, 1957, 0, 0
12819, 20, 373, 727, 1, 0, 2.99%, 0, 0, 15, 116.29, 1580520, 1957, 0, 0
12825, 20, 685, 727, 1, 0, 2.99%, 0, 0, 15, 103.43, 1581060, 1957, 0, 0
12830, 20, 726, 728, 2, 0, 2.99%, 0, 0, 15, 118.24, 1581818, 1959, 0, 0
12835, 20, 728, 730, 3, 1, 2.99%, 0, 0, 15, 99.94, 1582311, 1960, 0, 0
12840, 20, 40, 730, 2, 0, 2.99%, 0, 0, 15, 116.51, 1582926, 1960, 0, 0
12845, 20, 139, 730, 2, 0, 2.99%, 0, 0, 15, 108.68, 1583488, 1960, 0, 0
12850, 20, 13, 730, 2, 0, 2.99%, 0, 0, 15, 122.45, 1584127, 1960, 0, 0
12855, 20, 728, 730, 2, 0, 2.99%, 0, 0, 15, 111.05, 1584674, 1960, 0, 0
12854, 20, 728, 730, 2, 0, 2.99%, 0, 0, 15, 0.00, 1584682, 1960, 0, 0
12853, 20, 728, 730, 2, 0, 2.99%, 0, 0, 15, 0.00, 1584683, 1960, 0, 0
12859, 20, 728, 730, 2, 0, 2.99%, 0, 0, 15, 119.28, 1585322, 1960, 0, 0
12864, 20, 728, 731, 3, 0, 2.99%, 0, 0, 15, 101.24, 1585819, 1960, 0, 0
12869, 20, 728, 731, 3, 0, 2.99%, 0, 0, 15, 117.04, 1586429, 1960, 0, 0
12874, 20, 728, 731, 3, 0, 2.99%, 0, 0, 15, 106.39, 1586967, 1960, 0, 0
12879, 20, 728, 731, 3, 0, 2.99%, 0, 0, 15, 111.28, 1587543, 1960, 0, 0
12884, 20, 490, 731, 3, 0, 2.99%, 0, 0, 15, 88.26, 1588270, 1960, 0, 0
12889, 20, 366, 731, 3, 0, 2.99%, 0, 0, 15, 113.66, 1588892, 1960, 0, 0
12894, 20, 465, 731, 3, 0, 2.99%, 0, 0, 15, 119.50, 1589508, 1960, 0, 0
12900, 20, 491, 731, 3, 0, 2.99%, 0, 0, 15, 129.84, 1590194, 1960, 0, 0
12905, 20, 538, 731, 3, 0, 2.99%, 0, 0, 15, 105.16, 1590701, 1960, 0, 0
12910, 20, 313, 731, 3, 0, 2.99%, 0, 0, 15, 106.22, 1591245, 1960, 0, 0
12915, 20, 150, 731, 3, 0, 2.99%, 0, 0, 15, 91.99, 1591876, 1960, 0, 0
12920, 20, 262, 731, 3, 0, 2.99%, 0, 0, 15, 119.21, 1592500, 1960, 0, 0
12925, 20, 488, 731, 3, 0, 2.99%, 0, 0, 15, 120.40, 1593100, 1960, 0, 0
12930, 20, 137, 731, 3, 0, 2.99%, 0, 0, 15, 118.86, 1593711, 1960, 0, 0
12935, 20, 243, 731, 3, 0, 2.99%, 0, 0, 15, 107.61, 1594251, 1960, 0, 0
12941, 20, 68, 731, 3, 0, 2.99%, 0, 0, 15, 102.80, 1594997, 1960, 0, 0
12946, 20, 619, 731, 3, 0, 2.99%, 0, 0, 15, 106.97, 1595574, 1960, 0, 0
12951, 20, 517, 731, 3, 0, 2.99%, 0, 0, 15, 109.46, 1596141, 1960, 0, 0
12956, 20, 165, 731, 3, 0, 2.99%, 0, 0, 15, 99.82, 1596630, 1960, 0, 0
12961, 20, 490, 731, 3, 0, 2.99%, 0, 0, 15, 98.22, 1597123, 1960, 0, 0
12966, 20, 30, 731, 3, 0, 2.99%, 0, 0, 15, 98.67, 1597624, 1960, 0, 0
12971, 20, 166, 731, 3, 0, 2.99%, 0, 0, 15, 115.43, 1598407, 1960, 0, 0
12976, 20, 705, 731, 3, 0, 2.99%, 0, 0, 15, 102.17, 1598909, 1960, 0, 0
12981, 20, 490, 731, 3, 0, 2.99%, 0, 0, 15, 112.01, 1599475, 1960, 0, 0
12986, 20, 135, 731, 3, 0, 2.99%, 0, 0, 15, 114.32, 1600044, 1960, 0, 0
12992, 20, 701, 731, 3, 0, 2.99%, 0, 0, 15, 107.19, 1600627, 1960, 0, 0
12997, 20, 536, 731, 3, 0, 2.99%, 0, 0, 15, 115.57, 1601381, 1960, 0, 0
13002, 20, 357, 731, 3, 0, 2.99%, 0, 0, 15, 112.88, 1601956, 1960, 0, 0
13007, 20, 729, 731, 3, 0, 2.99%, 0, 0, 15, 99.32, 1602450, 1960, 0, 0
13012, 20, 210, 731, 2, 0, 2.99%, 0, 0, 15, 110.73, 1603035, 1960, 0, 0
13017, 20, 142, 731, 2, 0, 2.99%, 0, 0, 15, 119.04, 1603656, 1960, 0, 0
13022, 20, 463, 731, 2, 0, 2.99%, 0, 0, 15, 115.96, 1604240, 1960, 0, 0
13027, 20, 698, 731, 2, 0, 2.99%, 0, 0, 15, 106.36, 1604964, 1960, 0, 0
13032, 20, 210, 731, 2, 0, 2.99%, 0, 0, 15, 102.61, 1605491, 1960, 0, 0
13037, 20, 21, 731, 2, 0, 2.99%, 0, 0, 15, 111.68, 1606039, 1960, 0, 0
13042, 20, 40, 731, 2, 0, 2.99%, 0, 0, 15, 115.96, 1606666, 1960, 0, 0
13048, 20, 656, 731, 2, 0, 2.99%, 0, 0, 15, 112.50, 1607223, 1960, 0, 0
13053, 20, 728, 731, 2, 0, 2.99%, 0, 0, 15, 117.00, 1607826, 1960, 0, 0
13051, 20, 728, 731, 2, 0, 2.99%, 0, 0, 15, 0.00, 1607844, 1960, 0, 0
13056, 20, 219, 731, 2, 0, 2.99%, 0, 0, 15, 110.72, 1608444, 1960, 0, 0
13061, 20, 62, 731, 2, 0, 2.99%, 0, 0, 15, 108.24, 1609017, 1960, 0, 0
13066, 20, 728, 731, 2, 0, 2.99%, 0, 0, 15, 103.89, 1609525, 1960, 0, 0
13071, 20, 463, 731, 2, 0, 2.99%, 0, 0, 15, 104.50, 1610080, 1960, 0, 0
13077, 20, 555, 731, 2, 0, 2.99%, 0, 0, 15, 112.24, 1610663, 1960, 0, 0
13082, 20, 405, 731, 2, 0, 2.99%, 0, 0, 15, 99.61, 1611436, 1960, 0, 0
13087, 20, 144, 731, 2, 0, 2.99%, 0, 0, 15, 112.98, 1612006, 1960, 0, 0
13092, 20, 108, 731, 2, 0, 2.99%, 0, 0, 15, 119.78, 1612641, 1960, 0, 0
13097, 21, 579, 731, 2, 0, 2.99%, 0, 0, 15, 112.99, 1613208, 1960, 0, 0
13102, 21, 571, 731, 2, 0, 2.99%, 0, 0, 15, 119.54, 1613841, 1960, 0, 0
13107, 21, 728, 731, 2, 0, 2.99%, 0, 0, 15, 108.02, 1614385, 1960, 0, 0
13107, 21, 491, 731, 2, 0, 2.99%, 0, 0, 15, 0.00, 1614589, 1960, 0, 0
13113, 21, 372, 731, 2, 0, 2.99%, 0, 0, 15, 95.11, 1615072, 1960, 0, 0
13118, 21, 230, 731, 2, 0, 2.99%, 0, 0, 15, 115.53, 1615670, 1960, 0, 0
13123, 21, 213, 731, 2, 0, 2.99%, 0, 0, 15, 112.87, 1616265, 1960, 0, 0
13128, 21, 67, 731, 2, 0, 2.99%, 0, 0, 15, 112.16, 1616829, 1960, 0, 0
13133, 21, 29, 731, 2, 0, 2.99%, 0, 0, 15, 111.45, 1617389, 1960, 0, 0
13138, 21, 678, 731, 2, 0, 2.99%, 0, 0, 15, 110.75, 1618201, 1960, 0, 0
13143, 21, 158, 731, 2, 0, 2.99%, 0, 0, 15, 109.10, 1618770, 1960, 0, 0
13148, 21, 582, 731, 2, 0, 2.99%, 0, 0, 15, 102.57, 1619269, 1960, 0, 0
13153, 21, 415, 731, 2, 0, 2.99%, 0, 0, 15, 101.97, 1619791, 1960, 0, 0
13158, 21, 704, 731, 2, 0, 2.99%, 0, 0, 15, 114.20, 1620371, 1960, 0, 0
13164, 21, 405, 731, 2, 0, 2.99%, 0, 0, 15, 111.31, 1620961, 1960, 0, 0
13169, 21, 571, 731, 2, 0, 2.99%, 0, 0, 15, 107.70, 1621724, 1960, 0, 0
13174, 21, 442, 731, 2, 0, 2.99%, 0, 0, 15, 98.12, 1622217, 1960, 0, 0
13179, 21, 532, 731, 2, 0, 2.99%, 0, 0, 15, 103.58, 1622773, 1960, 0, 0
13184, 21, 538, 731, 2, 0, 2.99%, 0, 0, 15, 106.82, 1623305, 1960, 0, 0
13189, 21, 728, 731, 2, 0, 2.99%, 0, 0, 15, 120.99, 1623964, 1960, 0, 0
13194, 21, 536, 731, 2, 0, 2.99%, 0, 0, 15, 106.47, 1624722, 1960, 0, 0
13199, 21, 638, 731, 2, 0, 2.99%, 0, 0, 15, 119.45, 1625329, 1960, 0, 0
13205, 21, 29, 731, 2, 0, 2.99%, 0, 0, 15, 109.77, 1625889, 1960, 0, 0
13210, 21, 453, 731, 2, 0, 2.99%, 0, 0, 15, 115.08, 1626440, 1960, 0, 0
13215, 21, 213, 731, 2, 0, 2.99%, 0, 0, 15, 116.60, 1627039, 1960, 0, 0
13220, 21, 520, 731, 2, 0, 2.99%, 0, 0, 15, 124.72, 1627669, 1960, 0, 0
13225, 21, 533, 731, 2, 0, 2.99%, 0, 0, 15, 107.92, 1628474, 1960, 0, 0
13230, 21, 156, 731, 2, 0, 2.99%, 0, 0, 15, 110.64, 1629048, 1960, 0, 0
13235, 21, 464, 731, 2, 0, 2.99%, 0, 0, 15, 110.03, 1629629, 1960, 0, 0
13240, 21, 538, 731, 2, 0, 2.99%, 0, 0, 15, 122.88, 1630268, 1960, 0, 0
13245, 21, 703, 731, 2, 0, 2.99%, 0, 0, 15, 102.90, 1630759, 1960, 0, 0
13250, 21, 140, 731, 2, 0, 2.99%, 0, 0, 15, 127.94, 1631548, 1960, 0, 0
13255, 21, 727, 731, 2, 0, 2.99%, 0, 0, 15, 105.64, 1632079, 1960, 0, 0
13261, 21, 533, 731, 2, 0, 2.99%, 0, 0, 15, 120.66, 1632705, 1960, 0, 0
13266, 21, 571, 731, 2, 0, 2.99%, 0, 0, 15, 120.71, 1633291, 1960, 0, 0
13271, 21, 261, 731, 2, 0, 2.99%, 0, 0, 15, 110.83, 1633860, 1960, 0, 0
13276, 21, 450, 731, 2, 0, 2.99%, 0, 0, 15, 107.89, 1634378, 1960, 0, 0
13281, 21, 142, 731, 2, 0, 2.99%, 0, 0, 15, 122.45, 1635244, 1960, 0, 0
13286, 21, 532, 731, 2, 0, 2.99%, 0, 0, 15, 121.39, 1635878, 1960, 0, 0
13291, 21, 242, 731, 2, 0, 2.99%, 0, 0, 15, 121.12, 1636516, 1960, 0, 0
13296, 21, 184, 731, 2, 0, 2.99%, 0, 0, 15, 108.29, 1637052, 1960, 0, 0
13301, 21, 318, 731, 2, 0, 2.99%, 0, 0, 15, 123.97, 1637702, 1960, 0, 0
13306, 21, 120, 731, 2, 0, 2.99%, 0, 0, 15, 106.76, 1638207, 1960, 0, 0
13306, 21, 120, 731, 2, 0, 2.99%, 0, 0, 15, 0.00, 1638245, 1960, 0, 0
13305, 21, 120, 731, 2, 0, 2.99%, 0, 0, 15, 0.00, 1638246, 1960, 0, 0
13310, 21, 706, 731, 2, 0, 2.99%, 0, 0, 15, 107.51, 1638800, 1960, 0, 0
13315, 21, 144, 731, 2, 0, 2.99%, 0, 0, 15, 103.57, 1639331, 1960, 0, 0
13320, 21, 645, 731, 2, 0, 2.99%, 0, 0, 15, 114.09, 1639896, 1960, 0, 0
13325, 21, 206, 731, 2, 0, 2.99%, 0, 0, 15, 110.13, 1640446, 1960, 0, 0
13330, 21, 520, 731, 2, 0, 2.99%, 0, 0, 15, 119.93, 1641036, 1960, 0, 0
13335, 21, 207, 731, 2, 0, 2.99%, 0, 0, 15, 119.34, 1641847, 1960, 0, 0
13340, 21, 108, 731, 2, 0, 2.99%, 0, 0, 15, 121.03, 1642461, 1960, 0, 0
13345, 21, 461, 731, 1, 0, 2.99%, 0, 0, 15, 113.07, 1642996, 1960, 0, 0
13350, 21, 52, 731, 1, 0, 2.99%, 0, 0, 15, 110.88, 1643602, 1960, 0, 0
13355, 21, 243, 731, 1, 0, 2.99%, 0, 0, 15, 104.24, 1644119, 1960, 0, 0
13361, 21, 397, 731, 1, 0, 2.99%, 0, 0, 15, 115.60, 1644741, 1960, 0, 0
13366, 21, 730, 731, 1, 0, 2.99%, 0, 0, 15, 96.61, 1645470, 1960, 0, 0
13371, 21, 124, 731, 0, 0, 2.99%, 0, 0, 15, 117.96, 1646100, 1960, 0, 0
13376, 21, 728, 731, 0, 0, 2.99%, 0, 0, 15, 113.67, 1646657, 1960, 0, 0
13381, 21, 636, 731, 0, 0, 2.99%, 0, 0, 15, 106.59, 1647201, 1960, 0, 0
13386, 21, 691, 731, 0, 0, 2.99%, 0, 0, 15, 100.87, 1647710, 1960, 0, 0
13391, 21, 607, 731, 0, 0, 2.99%, 0, 0, 15, 100.10, 1648568, 1960, 0, 0
13396, 21, 142, 731, 0, 0, 2.99%, 0, 0, 15, 119.44, 1649184, 1960, 0, 0
13402, 21, 207, 731, 0, 0, 2.99%, 0, 0, 15, 121.99, 1649830, 1960, 0, 0
13407, 21, 460, 731, 0, 0, 2.99%, 0, 0, 15, 120.10, 1650408, 1960, 0, 0
13412, 21, 728, 731, 0, 0, 2.99%, 0, 0, 15, 119.17, 1651038, 1960, 0, 0
13417, 21, 137, 731, 0, 0, 2.99%, 0, 0, 15, 98.19, 1651503, 1960, 0, 0
13422, 21, 136, 731, 0, 0, 2.99%, 0, 0, 15, 104.06, 1652178, 1960, 0, 0
13427, 21, 596, 731, 0, 0, 2.99%, 0, 0, 15, 100.89, 1652693, 1960, 0, 0
13432, 21, 154, 731, 0, 0, 2.99%, 0, 0, 15, 115.01, 1653293, 1960, 0, 0
13437, 21, 120, 731, 0, 0, 2.99%, 0, 0, 15, 105.49, 1653811, 1960, 0, 0
13442, 21, 442, 731, 0, 0, 2.99%, 0, 0, 15, 110.05, 1654393, 1960, 0, 0
13448, 21, 679, 731, 0, 0, 2.99%, 0, 0, 15, 135.89, 1655194, 1960, 0, 0
13453, 21, 731, 732, 1, 1, 3.07%, 0, 0, 15, 117.04, 1655779, 2013, 0, 0
13458, 21, 261, 732, 0, 0, 3.07%, 0, 0, 15, 106.82, 1656291, 2013, 0, 0
13463, 21, 527, 732, 0, 0, 3.07%, 0, 0, 15, 113.83, 1656891, 2013, 0, 0
13468, 21, 265, 732, 0, 0, 3.07%, 0, 0, 15, 118.16, 1657470, 2013, 0, 0
13473, 21, 731, 732, 0, 0, 3.07%, 0, 0, 15, 100.23, 1657976, 2013, 0, 0
13478, 21, 731, 732, 0, 0, 3.07%, 0, 0, 15, 121.47, 1658746, 2013, 0, 0
13483, 21, 731, 733, 1, 0, 3.07%, 0, 0, 15, 122.97, 1659381, 2013, 0, 0
13488, 21, 462, 734, 1, 0, 3.07%, 0, 0, 15, 124.29, 1660028, 2013, 0, 0
13493, 21, 105, 734, 1, 0, 3.07%, 0, 0, 15, 108.97, 1660605, 2013, 0, 0
13498, 21, 449, 734, 1, 0, 3.07%, 0, 0, 15, 115.62, 1661175, 2013, 0, 0
13504, 21, 366, 734, 1, 0, 3.07%, 0, 0, 15, 122.07, 1661824, 2013, 0, 0
13502, 21, 366, 734, 1, 0, 3.07%, 0, 0, 15, 0.00, 1661852, 2013, 0, 0
13507, 21, 609, 734, 1, 0, 3.07%, 0, 0, 15, 107.13, 1662402, 2013, 0, 0
13512, 21, 217, 734, 1, 0, 3.07%, 0, 0, 15, 115.66, 1663001, 2013, 0, 0
13517, 21, 606, 734, 1, 0, 3.07%, 0, 0, 15, 113.98, 1663563, 2013, 0, 0
13523, 21, 340, 734, 1, 0, 3.07%, 0, 0, 15, 116.58, 1664178, 2013, 0, 0
13528, 21, 733, 734, 1, 0, 3.07%, 0, 0, 15, 116.01, 1664764, 2013, 0, 0
13533, 21, 373, 734, 0, 0, 3.07%, 0, 0, 15, 96.60, 1665505, 2013, 0, 0
13538, 21, 262, 734, 0, 0, 3.07%, 0, 0, 15, 98.21, 1666009, 2013, 0, 0
13543, 21, 129, 734, 0, 0, 3.07%, 0, 0, 15, 108.09, 1666588, 2013, 0, 0
13548, 21, 210, 734, 0, 0, 3.07%, 0, 0, 15, 121.33, 1667226, 2013, 0, 0
13553, 21, 698, 734, 0, 0, 3.07%, 0, 0, 15, 117.70, 1667831, 2013, 0, 0
13558, 21, 728, 734, 0, 0, 3.07%, 0, 0, 15, 119.13, 1668429, 2013, 0, 0
13563, 21, 108, 734, 0, 0, 3.07%, 0, 0, 15, 109.38, 1669209, 2013, 0, 0
13568, 21, 108, 734, 0, 0, 3.07%, 0, 0, 15, 119.64, 1669799, 2013, 0, 0
13574, 21, 579, 734, 0, 0, 3.07%, 0, 0, 15, 112.91, 1670390, 2013, 0, 0
13579, 21, 39, 734, 0, 0, 3.07%, 0, 0, 15, 122.26, 1671047, 2013, 0, 0
13584, 21, 491, 734, 0, 0, 3.07%, 0, 0, 15, 117.75, 1671672, 2013, 0, 0
13589, 21, 671, 734, 0, 0, 3.07%, 0, 0, 15, 117.64, 1672527, 2013, 0, 0
13594, 21, 120, 734, 0, 0, 3.07%, 0, 0, 15, 97.61, 1673012, 2013, 0, 0
13599, 21, 262, 734, 0, 0, 3.07%, 0, 0, 15, 107.87, 1673568, 2013, 0, 0
13604, 21, 704, 734, 0, 0, 3.07%, 0, 0, 15, 94.76, 1674051, 2013, 0, 0
13610, 21, 609, 735, 1, 0, 3.07%, 0, 0, 15, 122.61, 1674719, 2013, 0, 0
13615, 21, 357, 735, 1, 0, 3.07%, 0, 0, 15, 119.91, 1675342, 2013, 0, 0
13615, 21, 561, 736, 2, 0, 3.07%, 0, 0, 15, 0.00, 1675525, 2013, 0, 0
13620, 21, 727, 736, 2, 0, 3.07%, 0, 0, 15, 123.45, 1676167, 2013, 0, 0
13625, 21, 734, 736, 2, 0, 3.07%, 0, 0, 15, 103.22, 1676687, 2013, 0, 0
13630, 21, 527, 736, 1, 0, 3.07%, 0, 0, 15, 111.01, 1677238, 2013, 0, 0
13635, 21, 533, 736, 1, 0, 3.07%, 0, 0, 15, 117.19, 1677816, 2013, 0, 0
13640, 21, 129, 736, 1, 0, 3.07%, 0, 0, 15, 120.43, 1678445, 2013, 0, 0
13645, 21, 381, 736, 1, 0, 3.07%, 0, 0, 15, 94.77, 1679227, 2013, 0, 0
13651, 21, 606, 736, 1, 0, 3.07%, 0, 0, 15, 115.87, 1679861, 2013, 0, 0
13656, 21, 75, 736, 1, 0, 3.07%, 0, 0, 15, 125.02, 1680486, 2013, 0, 0
13661, 21, 239, 736, 1, 0, 3.07%, 0, 0, 15, 125.03, 1681138, 2013, 0, 0
13666, 21, 531, 736, 1, 0, 3.07%, 0, 0, 15, 102.34, 1681643, 2013, 0, 0
13671, 21, 464, 736, 1, 0, 3.07%, 0, 0, 15, 112.70, 1682203, 2013, 0, 0
13676, 21, 735, 736, 1, 0, 3.07%, 0, 0, 15, 90.73, 1682884, 2013, 0, 0
13681, 21, 139, 736, 0, 0, 3.07%, 0, 0, 15, 101.76, 1683441, 2013, 0, 0
13686, 21, 40, 736, 0, 0, 3.07%, 0, 0, 15, 101.49, 1683938, 2013, 0, 0
13691, 21, 357, 736, 0, 0, 3.07%, 0, 0, 15, 121.19, 1684590, 2013, 0, 0
13696, 21, 142, 736, 0, 0, 3.07%, 0, 0, 15, 125.07, 1685210, 2013, 0, 0
13702, 21, 368, 736, 0, 0, 3.07%, 0, 0, 15, 107.02, 1686058, 2013, 0, 0
13707, 21, 582, 736, 0, 0, 3.07%, 0, 0, 15, 112.11, 1686600, 2013, 0, 0
13712, 21, 241, 736, 0, 0, 3.07%, 0, 0, 15, 112.79, 1687172, 2013, 0, 0
13717, 21, 679, 736, 0, 0, 3.07%, 0, 0, 15, 107.19, 1687715, 2013, 0, 0
13722, 21, 645, 736, 0, 0, 3.07%, 0, 0, 15, 112.75, 1688275, 2013, 0, 0
13727, 21, 126, 736, 0, 0, 3.07%, 0, 0, 15, 111.26, 1688805, 2013, 0, 0
13732, 21, 636, 736, 0, 0, 3.07%, 0, 0, 15, 118.75, 1689658, 2013, 0, 0
13737, 21, 727, 736, 0, 0, 3.07%, 0, 0, 15, 116.47, 1690234, 2013, 0, 0
13742, 21, 75, 736, 0, 0, 3.07%, 0, 0, 15, 117.29, 1690833, 2013, 0, 0
13747, 21, 68, 736, 0, 0, 3.07%, 0, 0, 15, 119.56, 1691457, 2013, 0, 0
13752, 21, 203, 736, 0, 0, 3.07%, 0, 0, 15, 119.38, 1692051, 2013, 0, 0
13757, 21, 154, 736, 0, 0, 3.07%, 0, 0, 15, 123.04, 1692683, 2013, 0, 0
13756, 21, 154, 736, 0, 0, 3.07%, 0, 0, 15, 0.00, 1692687, 2013, 0, 0
13761, 21, 108, 736, 0, 0, 3.07%, 0, 0, 15, 127.15, 1693316, 2013, 0, 0
13766, 22, 490, 736, 0, 0, 3.07%, 0, 0, 15, 113.44, 1693867, 2013, 0, 0
13771, 22, 651, 736, 0, 0, 3.07%, 0, 0, 15, 121.08, 1694500, 2013, 0, 0
13776, 22, 313, 736, 0, 0, 3.07%, 0, 0, 15, 121.44, 1695123, 2013, 0, 0
13781, 22, 571, 736, 0, 0, 3.07%, 0, 0, 15, 128.62, 1695801, 2013, 0, 0
13786, 22, 457, 736, 0, 0, 3.07%, 0, 0, 15, 98.72, 1696558, 2013, 0, 0
13791, 22, 313, 736, 0, 0, 3.07%, 0, 0, 15, 111.78, 1697174, 2013, 0, 0
13797, 22, 52, 736, 0, 0, 3.07%, 0, 0, 15, 122.99, 1697819, 2013, 0, 0
13802, 22, 66, 736, 0, 0, 3.07%, 0, 0, 15, 126.63, 1698487, 2013, 0, 0
13807, 22, 388, 737, 1, 0, 3.07%, 0, 0, 15, 119.03, 1699076, 2013, 0, 0
13812, 22, 462, 737, 1, 0, 3.07%, 0, 0, 15, 118.42, 1699654, 2013, 0, 0
13817, 22, 305, 737, 1, 0, 3.07%, 0, 0, 15, 121.00, 1700479, 2013, 0, 0
13822, 22, 600, 737, 1, 0, 3.07%, 0, 0, 15, 113.16, 1701070, 2013, 0, 0
13827, 22, 679, 737, 1, 0, 3.07%, 0, 0, 15, 118.42, 1701650, 2013, 0, 0
13832, 22, 531, 737, 1, 0, 3.07%, 0, 0, 15, 115.57, 1702276, 2013, 0, 0
13837, 22, 156, 737, 1, 0, 3.07%, 0, 0, 15, 116.73, 1702838, 2013, 0, 0
13843, 22, 29, 737, 1, 0, 3.07%, 0, 0, 15, 98.97, 1703659, 2013, 0, 0
13848, 22, 452, 737, 1, 0, 3.07%, 0, 0, 15, 113.64, 1704230, 2013, 0, 0
13853, 22, 192, 737, 1, 0, 3.07%, 0, 0, 15, 112.98, 1704851, 2013, 0, 0
13858, 22, 451, 737, 1, 0, 3.07%, 0, 0, 15, 110.42, 1705387, 2013, 0, 0
13863, 22, 609, 737, 1, 0, 3.07%, 0, 0, 15, 113.37, 1705975, 2013, 0, 0
13868, 22, 538, 737, 1, 0, 3.07%, 0, 0, 15, 113.28, 1706541, 2013, 0, 0
13873, 22, 452, 737, 1, 0, 3.07%, 0, 0, 15, 106.30, 1707296, 2013, 0, 0
13878, 22, 736, 737, 1, 0, 3.07%, 0, 0, 15, 114.55, 1707868, 2013, 0, 0
13883, 22, 350, 737, 0, 0, 3.07%, 0, 0, 15, 113.92, 1708456, 2013, 0, 0
13888, 22, 165, 737, 0, 0, 3.07%, 0, 0, 15, 114.32, 1708998, 2013, 0, 0
13893, 22, 651, 737, 0, 0, 3.07%, 0, 0, 15, 117.36, 1709617, 2013, 0, 0
13899, 22, 565, 737, 0, 0, 3.07%, 0, 0, 15, 110.08, 1710459, 2013, 0, 0
13904, 22, 129, 737, 0, 0, 3.07%, 0, 0, 15, 110.43, 1711040, 2013, 0, 0
13909, 22, 68, 737, 0, 0, 3.07%, 0, 0, 15, 115.90, 1711602, 2013, 0, 0
13914, 22, 732, 737, 0, 0, 3.07%, 0, 0, 15, 107.70, 1712179, 2013, 0, 0
13919, 22, 452, 737, 0, 0, 3.07%, 0, 0, 15, 111.61, 1712745, 2013, 0, 0
13924, 22, 440, 737, 0, 0, 3.07%, 0, 0, 15, 109.99, 1713345, 2013, 0, 0
13929, 22, 75, 737, 0, 0, 3.07%, 0, 0, 15, 99.96, 1713934, 2013, 0, 0
13934, 22, 130, 737, 0, 0, 3.07%, 0, 0, 15, 101.96, 1714476, 2013, 0, 0
13939, 22, 698, 737, 0, 0, 3.07%, 0, 0, 15, 115.46, 1715055, 2013, 0, 0
13939, 22, 693, 737, 0, 0, 3.07%, 0, 0, 15, 0.00, 1715234, 2013, 0, 0
13944, 22, 631, 737, 0, 0, 3.07%, 0, 0, 15, 118.16, 1715838, 2013, 0, 0
13949, 22, 530, 737, 0, 0, 3.07%, 0, 0, 15, 117.03, 1716430, 2013, 0, 0
13955, 22, 705, 737, 0, 0, 3.07%, 0, 0, 15, 105.22, 1717079, 2013, 0, 0
13960, 22, 261, 737, 0, 0, 3.07%, 0, 0, 15, 119.94, 1717713, 2013, 0, 0
13965, 22, 698, 737, 0, 0, 3.07%, 0, 0, 15, 101.14, 1718235, 2013, 0, 0
13970, 22, 210, 737, 0, 0, 3.07%, 0, 0, 15, 118.23, 1718849, 2013, 0, 0
13975, 22, 129, 737, 0, 0, 3.07%, 0, 0, 15, 100.74, 1719362, 2013, 0, 0
13980, 22, 582, 737, 0, 0, 3.07%, 0, 0, 15, 115.08, 1719977, 2013, 0, 0
13985, 22, 645, 737, 0, 0, 3.07%, 0, 0, 15, 99.28, 1720740, 2013, 0, 0
13990, 22, 199, 737, 0, 0, 3.07%, 0, 0, 15, 117.05, 1721374, 2013, 0, 0
13996, 22, 579, 737, 0, 0, 3.07%, 0, 0, 15, 114.07, 1721965, 2013, 0, 0
14001, 22, 262, 737, 0, 0, 3.07%, 0, 0, 15, 112.85, 1722555, 2013, 0, 0
14006, 22, 491, 737, 0, 0, 3.07%, 0, 0, 15, 99.40, 1723064, 2013, 0, 0
14011, 22, 638, 737, 0, 0, 3.07%, 0, 0, 15, 101.75, 1723605, 2013, 0, 0
14010, 22, 638, 737, 0, 0, 3.07%, 0, 0, 15, 0.00, 1723607, 2013, 0, 0
14009, 22, 638, 737, 0, 0, 3.07%, 0, 0, 15, 0.00, 1723608, 2013, 0, 0
14014, 22, 606, 737, 0, 0, 3.07%, 0, 0, 15, 111.64, 1724189, 2013, 0, 0
14019, 22, 517, 737, 0, 0, 3.07%, 0, 0, 15, 112.80, 1724741, 2013, 0, 0
14025, 22, 213, 737, 0, 0, 3.07%, 0, 0, 15, 108.83, 1725295, 2013, 0, 0
14030, 22, 128, 737, 0, 0, 3.07%, 0, 0, 15, 114.90, 1725884, 2013, 0, 0
14035, 22, 145, 737, 0, 0, 3.07%, 0, 0, 15, 105.93, 1726419, 2013, 0, 0
14040, 22, 462, 737, 0, 0, 3.07%, 0, 0, 15, 106.54, 1727216, 2013, 0, 0
14045, 22, 129, 737, 0, 0, 3.07%, 0, 0, 15, 101.69, 1727719, 2013, 0, 0
14050, 22, 243, 737, 0, 0, 3.07%, 0, 0, 15, 107.57, 1728259, 2013, 0, 0
14055, 22, 224, 737, 0, 0, 3.07%, 0, 0, 15, 121.40, 1728901, 2013, 0, 0
14060, 22, 538, 737, 0, 0, 3.07%, 0, 0, 15, 123.09, 1729557, 2013, 0, 0
14066, 22, 156, 737, 0, 0, 3.07%, 0, 0, 15, 116.79, 1730158, 2013, 0, 0
14066, 22, 213, 737, 0, 0, 3.07%, 0, 0, 15, 0.00, 1730381, 2013, 0, 0
14071, 22, 547, 737, 0, 0, 3.07%, 0, 0, 15, 114.08, 1730992, 2013, 0, 0
14076, 22, 156, 737, 0, 0, 3.07%, 0, 0, 15, 97.67, 1731467, 2013, 0, 0
14081, 22, 556, 737, 0, 0, 3.07%, 0, 0, 15, 112.73, 1732059, 2013, 0, 0
14086, 22, 607, 737, 0, 0, 3.07%, 0, 0, 15, 120.02, 1732677, 2013, 0, 0
14091, 22, 170, 737, 0, 0, 3.07%, 0, 0, 15, 124.09, 1733309, 2013, 0, 0
14096, 22, 490, 737, 0, 0, 3.07%, 0, 0, 15, 125.63, 1734108, 2013, 0, 0
14101, 22, 148, 737, 0, 0, 3.07%, 0, 0, 15, 120.51, 1734718, 2013, 0, 0
14107, 22, 685, 737, 0, 0, 3.07%, 0, 0, 15, 116.94, 1735289, 2013, 0, 0
14112, 22, 449, 737, 0, 0, 3.07%, 0, 0, 15, 120.83, 1735908, 2013, 0, 0
14117, 22, 609, 737, 0, 0, 3.07%, 0, 0, 15, 101.25, 1736400, 2013, 0, 0
14122, 22, 213, 737, 0, 0, 3.07%, 0, 0, 15, 119.22, 1737009, 2013, 0, 0
14122, 22, 461, 737, 0, 0, 3.07%, 0, 0, 15, 0.00, 1737225, 2013, 0, 0
14127, 22, 203, 737, 0, 0, 3.07%, 0, 0, 15, 118.61, 1737837, 2013, 0, 0
14132, 22, 68, 737, 0, 0, 3.07%, 0, 0, 15, 113.82, 1738427, 2013, 0, 0
14137, 22, 678, 737, 0, 0, 3.07%, 0, 0, 15, 105.66, 1738955, 2013, 0, 0
14142, 22, 727, 737, 0, 0, 3.07%, 0, 0, 15, 118.08, 1739558, 2013, 0, 0
14147, 22, 454, 737, 0, 0, 3.07%, 0, 0, 15, 107.36, 1740070, 2013, 0, 0
14152, 22, 565, 737, 0, 0, 3.07%, 0, 0, 15, 122.21, 1740902, 2013, 0, 0
14157, 22, 571, 737, 0, 0, 3.07%, 0, 0, 15, 123.18, 1741501, 2013, 0, 0
14163, 22, 527, 737, 0, 0, 3.07%, 0, 0, 15, 116.44, 1742125, 2013, 0, 0
14168, 22, 216, 737, 0, 0, 3.07%, 0, 0, 15, 107.78, 1742633, 2013, 0, 0
14173, 22, 527, 737, 0, 0, 3.07%, 0, 0, 15, 118.60, 1743279, 2013, 0, 0
14178, 22, 533, 737, 0, 0, 3.07%, 0, 0, 15, 121.49, 1743914, 2013, 0, 0
14183, 22, 63, 737, 0, 0, 3.07%, 0, 0, 15, 104.64, 1744714, 2013, 0, 0
14188, 22, 242, 737, 0, 0, 3.07%, 0, 0, 15, 111.30, 1745256, 2013, 0, 0
14193, 22, 506, 737, 0, 0, 3.07%, 0, 0, 15, 112.97, 1745840, 2013, 0, 0
14198, 22, 203, 737, 0, 0, 3.07%, 0, 0, 15, 105.25, 1746345, 2013, 0, 0
14203, 22, 729, 737, 0, 0, 3.07%, 0, 0, 15, 110.35, 1746921, 2013, 0, 0
14209, 22, 440, 737, 0, 0, 3.07%, 0, 0, 15, 123.03, 1747672, 2013, 0, 0
14214, 22, 50, 737, 0, 0, 3.07%, 0, 0, 15, 105.16, 1748211, 2013, 0, 0
14219, 22, 68, 737, 0, 0, 3.07%, 0, 0, 15, 112.76, 1748798, 2013, 0, 0
14224, 22, 651, 737, 0, 0, 3.07%, 0, 0, 15, 97.86, 1749309, 2013, 0, 0
14229, 22, 76, 737, 0, 0, 3.07%, 0, 0, 15, 108.47, 1749848, 2013, 0, 0
14234, 22, 579, 737, 0, 0, 3.07%, 0, 0, 15, 120.44, 1750486, 2013, 0, 0
14239, 22, 405, 737, 0, 0, 3.07%, 0, 0, 15, 120.79, 1751340, 2013, 0, 0
14244, 22, 685, 737, 0, 0, 3.07%, 0, 0, 15, 109.07, 1751894, 2013, 0, 0
14249, 22, 141, 737, 0, 0, 3.07%, 0, 0, 15, 97.91, 1752375, 2013, 0, 0
14255, 22, 466, 737, 0, 0, 3.07%, 0, 0, 15, 96.37, 1752875, 2013, 0, 0
14260, 22, 145, 737, 0, 0, 3.07%, 0, 0, 15, 109.26, 1753434, 2013, 0, 0
14265, 22, 368, 737, 0, 0, 3.07%, 0, 0, 15, 87.21, 1754083, 2013, 0, 0
14270, 22, 527, 737, 0, 0, 3.07%, 0, 0, 15, 110.04, 1754672, 2013, 0, 0
14275, 22, 366, 737, 0, 0, 3.07%, 0, 0, 15, 107.36, 1755207, 2013, 0, 0
14280, 22, 531, 737, 0, 0, 3.07%, 0, 0, 15, 110.24, 1755795, 2013, 0, 0
14285, 22, 705, 737, 0, 0, 3.07%, 0, 0, 15, 113.19, 1756386, 2013, 0, 0
14290, 22, 466, 737, 0, 0, 3.07%, 0, 0, 15, 125.20, 1757025, 2013, 0, 0
14295, 22, 108, 737, 0, 0, 3.07%, 0, 0, 15, 92.00, 1757774, 2013, 0, 0
14301, 22, 685, 737, 0, 0, 3.07%, 0, 0, 15, 115.00, 1758386, 2013, 0, 0
14306, 22, 224, 737, 0, 0, 3.07%, 0, 0, 15, 104.79, 1758881, 2013, 0, 0
14311, 22, 62, 737, 0, 0, 3.07%, 0, 0, 15, 111.39, 1759445, 2013, 0, 0
14316, 22, 691, 737, 0, 0, 3.07%, 0, 0, 15, 95.42, 1759938, 2013, 0, 0
14321, 22, 89, 737, 0, 0, 3.07%, 0, 0, 15, 97.92, 1760741, 2013, 0, 0
14326, 22, 606, 737, 0, 0, 3.07%, 0, 0, 15, 99.12, 1761235, 2013, 0, 0
14331, 22, 457, 737, 0, 0, 3.07%, 0, 0, 15, 118.28, 1761849, 2013, 0, 0
14336, 22, 698, 737, 0, 0, 3.07%, 0, 0, 15, 103.20, 1762365, 2013, 0, 0
14341, 22, 220, 737, 0, 0, 3.07%, 0, 0, 15, 119.35, 1762991, 2013, 0, 0
14347, 22, 90, 737, 0, 0, 3.07%, 0, 0, 15, 121.70, 1763615, 2013, 0, 0
14352, 22, 529, 737, 0, 0, 3.07%, 0, 0, 15, 112.25, 1764474, 2013, 0, 0
14357, 22, 452, 737, 0, 0, 3.07%, 0, 0, 15, 117.41, 1765063, 2013, 0, 0
14362, 22, 582, 737, 0, 0, 3.07%, 0, 0, 15, 121.94, 1765689, 2013, 0, 0
14367, 22, 148, 737, 0, 0, 3.07%, 0, 0, 15, 116.58, 1766242, 2013, 0, 0
14372, 22, 582, 737, 0, 0, 3.07%, 0, 0, 15, 116.86, 1766810, 2013, 0, 0
14377, 22, 527, 737, 0, 0, 3.07%, 0, 0, 15, 111.99, 1767390, 2013, 0, 0
14375, 22, 527, 737, 0, 0, 3.07%, 0, 0, 15, 0.00, 1767432, 2013, 0, 0
14381, 22, 468, 737, 0, 0, 3.07%, 0, 0, 15, 127.85, 1768097, 2013, 0, 0
14386, 22, 156, 737, 0, 0, 3.07%, 0, 0, 15, 105.62, 1768606, 2013, 0, 0
14391, 22, 242, 737, 0, 0, 3.07%, 0, 0, 15, 114.19, 1769187, 2013, 0, 0
14396, 23, 140, 737, 0, 0, 3.07%, 0, 0, 15, 97.79, 1769663, 2013, 0, 0
14401, 23, 466, 737, 0, 0, 3.07%, 0, 0, 15, 115.97, 1770262, 2013, 0, 0
14406, 23, 399, 737, 0, 0, 3.07%, 0, 0, 15, 96.13, 1770983, 2013, 0, 0
14411, 23, 520, 737, 0, 0, 3.07%, 0, 0, 15, 96.86, 1771477, 2013, 0, 0
14416, 23, 236, 737, 0, 0, 3.07%, 0, 0, 15, 96.00, 1771959, 2013, 0, 0
14421, 23, 665, 737, 0, 0, 3.07%, 0, 0, 15, 112.44, 1772538, 2013, 0, 0
14426, 23, 533, 737, 0, 0, 3.07%, 0, 0, 15, 103.35, 1773052, 2013, 0, 0
14432, 23, 651, 737, 0, 0, 3.07%, 0, 0, 15, 117.57, 1773688, 2013, 0, 0
14437, 23, 144, 737, 0, 0, 3.07%, 0, 0, 15, 115.19, 1774431, 2013, 0, 0
14442, 23, 156, 737, 0, 0, 3.07%, 0, 0, 15, 110.23, 1775021, 2013, 0, 0
14447, 23, 210, 737, 0, 0, 3.07%, 0, 0, 15, 96.36, 1775485, 2013, 0, 0
14452, 23, 52, 737, 0, 0, 3.07%, 0, 0, 15, 116.97, 1776114, 2013, 0, 0
14457, 23, 442, 737, 0, 0, 3.07%, 0, 0, 15, 109.25, 1776684, 2013, 0, 0
14462, 23, 366, 737, 0, 0, 3.07%, 0, 0, 15, 118.46, 1777417, 2013, 0, 0
14468, 23, 671, 737, 0, 0, 3.07%, 0, 0, 15, 126.84, 1778073, 2013, 0, 0
14473, 23, 491, 737, 0, 0, 3.07%, 0, 0, 15, 120.00, 1778673, 2013, 0, 0
14478, 23, 75, 737, 0, 0, 3.07%, 0, 0, 15, 104.13, 1779171, 2013, 0, 0
14483, 23, 213, 737, 0, 0, 3.07%, 0, 0, 15, 117.85, 1779808, 2013, 0, 0
14488, 23, 451, 737, 0, 0, 3.07%, 0, 0, 15, 111.95, 1780364, 2013, 0, 0
14493, 23, 167, 737, 0, 0, 3.07%, 0, 0, 15, 95.88, 1781105, 2013, 0, 0
14498, 23, 651, 737, 0, 0, 3.07%, 0, 0, 15, 107.56, 1781639, 2013, 0, 0
14503, 23, 491, 737, 0, 0, 3.07%, 0, 0, 15, 115.73, 1782268, 2013, 0, 0
14508, 23, 52, 737, 0, 0, 3.07%, 0, 0, 15, 108.55, 1782778, 2013, 0, 0
14513, 23, 198, 737, 0, 0, 3.07%, 0, 0, 15, 112.26, 1783361, 2013, 0, 0
14519, 23, 679, 737, 0, 0, 3.07%, 0, 0, 15, 103.88, 1784058, 2013, 0, 0
14524, 23, 213, 737, 0, 0, 3.07%, 0, 0, 15, 106.25, 1784609, 2013, 0, 0
14529, 23, 463, 737, 0, 0, 3.07%, 0, 0, 15, 113.23, 1785157, 2013, 0, 0
14534, 23, 397, 737, 0, 0, 3.07%, 0, 0, 15, 110.69, 1785760, 2013, 0, 0
14539, 23, 217, 737, 0, 0, 3.07%, 0, 0, 15, 100.87, 1786252, 2013, 0, 0
14544, 23, 651, 737, 0, 0, 3.07%, 0, 0, 15, 101.49, 1786771, 2013, 0, 0
14549, 23, 491, 737, 0, 0, 3.07%, 0, 0, 15, 107.61, 1787542, 2013, 0, 0
14554, 23, 165, 737, 0, 0, 3.07%, 0, 0, 15, 108.90, 1788084, 2013, 0, 0
14560, 23, 194, 737, 0, 0, 3.07%, 0, 0, 15, 121.44, 1788721, 2013, 0, 0
14565, 23, 251, 737, 0, 0, 3.07%, 0, 0, 15, 114.07, 1789315, 2013, 0, 0
14570, 23, 199, 737, 0, 0, 3.07%, 0, 0, 15, 121.42, 1789967, 2013, 0, 0
14575, 23, 450, 737, 0, 0, 3.07%, 0, 0, 15, 89.39, 1790700, 2013, 0, 0
14580, 23, 638, 737, 0, 0, 3.07%, 0, 0, 15, 97.88, 1791210, 2013, 0, 0
14585, 23, 698, 737, 0, 0, 3.07%, 0, 0, 15, 105.53, 1791750, 2013, 0, 0
14590, 23, 219, 737, 0, 0, 3.07%, 0, 0, 15, 108.99, 1792288, 2013, 0, 0
14596, 23, 532, 737, 0, 0, 3.07%, 0, 0, 15, 117.97, 1792916, 2013, 0, 0
14601, 23, 579, 737, 0, 0, 3.07%, 0, 0, 15, 118.14, 1793510, 2013, 0, 0
14606, 23, 705, 737, 0, 0, 3.07%, 0, 0, 15, 111.84, 1794270, 2013, 0, 0
14611, 23, 703, 737, 0, 0, 3.07%, 0, 0, 15, 123.71, 1794904, 2013, 0, 0
14616, 23, 165, 737, 0, 0, 3.07%, 0, 0, 15, 107.93, 1795439, 2013, 0, 0
14621, 23, 93, 737, 0, 0, 3.07%, 0, 0, 15, 116.49, 1796029, 2013, 0, 0
14626, 23, 693, 737, 0, 0, 3.07%, 0, 0, 15, 105.62, 1796568, 2013, 0, 0
14631, 23, 262, 737, 0, 0, 3.07%, 0, 0, 15, 119.67, 1797185, 2013, 0, 0
14630, 23, 262, 737, 0, 0, 3.07%, 0, 0, 15, 0.00, 1797187, 2013, 0, 0
14629, 23, 262, 737, 0, 0, 3.07%, 0, 0, 15, 0.00, 1797188, 2013, 0, 0
14634, 23, 165, 737, 0, 0, 3.07%, 0, 0, 15, 105.80, 1797731, 2013, 0, 0
14639, 23, 529, 737, 0, 0, 3.07%, 0, 0, 15, 111.91, 1798303, 2013, 0, 0
14644, 23, 492, 737, 0, 0, 3.07%, 0, 0, 15, 98.37, 1798793, 2013, 0, 0
14649, 23, 538, 737, 0, 0, 3.07%, 0, 0, 15, 121.29, 1799436, 2013, 0, 0
14654, 23, 667, 737, 0, 0, 3.07%, 0, 0, 15, 107.99, 1799990, 2013, 0, 0
14659, 23, 606, 737, 0, 0, 3.07%, 0, 0, 15, 110.44, 1800718, 2013, 0, 0
14665, 23, 452, 737, 0, 0, 3.07%, 0, 0, 15, 103.11, 1801247, 2013, 0, 0
14670, 23, 405, 737, 0, 0, 3.07%, 0, 0, 15, 104.79, 1801765, 2013, 0, 0
14675, 23, 728, 737, 0, 0, 3.07%, 0, 0, 15, 92.60, 1802244, 2013, 0, 0
14680, 23, 732, 737, 0, 0, 3.07%, 0, 0, 15, 117.23, 1802859, 2013, 0, 0
14685, 23, 58, 737, 0, 0, 3.07%, 0, 0, 15, 110.66, 1803452, 2013, 0, 0
14690, 23, 198, 737, 0, 0, 3.07%, 0, 0, 15, 120.48, 1804269, 2013, 0, 0
14695, 23, 214, 737, 0, 0, 3.07%, 0, 0, 15, 101.04, 1804765, 2013, 0, 0
14700, 23, 93, 737, 0, 0, 3.07%, 0, 0, 15, 113.45, 1805354, 2013, 0, 0
14705, 23, 106, 737, 0, 0, 3.07%, 0, 0, 15, 96.93, 1805838, 2013, 0, 0
14710, 23, 728, 737, 0, 0, 3.07%, 0, 0, 15, 116.00, 1806430, 2013, 0, 0
14715, 23, 150, 737, 0, 0, 3.07%, 0, 0, 15, 114.27, 1807230, 2013, 0, 0
14721, 23, 235, 737, 0, 0, 3.07%, 0, 0, 15, 124.39, 1807873, 2013, 0, 0
14726, 23, 239, 737, 0, 0, 3.07%, 0, 0, 15, 112.82, 1808461, 2013, 0, 0
14731, 23, 448, 737, 0, 0, 3.07%, 0, 0, 15, 127.66, 1809130, 2013, 0, 0
14736, 23, 21, 737, 0, 0, 3.07%, 0, 0, 15, 124.69, 1809766, 2013, 0, 0
14741, 23, 549, 737, 0, 0, 3.07%, 0, 0, 15, 129.69, 1810435, 2013, 0, 0
14746, 23, 156, 737, 0, 0, 3.07%, 0, 0, 15, 99.74, 1811157, 2013, 0, 0
14751, 23, 449, 737, 0, 0, 3.07%, 0, 0, 15, 117.84, 1811763, 2013, 0, 0
14757, 23, 693, 737, 0, 0, 3.07%, 0, 0, 15, 120.67, 1812381, 2013, 0, 0
14762, 23, 641, 737, 0, 0, 3.07%, 0, 0, 15, 122.75, 1813003, 2013, 0, 0
14767, 23, 463, 737, 0, 0, 3.07%, 0, 0, 15, 109.74, 1813563, 2013, 0, 0
14772, 23, 693, 737, 0, 0, 3.07%, 0, 0, 15, 123.11, 1814436, 2013, 0, 0
14777, 23, 137, 737, 0, 0, 3.07%, 0, 0, 15, 118.06, 1815011, 2013, 0, 0
14782, 23, 532, 737, 0, 0, 3.07%, 0, 0, 15, 122.07, 1815631, 2013, 0, 0
14787, 23, 520, 737, 0, 0, 3.07%, 0, 0, 15, 111.63, 1816185, 2013, 0, 0
14792, 23, 491, 737, 0, 0, 3.07%, 0, 0, 15, 113.67, 1816742, 2013, 0, 0
14797, 23, 158, 737, 0, 0, 3.07%, 0, 0, 15, 112.56, 1817300, 2013, 0, 0
14803, 23, 466, 737, 0, 0, 3.07%, 0, 0, 15, 121.72, 1818174, 2013, 0, 0
14808, 23, 496, 738, 1, 0, 3.07%, 0, 0, 15, 116.71, 1818735, 2013, 0, 0
14813, 23, 579, 738, 1, 0, 3.07%, 0, 0, 15, 118.84, 1819357, 2013, 0, 0
14818, 23, 571, 738, 1, 0, 3.07%, 0, 0, 15, 111.77, 1819898, 2013, 0, 0
14823, 23, 549, 738, 1, 0, 3.07%, 0, 0, 15, 116.04, 1820522, 2013, 0, 0
14828, 23, 48, 738, 1, 0, 3.07%, 0, 0, 15, 125.75, 1821297, 2013, 0, 0
14833, 23, 153, 738, 1, 0, 3.07%, 0, 0, 15, 115.33, 1821869, 2013, 0, 0
14839, 23, 531, 738, 1, 0, 3.07%, 0, 0, 15, 123.07, 1822499, 2013, 0, 0
14844, 23, 671, 738, 1, 0, 3.07%, 0, 0, 15, 125.52, 1823164, 2013, 0, 0
14849, 23, 457, 738, 1, 0, 3.07%, 0, 0, 15, 114.71, 1823737, 2013, 0, 0
14854, 23, 671, 738, 1, 0, 3.07%, 0, 0, 15, 109.82, 1824289, 2013, 0, 0
14859, 23, 492, 738, 1, 0, 3.07%, 0, 0, 15, 113.13, 1825067, 2013, 0, 0
14864, 23, 210, 738, 1, 0, 3.07%, 0, 0, 15, 115.69, 1825675, 2013, 0, 0
14869, 23, 690, 738, 1, 0, 3.07%, 0, 0, 15, 119.43, 1826279, 2013, 0, 0
14874, 23, 530, 738, 1, 0, 3.07%, 0, 0, 15, 123.27, 1826924, 2013, 0, 0
14880, 23, 636, 738, 1, 0, 3.07%, 0, 0, 15, 127.40, 1827596, 2013, 0, 0
14885, 23, 217, 738, 1, 0, 3.07%, 0, 0, 15, 106.99, 1828403, 2013, 0, 0
14890, 23, 165, 738, 1, 0, 3.07%, 0, 0, 15, 108.59, 1828952, 2013, 0, 0
14895, 23, 166, 738, 1, 0, 3.07%, 0, 0, 15, 100.84, 1829444, 2013, 0, 0
14900, 23, 732, 738, 1, 0, 3.07%, 0, 0, 15, 122.44, 1830091, 2013, 0, 0
14905, 23, 165, 738, 1, 0, 3.07%, 0, 0, 15, 84.40, 1830669, 2013, 0, 0
14910, 23, 704, 738, 1, 0, 3.07%, 0, 0, 15, 113.56, 1831271, 2013, 0, 0
14915, 23, 239, 738, 1, 0, 3.07%, 0, 0, 15, 112.75, 1832077, 2013, 0, 0
14920, 23, 440, 738, 1, 0, 3.07%, 0, 0, 15, 129.61, 1832774, 2013, 0, 0
14926, 23, 656, 738, 1, 0, 3.07%, 0, 0, 15, 113.43, 1833367, 2013, 0, 0
14931, 23, 579, 738, 1, 0, 3.07%, 0, 0, 15, 116.22, 1833988, 2013, 0, 0
14936, 23, 520, 738, 1, 0, 3.07%, 0, 0, 15, 119.29, 1834613, 2013, 0, 0
14941, 23, 710, 738, 1, 0, 3.07%, 0, 0, 15, 126.47, 1835481, 2013, 0, 0
14946, 23, 261, 738, 1, 0, 3.07%, 0, 0, 15, 123.49, 1836093, 2013, 0, 0
14951, 23, 48, 738, 1, 0, 3.07%, 0, 0, 15, 128.51, 1836765, 2013, 0, 0
14956, 23, 448, 738, 1, 0, 3.07%, 0, 0, 15, 122.18, 1837363, 2013, 0, 0
14961, 23, 144, 738, 1, 0, 3.07%, 0, 0, 15, 126.44, 1838025, 2013, 0, 0
14967, 23, 132, 738, 1, 0, 3.07%, 0, 0, 15, 124.35, 1838664, 2013, 0, 0
14966, 23, 194, 738, 1, 0, 3.07%, 0, 0, 15, 0.00, 1838863, 2013, 0, 0
14972, 23, 142, 738, 1, 0, 3.07%, 0, 0, 15, 126.29, 1839527, 2013, 0, 0
14977, 23, 543, 738, 1, 0, 3.07%, 0, 0, 15, 130.10, 1840154, 2013, 0, 0
14982, 23, 549, 738, 1, 0, 3.07%, 0, 0, 15, 129.27, 1840825, 2013, 0, 0
14987, 23, 531, 738, 1, 0, 3.07%, 0, 0, 15, 107.40, 1841340, 2013, 0, 0
14992, 23, 727, 738, 1, 0, 3.07%, 0, 0, 15, 123.11, 1841990, 2013, 0, 0
14997, 23, 501, 738, 1, 0, 3.07%, 0, 0, 15, 127.40, 1842898, 2013, 0, 0
15002, 23, 261, 738, 1, 0, 3.07%, 0, 0, 15, 123.25, 1843545, 2013, 0, 0
15007, 23, 268, 738, 1, 0, 3.07%, 0, 0, 15, 131.10, 1844223, 2013, 0, 0
15012, 23, 120, 738, 1, 0, 3.07%, 0, 0, 15, 126.72, 1844861, 2013, 0, 0
15018, 23, 244, 738, 1, 0, 3.07%, 0, 0, 15, 121.56, 1845446, 2013, 0, 0
15023, 24, 373, 738, 1, 0, 3.07%, 0, 0, 15, 128.01, 1846096, 2013, 0, 0
15028, 24, 644, 738, 1, 0, 3.07%, 0, 0, 15, 119.40, 1846898, 2013, 0, 0
15033, 24, 645, 738, 1, 0, 3.07%, 0, 0, 15, 116.55, 1847515, 2013, 0, 0
15038, 24, 492, 738, 1, 0, 3.07%, 0, 0, 15, 111.70, 1848046, 2013, 0, 0
15043, 24, 262, 738, 1, 0, 3.07%, 0, 0, 15, 106.52, 1848582, 2013, 0, 0
15048, 24, 607, 738, 1, 0, 3.07%, 0, 0, 15, 110.17, 1849128, 2013, 0, 0
15053, 24, 145, 738, 1, 0, 3.07%, 0, 0, 15, 114.91, 1849905, 2013, 0, 0
15058, 24, 219, 738, 1, 0, 3.07%, 0, 0, 15, 116.36, 1850511, 2013, 0, 0
15063, 24, 39, 738, 1, 0, 3.07%, 0, 0, 15, 124.61, 1851164, 2013, 0, 0
15068, 24, 140, 738, 1, 0, 3.07%, 0, 0, 15, 120.72, 1851777, 2013, 0, 0
15073, 24, 698, 739, 2, 0, 3.07%, 0, 0, 15, 124.54, 1852437, 2013, 0, 0
15079, 24, 121, 739, 2, 0, 3.07%, 0, 0, 15, 124.89, 1853052, 2013, 0, 0
15084, 24, 449, 739, 2, 0, 3.07%, 0, 0, 15, 127.64, 1853942, 2013, 0, 0
15089, 24, 492, 739, 2, 0, 3.07%, 0, 0, 15, 131.57, 1854624, 2013, 0, 0
15094, 24, 224, 739, 2, 0, 3.07%, 0, 0, 15, 114.22, 1855202, 2013, 0, 0
15099, 24, 450, 739, 2, 0, 3.07%, 0, 0, 15, 103.37, 1855710, 2013, 0, 0
15104, 24, 203, 739, 2, 0, 3.07%, 0, 0, 15, 115.12, 1856339, 2013, 0, 0
15109, 24, 671, 739, 2, 0, 3.07%, 0, 0, 15, 114.23, 1857148, 2013, 0, 0
15114, 24, 515, 739, 2, 0, 3.07%, 0, 0, 15, 105.98, 1857731, 2013, 0, 0
15119, 24, 529, 739, 2, 0, 3.07%, 0, 0, 15, 122.89, 1858359, 2013, 0, 0
15124, 24, 48, 739, 2, 0, 3.07%, 0, 0, 15, 125.65, 1859007, 2013, 0, 0
15130, 24, 579, 739, 2, 0, 3.07%, 0, 0, 15, 132.02, 1859692, 2013, 0, 0
15135, 24, 490, 739, 2, 0, 3.07%, 0, 0, 15, 117.96, 1860316, 2013, 0, 0
15140, 24, 457, 739, 2, 0, 3.07%, 0, 0, 15, 104.75, 1861055, 2013, 0, 0
15145, 24, 166, 739, 2, 0, 3.07%, 0, 0, 15, 115.15, 1861643, 2013, 0, 0
15150, 24, 529, 739, 2, 0, 3.07%, 0, 0, 15, 124.85, 1862303, 2013, 0, 0
15156, 24, 204, 739, 2, 0, 3.07%, 0, 0, 15, 124.80, 1862945, 2013, 0, 0
15161, 24, 492, 739, 2, 0, 3.07%, 0, 0, 15, 130.57, 1863635, 2013, 0, 0
15166, 24, 213, 739, 2, 0, 3.07%, 0, 0, 15, 110.47, 1864477, 2013, 0, 0
15171, 24, 515, 739, 2, 0, 3.07%, 0, 0, 15, 127.89, 1865145, 2013, 0, 0
15176, 24, 206, 739, 2, 0, 3.07%, 0, 0, 15, 126.76, 1865792, 2013, 0, 0
15181, 24, 262, 739, 2, 0, 3.07%, 0, 0, 15, 131.17, 1866460, 2013, 0, 0
15186, 24, 215, 739, 2, 0, 3.07%, 0, 0, 15, 127.32, 1867113, 2013, 0, 0
15191, 24, 728, 739, 2, 0, 3.07%, 0, 0, 15, 129.06, 1867789, 2013, 0, 0
15196, 24, 262, 739, 2, 0, 3.07%, 0, 0, 15, 117.62, 1868629, 2013, 0, 0
15202, 24, 217, 739, 2, 0, 3.07%, 0, 0, 15, 129.24, 1869307, 2013, 0, 0
15207, 24, 217, 739, 2, 0, 3.07%, 0, 0, 15, 124.61, 1869939, 2013, 0, 0
15212, 24, 142, 739, 2, 0, 3.07%, 0, 0, 15, 107.94, 1870505, 2013, 0, 0
15217, 24, 579, 739, 2, 0, 3.07%, 0, 0, 15, 98.89, 1870978, 2013, 0, 0
15222, 24, 58, 739, 2, 0, 3.07%, 0, 0, 15, 106.15, 1871846, 2013, 0, 0
15227, 24, 549, 739, 2, 0, 3.07%, 0, 0, 15, 120.15, 1872449, 2013, 0, 0
15232, 24, 216, 739, 2, 0, 3.07%, 0, 0, 15, 133.27, 1873140, 2013, 0, 0
15237, 24, 571, 739, 2, 0, 3.07%, 0, 0, 15, 110.31, 1873660, 2013, 0, 0
15243, 24, 139, 739, 2, 0, 3.07%, 0, 0, 15, 118.53, 1874265, 2013, 0, 0
15248, 24, 148, 739, 2, 0, 3.07%, 0, 0, 15, 108.78, 1874814, 2013, 0, 0
15253, 24, 465, 739, 2, 0, 3.07%, 0, 0, 15, 98.43, 1875538, 2013, 0, 0
15258, 24, 139, 739, 2, 0, 3.07%, 0, 0, 15, 104.69, 1876064, 2013, 0, 0
15263, 24, 219, 739, 2, 0, 3.07%, 0, 0, 15, 121.90, 1876727, 2013, 0, 0
15268, 24, 207, 739, 2, 0, 3.07%, 0, 0, 15, 115.01, 1877312, 2013, 0, 0
15273, 24, 366, 739, 2, 0, 3.07%, 0, 0, 15, 124.59, 1877968, 2013, 0, 0
15279, 24, 442, 739, 2, 0, 3.07%, 0, 0, 15, 116.79, 1878814, 2013, 0, 0
15284, 24, 534, 739, 2, 0, 3.07%, 0, 0, 15, 121.59, 1879426, 2013, 0, 0
15289, 24, 137, 739, 2, 0, 3.07%, 0, 0, 15, 132.74, 1880124, 2013, 0, 0
15294, 24, 68, 739, 2, 0, 3.07%, 0, 0, 15, 124.51, 1880746, 2013, 0, 0
15299, 24, 366, 739, 2, 0, 3.07%, 0, 0, 15, 104.59, 1881253, 2013, 0, 0
15304, 24, 579, 739, 2, 0, 3.07%, 0, 0, 15, 115.37, 1881854, 2013, 0, 0
15309, 24, 651, 739, 2, 0, 3.07%, 0, 0, 15, 118.28, 1882661, 2013, 0, 0
15314, 24, 150, 739, 2, 0, 3.07%, 0, 0, 15, 114.90, 1883217, 2013, 0, 0
15319, 24, 440, 739, 2, 0, 3.07%, 0, 0, 15, 123.14, 1883852, 2013, 0, 0
15324, 24, 373, 739, 2, 0, 3.07%, 0, 0, 15, 128.34, 1884522, 2013, 0, 0
15329, 24, 651, 739, 2, 0, 3.07%, 0, 0, 15, 133.17, 1885194, 2013, 0, 0
15335, 24, 457, 739, 2, 0, 3.07%, 0, 0, 15, 95.21, 1886001, 2013, 0, 0
15340, 24, 607, 739, 2, 0, 3.07%, 0, 0, 15, 112.82, 1886579, 2013, 0, 0
15345, 24, 671, 739, 2, 0, 3.07%, 0, 0, 15, 119.45, 1887223, 2013, 0, 0
15350, 24, 373, 739, 2, 0, 3.07%, 0, 0, 15, 129.92, 1887909, 2013, 0, 0
15355, 24, 656, 739, 2, 0, 3.07%, 0, 0, 15, 118.33, 1888515, 2013, 0, 0
15360, 24, 492, 739, 2, 0, 3.07%, 0, 0, 15, 121.88, 1889113, 2013, 0, 0
15365, 24, 209, 739, 2, 0, 3.07%, 0, 0, 15, 125.71, 1890005, 2013, 0, 0
15370, 24, 203, 739, 2, 0, 3.07%, 0, 0, 15, 128.26, 1890672, 2013, 0, 0
15375, 24, 83, 739, 2, 0, 3.07%, 0, 0, 15, 101.71, 1891158, 2013, 0, 0
15380, 24, 571, 739, 2, 0, 3.07%, 0, 0, 15, 124.21, 1891787, 2013, 0, 0
15386, 24, 534, 739, 2, 0, 3.07%, 0, 0, 15, 123.06, 1892435, 2013, 0, 0
15391, 24, 727, 739, 2, 0, 3.07%, 0, 0, 15, 131.92, 1893329, 2013, 0, 0
15396, 24, 520, 739, 2, 0, 3.07%, 0, 0, 15, 126.36, 1893971, 2013, 0, 0
15401, 24, 732, 740, 3, 0, 3.08%, 0, 0, 15, 124.77, 1894609, 2017, 0, 0
15406, 24, 243, 740, 2, 0, 3.08%, 0, 0, 15, 107.52, 1895123, 2017, 0, 0
15411, 24, 491, 740, 2, 0, 3.08%, 0, 0, 15, 125.16, 1895800, 2017, 0, 0
15416, 24, 386, 740, 2, 0, 3.08%, 0, 0, 15, 125.09, 1896432, 2017, 0, 0
15421, 24, 739, 740, 2, 0, 3.08%, 0, 0, 15, 132.88, 1897350, 2017, 0, 0
15427, 24, 454, 740, 2, 0, 3.08%, 0, 0, 15, 132.23, 1898021, 2017, 0, 0
15432, 24, 213, 740, 2, 0, 3.08%, 0, 0, 15, 131.23, 1898701, 2017, 0, 0
15437, 24, 217, 740, 2, 0, 3.08%, 0, 0, 15, 117.93, 1899257, 2017, 0, 0
15442, 24, 229, 740, 2, 0, 3.08%, 0, 0, 15, 127.77, 1899928, 2017, 0, 0
15447, 24, 636, 740, 2, 0, 3.08%, 0, 0, 15, 117.87, 1900787, 2017, 0, 0
15452, 24, 198, 740, 2, 0, 3.08%, 0, 0, 15, 122.53, 1901448, 2017, 0, 0
15458, 24, 141, 740, 2, 0, 3.08%, 0, 0, 15, 125.40, 1902089, 2017, 0, 0
15463, 24, 465, 740, 2, 0, 3.08%, 0, 0, 15, 113.45, 1902672, 2017, 0, 0
15468, 24, 685, 740, 2, 0, 3.08%, 0, 0, 15, 121.83, 1903272, 2017, 0, 0
15473, 24, 645, 740, 2, 0, 3.08%, 0, 0, 15, 127.49, 1903893, 2017, 0, 0
15478, 24, 235, 740, 2, 0, 3.08%, 0, 0, 15, 127.84, 1904809, 2017, 0, 0
15483, 24, 313, 740, 2, 0, 3.08%, 0, 0, 15, 126.80, 1905469, 2017, 0, 0
15488, 24, 165, 740, 2, 0, 3.08%, 0, 0, 15, 126.15, 1906115, 2017, 0, 0
15493, 24, 150, 740, 2, 0, 3.08%, 0, 0, 15, 120.96, 1906717, 2017, 0, 0
15498, 24, 108, 740, 2, 0, 3.08%, 0, 0, 15, 124.55, 1907355, 2017, 0, 0
15503, 24, 142, 740, 2, 0, 3.08%, 0, 0, 15, 101.94, 1908197, 2017, 0, 0
15508, 24, 198, 740, 2, 0, 3.08%, 0, 0, 15, 107.74, 1908758, 2017, 0, 0
15514, 24, 737, 740, 2, 0, 3.08%, 0, 0, 15, 109.53, 1909346, 2017, 0, 0
15519, 24, 165, 740, 1, 0, 3.08%, 0, 0, 15, 117.01, 1909942, 2017, 0, 0
15524, 24, 738, 740, 1, 0, 3.08%, 0, 0, 15, 115.10, 1910563, 2017, 0, 0
15529, 24, 738, 743, 4, 0, 3.08%, 0, 0, 15, 112.40, 1911126, 2017, 0, 0
15534, 24, 738, 743, 4, 0, 3.08%, 0, 0, 15, 116.43, 1911972, 2017, 0, 0
15539, 24, 738, 743, 4, 0, 3.08%, 0, 0, 15, 123.88, 1912618, 2017, 0, 0
15544, 24, 738, 743, 4, 0, 3.08%, 0, 0, 15, 108.27, 1913178, 2017, 0, 0
15550, 24, 738, 743, 4, 0, 3.08%, 0, 0, 15, 122.91, 1913824, 2017, 0, 0
15555, 24, 738, 743, 4, 0, 3.08%, 0, 0, 15, 115.51, 1914430, 2017, 0, 0
15560, 24, 738, 743, 4, 0, 3.08%, 0, 0, 15, 119.04, 1915263, 2017, 0, 0
15565, 24, 656, 743, 3, 0, 3.08%, 0, 0, 15, 125.88, 1915927, 2017, 0, 0
15570, 24, 239, 743, 3, 0, 3.08%, 0, 0, 15, 134.54, 1916627, 2017, 0, 0
15575, 24, 534, 743, 3, 0, 3.08%, 0, 0, 15, 124.20, 1917242, 2017, 0, 0
15580, 24, 194, 743, 3, 0, 3.08%, 0, 0, 15, 126.56, 1917902, 2017, 0, 0
15586, 24, 442, 743, 3, 0, 3.08%, 0, 0, 15, 124.59, 1918560, 2017, 0, 0
15586, 24, 187, 743, 3, 0, 3.08%, 0, 0, 15, 0.00, 1918744, 2017, 0, 0
15591, 24, 448, 743, 3, 0, 3.08%, 0, 0, 15, 125.33, 1919398, 2017, 0, 0
15596, 24, 531, 743, 3, 0, 3.08%, 0, 0, 15, 121.61, 1920021, 2017, 0, 0
15601, 24, 242, 743, 3, 0, 3.08%, 0, 0, 15, 123.03, 1920654, 2017, 0, 0
15606, 24, 165, 743, 3, 0, 3.08%, 0, 0, 15, 129.67, 1921322, 2017, 0, 0
15611, 24, 620, 743, 3, 0, 3.08%, 0, 0, 15, 132.55, 1922015, 2017, 0, 0
15617, 24, 728, 743, 3, 0, 3.08%, 0, 0, 15, 114.71, 1922904, 2017, 0, 0
15622, 24, 679, 743, 3, 0, 3.08%, 0, 0, 15, 126.64, 1923588, 2017, 0, 0
15627, 24, 219, 743, 3, 0, 3.08%, 0, 0, 15, 128.64, 1924249, 2017, 0, 0
15632, 24, 577, 743, 3, 0, 3.08%, 0, 0, 15, 113.48, 1924816, 2017, 0, 0
15637, 24, 663, 743, 3, 0, 3.08%, 0, 0, 15, 99.27, 1925292, 2017, 0, 0
15642, 24, 318, 743, 3, 0, 3.08%, 0, 0, 15, 118.71, 1925907, 2017, 0, 0
15642, 24, 167, 743, 3, 0, 3.08%, 0, 0, 15, 0.00, 1926092, 2017, 0, 0
15647, 24, 549, 743, 3, 0, 3.08%, 0, 0, 15, 111.93, 1926655, 2017, 0, 0
15652, 24, 579, 743, 3, 0, 3.08%, 0, 0, 15, 116.79, 1927225, 2017, 0, 0
15657, 24, 93, 743, 3, 0, 3.08%, 0, 0, 15, 115.51, 1927847, 2017, 0, 0
15662, 25, 582, 743, 3, 0, 3.08%, 0, 0, 15, 124.59, 1928488, 2017, 0, 0
15668, 25, 366, 743, 3, 0, 3.08%, 0, 0, 15, 121.73, 1929110, 2017, 0, 0
15673, 25, 607, 743, 3, 0, 3.08%, 0, 0, 15, 112.57, 1929985, 2017, 0, 0
15678, 25, 739, 743, 3, 0, 3.08%, 0, 0, 15, 109.09, 1930515, 2017, 0, 0
15683, 25, 659, 743, 3, 0, 3.08%, 0, 0, 15, 123.98, 1931155, 2017, 0, 0
15688, 25, 130, 743, 3, 0, 3.08%, 0, 0, 15, 107.45, 1931664, 2017, 0, 0
15693, 25, 262, 743, 3, 0, 3.08%, 0, 0, 15, 113.29, 1932217, 2017, 0, 0
15698, 25, 217, 743, 3, 0, 3.08%, 0, 0, 15, 113.94, 1932800, 2017, 0, 0
15703, 25, 741, 743, 3, 0, 3.08%, 0, 0, 15, 114.75, 1933626, 2017, 0, 0
15708, 25, 464, 743, 2, 0, 3.08%, 0, 0, 15, 99.28, 1934090, 2017, 0, 0
15713, 25, 582, 743, 2, 0, 3.08%, 0, 0, 15, 115.68, 1934689, 2017, 0, 0
15718, 25, 685, 743, 2, 0, 3.08%, 0, 0, 15, 120.10, 1935325, 2017, 0, 0
15723, 25, 431, 743, 2, 0, 3.08%, 0, 0, 15, 131.46, 1936018, 2017, 0, 0
15729, 25, 139, 743, 2, 0, 3.08%, 0, 0, 15, 95.79, 1936719, 2017, 0, 0
15734, 25, 130, 743, 2, 0, 3.08%, 0, 0, 15, 114.49, 1937316, 2017, 0, 0
15739, 25, 213, 743, 2, 0, 3.08%, 0, 0, 15, 129.62, 1938005, 2017, 0, 0
15744, 25, 705, 743, 2, 0, 3.08%, 0, 0, 15, 122.11, 1938628, 2017, 0, 0
15749, 25, 705, 743, 2, 0, 3.08%, 0, 0, 15, 120.95, 1939197, 2017, 0, 0
15754, 25, 454, 743, 2, 0, 3.08%, 0, 0, 15, 125.04, 1939871, 2017, 0, 0
15754, 25, 235, 743, 2, 0, 3.08%, 0, 0, 15, 0.00, 1940101, 2017, 0, 0
15759, 25, 704, 744, 3, 0, 3.08%, 0, 0, 15, 103.20, 1940646, 2017, 0, 0
15765, 25, 651, 744, 3, 0, 3.08%, 0, 0, 15, 117.42, 1941283, 2017, 0, 0
15770, 25, 198, 744, 3, 0, 3.08%, 0, 0, 15, 130.48, 1941969, 2017, 0, 0
15775, 25, 461, 744, 3, 0, 3.08%, 0, 0, 15, 127.31, 1942630, 2017, 0, 0
15780, 25, 549, 744, 3, 0, 3.08%, 0, 0, 15, 131.08, 1943303, 2017, 0, 0
15785, 25, 741, 744, 3, 0, 3.08%, 0, 0, 15, 104.26, 1944110, 2017, 0, 0
15790, 25, 449, 744, 3, 0, 3.08%, 0, 0, 15, 121.69, 1944755, 2017, 0, 0
15795, 25, 466, 744, 3, 0, 3.08%, 0, 0, 15, 121.36, 1945387, 2017, 0, 0
15800, 25, 693, 744, 3, 0, 3.08%, 0, 0, 15, 123.03, 1946020, 2017, 0, 0
15805, 25, 457, 744, 3, 0, 3.08%, 0, 0, 15, 107.01, 1946553, 2017, 0, 0
15810, 25, 198, 744, 3, 0, 3.08%, 0, 0, 15, 114.12, 1947105, 2017, 0, 0
15810, 25, 571, 744, 3, 0, 3.08%, 0, 0, 15, 0.00, 1947343, 2017, 0, 0
15816, 25, 166, 744, 3, 0, 3.08%, 0, 0, 15, 99.84, 1947859, 2017, 0, 0
15821, 25, 534, 744, 3, 0, 3.08%, 0, 0, 15, 104.53, 1948386, 2017, 0, 0
15826, 25, 450, 744, 3, 0, 3.08%, 0, 0, 15, 107.44, 1948933, 2017, 0, 0
15831, 25, 520, 744, 3, 0, 3.08%, 0, 0, 15, 128.91, 1949601, 2017, 0, 0
15836, 25, 645, 744, 3, 0, 3.08%, 0, 0, 15, 120.01, 1950223, 2017, 0, 0
15841, 25, 634, 744, 3, 0, 3.08%, 0, 0, 15, 130.41, 1951121, 2017, 0, 0
15846, 25, 549, 744, 3, 0, 3.08%, 0, 0, 15, 120.11, 1951690, 2017, 0, 0
15851, 25, 466, 744, 3, 0, 3.08%, 0, 0, 15, 130.30, 1952349, 2017, 0, 0
15856, 25, 228, 744, 3, 0, 3.08%, 0, 0, 15, 109.29, 1952920, 2017, 0, 0
15861, 25, 75, 744, 3, 0, 3.08%, 0, 0, 15, 118.48, 1953530, 2017, 0, 0
15866, 25, 239, 744, 3, 0, 3.08%, 0, 0, 15, 110.33, 1954098, 2017, 0, 0
15872, 25, 177, 744, 3, 0, 3.08%, 0, 0, 15, 103.39, 1954860, 2017, 0, 0
15877, 25, 405, 744, 3, 0, 3.08%, 0, 0, 15, 116.58, 1955448, 2017, 0, 0
15882, 25, 454, 744, 2, 0, 3.08%, 0, 0, 15, 129.32, 1956138, 2017, 0, 0
15887, 25, 65, 744, 2, 0, 3.08%, 0, 0, 15, 120.06, 1956757, 2017, 0, 0
15892, 25, 313, 744, 2, 0, 3.08%, 0, 0, 15, 125.28, 1957419, 2017, 0, 0
15897, 25, 671, 744, 2, 0, 3.08%, 0, 0, 15, 128.50, 1958279, 2017, 0, 0
15902, 25, 464, 744, 2, 0, 3.08%, 0, 0, 15, 125.45, 1958936, 2017, 0, 0
15907, 25, 606, 744, 2, 0, 3.08%, 0, 0, 15, 126.80, 1959558, 2017, 0, 0
15912, 25, 651, 744, 2, 0, 3.08%, 0, 0, 15, 133.26, 1960231, 2017, 0, 0
15918, 25, 217, 744, 2, 0, 3.08%, 0, 0, 15, 135.76, 1960926, 2017, 0, 0
15923, 25, 158, 744, 2, 0, 3.08%, 0, 0, 15, 132.55, 1961604, 2017, 0, 0
15928, 25, 671, 744, 2, 0, 3.08%, 0, 0, 15, 103.47, 1962359, 2017, 0, 0
15933, 25, 741, 744, 2, 0, 3.08%, 0, 0, 15, 102.31, 1962891, 2017, 0, 0
15938, 25, 549, 744, 2, 0, 3.08%, 0, 0, 15, 98.03, 1963365, 2017, 0, 0
15943, 25, 490, 744, 2, 0, 3.08%, 0, 0, 15, 110.73, 1963935, 2017, 0, 0
15948, 25, 651, 744, 2, 0, 3.08%, 0, 0, 15, 105.47, 1964449, 2017, 0, 0
15953, 25, 219, 744, 2, 0, 3.08%, 0, 0, 15, 122.73, 1965321, 2017, 0, 0
15958, 25, 457, 744, 2, 0, 3.08%, 0, 0, 15, 123.77, 1965931, 2017, 0, 0
15963, 25, 638, 744, 2, 0, 3.08%, 0, 0, 15, 121.32, 1966551, 2017, 0, 0
15969, 25, 527, 744, 2, 0, 3.08%, 0, 0, 15, 126.40, 1967205, 2017, 0, 0
15974, 25, 292, 744, 2, 0, 3.08%, 0, 0, 15, 124.83, 1967827, 2017, 0, 0
15979, 25, 739, 744, 2, 0, 3.08%, 0, 0, 15, 121.89, 1968415, 2017, 0, 0
15984, 25, 739, 745, 3, 0, 3.08%, 0, 0, 15, 111.61, 1969236, 2017, 0, 0
15989, 25, 728, 745, 3, 0, 3.08%, 0, 0, 15, 121.46, 1969859, 2017, 0, 0
15994, 25, 740, 745, 3, 0, 3.08%, 0, 0, 15, 116.18, 1970469, 2017, 0, 0
15999, 25, 678, 745, 2, 0, 3.08%, 0, 0, 15, 117.00, 1971027, 2017, 0, 0
16004, 25, 466, 745, 2, 0, 3.08%, 0, 0, 15, 122.55, 1971690, 2017, 0, 0
16009, 25, 128, 745, 2, 0, 3.08%, 0, 0, 15, 138.46, 1972612, 2017, 0, 0
16014, 25, 744, 748, 5, 0, 3.08%, 0, 0, 15, 116.74, 1973195, 2017, 0, 0
16019, 25, 744, 748, 5, 0, 3.08%, 0, 0, 15, 107.75, 1973745, 2017, 0, 0
16025, 25, 744, 748, 5, 0, 3.08%, 0, 0, 15, 105.51, 1974261, 2017, 0, 0
16030, 25, 744, 749, 6, 0, 3.08%, 0, 0, 15, 120.52, 1974900, 2017, 0, 0
16035, 25, 744, 749, 6, 0, 3.08%, 0, 0, 15, 124.30, 1975566, 2017, 0, 0
16040, 25, 744, 749, 6, 0, 3.08%, 0, 0, 15, 108.75, 1976400, 2017, 0, 0
16045, 25, 744, 749, 6, 0, 3.08%, 0, 0, 15, 104.83, 1976930, 2017, 0, 0
16050, 25, 744, 749, 6, 0, 3.08%, 0, 0, 15, 122.64, 1977578, 2017, 0, 0
16056, 25, 248, 749, 5, 0, 3.08%, 0, 0, 15, 118.18, 1978186, 2017, 0, 0
16061, 25, 749, 750, 6, 1, 3.08%, 0, 0, 15, 129.05, 1978870, 2018, 0, 0
16066, 25, 206, 750, 5, 0, 3.08%, 0, 0, 15, 96.22, 1979674, 2018, 0, 0
16071, 25, 232, 750, 5, 0, 3.08%, 0, 0, 15, 103.63, 1980197, 2018, 0, 0
16076, 25, 129, 750, 5, 0, 3.08%, 0, 0, 15, 126.21, 1980868, 2018, 0, 0
16081, 25, 89, 750, 5, 0, 3.08%, 0, 0, 15, 129.54, 1981548, 2018, 0, 0
16086, 25, 745, 750, 5, 0, 3.08%, 0, 0, 15, 128.10, 1982191, 2018, 0, 0
16092, 25, 262, 750, 4, 0, 3.08%, 0, 0, 15, 129.75, 1982870, 2018, 0, 0
16092, 25, 746, 750, 4, 0, 3.08%, 0, 0, 15, 0.00, 1983087, 2018, 0, 0
16097, 25, 265, 750, 3, 0, 3.08%, 0, 0, 15, 125.47, 1983741, 2018, 0, 0
16102, 25, 184, 750, 3, 0, 3.08%, 0, 0, 15, 126.12, 1984409, 2018, 0, 0
16107, 25, 582, 750, 3, 0, 3.08%, 0, 0, 15, 107.80, 1984951, 2018, 0, 0
16112, 25, 78, 750, 3, 0, 3.08%, 0, 0, 15, 118.24, 1985564, 2018, 0, 0
16117, 25, 748, 750, 3, 0, 3.08%, 0, 0, 15, 118.22, 1986167, 2018, 0, 0
16122, 25, 748, 751, 4, 0, 3.08%, 0, 0, 15, 120.14, 1987060, 2018, 0, 0
16127, 25, 490, 751, 3, 0, 3.08%, 0, 0, 15, 102.35, 1987528, 2018, 0, 0
16132, 25, 129, 752, 4, 0, 3.08%, 0, 0, 15, 120.55, 1988141, 2018, 0, 0
16137, 25, 582, 752, 4, 0, 3.08%, 0, 0, 15, 122.95, 1988742, 2018, 0, 0
16143, 25, 457, 752, 4, 0, 3.08%, 0, 0, 15, 131.79, 1989436, 2018, 0, 0
16148, 25, 67, 752, 4, 0, 3.08%, 0, 0, 15, 113.91, 1990020, 2018, 0, 0
16148, 25, 76, 752, 4, 0, 3.08%, 0, 0, 15, 0.00, 1990209, 2018, 0, 0
16153, 25, 20, 752, 4, 0, 3.08%, 0, 0, 15, 114.07, 1990799, 2018, 0, 0
16158, 25, 120, 752, 4, 0, 3.08%, 0, 0, 15, 125.55, 1991461, 2018, 0, 0
16163, 25, 243, 752, 4, 0, 3.08%, 0, 0, 15, 119.95, 1992067, 2018, 0, 0
16168, 25, 531, 752, 4, 0, 3.08%, 0, 0, 15, 127.13, 1992719, 2018, 0, 0
16174, 25, 198, 752, 4, 0, 3.08%, 0, 0, 15, 128.26, 1993395, 2018, 0, 0
16179, 25, 750, 752, 4, 0, 3.08%, 0, 0, 15, 117.93, 1994232, 2018, 0, 0
16184, 25, 750, 752, 4, 0, 3.08%, 0, 0, 15, 120.74, 1994871, 2018, 0, 0
16189, 25, 705, 752, 3, 0, 3.08%, 0, 0, 15, 124.72, 1995499, 2018, 0, 0
16194, 25, 219, 752, 3, 0, 3.08%, 0, 0, 15, 123.71, 1996153, 2018, 0, 0
16199, 25, 685, 752, 3, 0, 3.08%, 0, 0, 15, 128.15, 1996787, 2018, 0, 0
16204, 25, 140, 752, 3, 0, 3.08%, 0, 0, 15, 127.27, 1997429, 2018, 0, 0
16204, 25, 579, 752, 3, 0, 3.08%, 0, 0, 15, 0.00, 1997620, 2018, 0, 0
16209, 25, 749, 752, 3, 0, 3.08%, 0, 0, 15, 109.97, 1998189, 2018, 0, 0
16214, 25, 656, 752, 3, 0, 3.08%, 0, 0, 15, 117.41, 1998804, 2018, 0, 0
16219, 25, 606, 752, 3, 0, 3.08%, 0, 0, 15, 116.57, 1999388, 2018, 0, 0
16225, 25, 154, 752, 3, 0, 3.08%, 0, 0, 15, 127.57, 2000065, 2018, 0, 0
16230, 25, 609, 752, 3, 0, 3.08%, 0, 0, 15, 127.75, 2000727, 2018, 0, 0
16235, 25, 154, 752, 3, 0, 3.08%, 0, 0, 15, 112.78, 2001622, 2018, 0, 0
16240, 25, 746, 753, 4, 0, 3.08%, 0, 0, 15, 122.99, 2002292, 2021, 0, 0
16245, 25, 454, 753, 3, 0, 3.08%, 0, 0, 15, 122.59, 2002908, 2021, 0, 0
16250, 25, 491, 753, 3, 0, 3.08%, 0, 0, 15, 128.94, 2003558, 2021, 0, 0
16255, 25, 531, 753, 3, 0, 3.08%, 0, 0, 15, 129.88, 2004232, 2021, 0, 0
16261, 25, 466, 753, 3, 0, 3.08%, 0, 0, 15, 123.30, 2004867, 2021, 0, 0
16260, 25, 239, 753, 3, 0, 3.08%, 0, 0, 15, 0.00, 2005069, 2021, 0, 0
16265, 25, 636, 753, 3, 0, 3.08%, 0, 0, 15, 122.89, 2005699, 2021, 0, 0
16270, 25, 693, 753, 3, 0, 3.08%, 0, 0, 15, 115.84, 2006286, 2021, 0, 0
16275, 25, 130, 753, 3, 0, 3.08%, 0, 0, 15, 108.14, 2006811, 2021, 0, 0
16280, 25, 490, 753, 3, 0, 3.08%, 0, 0, 15, 125.65, 2007498, 2021, 0, 0
16286, 25, 136, 753, 3, 0, 3.08%, 0, 0, 15, 121.61, 2008144, 2021, 0, 0
16291, 25, 609, 753, 3, 0, 3.08%, 0, 0, 15, 122.09, 2009040, 2021, 0, 0
16296, 25, 547, 753, 3, 0, 3.08%, 0, 0, 15, 114.29, 2009610, 2021, 0, 0
16301, 25, 751, 753, 3, 0, 3.08%, 0, 0, 15, 109.00, 2010204, 2021, 0, 0
16306, 25, 751, 754, 4, 0, 3.08%, 0, 0, 15, 108.15, 2010741, 2021, 0, 0
16311, 25, 751, 755, 5, 0, 3.08%, 0, 0, 15, 118.76, 2011376, 2021, 0, 0
16316, 25, 751, 755, 5, 0, 3.08%, 0, 0, 15, 117.63, 2011974, 2021, 0, 0
16316, 25, 751, 755, 5, 0, 3.08%, 0, 0, 15, 0.00, 2012183, 2021, 0, 0
16321, 25, 450, 755, 4, 0, 3.08%, 0, 0, 15, 124.41, 2012814, 2021, 0, 0
16327, 25, 167, 755, 4, 0, 3.08%, 0, 0, 15, 130.47, 2013487, 2021, 0, 0
16332, 25, 313, 756, 5, 0, 3.08%, 0, 0, 15, 126.56, 2014114, 2021, 0, 0
16337, 25, 565, 756, 5, 0, 3.08%, 0, 0, 15, 125.17, 2014757, 2021, 0, 0
16342, 25, 216, 756, 5, 0, 3.08%, 0, 0, 15, 130.38, 2015434, 2021, 0, 0
16347, 25, 336, 756, 5, 0, 3.08%, 0, 0, 15, 117.16, 2016342, 2021, 0, 0
16352, 25, 742, 756, 5, 0, 3.08%, 0, 0, 15, 122.01, 2016996, 2021, 0, 0
16357, 25, 755, 756, 4, 0, 3.08%, 0, 0, 15, 110.89, 2017527, 2021, 0, 0
16362, 25, 468, 756, 3, 0, 3.08%, 0, 0, 15, 126.21, 2018159, 2021, 0, 0
16367, 25, 530, 756, 3, 0, 3.08%, 0, 0, 15, 125.84, 2018779, 2021, 0, 0
16372, 25, 198, 756, 3, 0, 3.08%, 0, 0, 15, 131.16, 2019440, 2021, 0, 0
16377, 25, 217, 756, 3, 0, 3.08%, 0, 0, 15, 100.50, 2020181, 2021, 0, 0
16383, 26, 213, 756, 3, 0, 3.08%, 0, 0, 15, 116.47, 2020769, 2021, 0, 0
16388, 26, 685, 756, 2, 0, 3.08%, 0, 0, 15, 113.63, 2021314, 2021, 0, 0
16393, 26, 448, 756, 2, 0, 3.08%, 0, 0, 15, 121.84, 2021943, 2021, 0, 0
16398, 26, 440, 756, 2, 0, 3.08%, 0, 0, 15, 114.85, 2022514, 2021, 0, 0
16403, 26, 232, 756, 2, 0, 3.08%, 0, 0, 15, 125.34, 2023352, 2021, 0, 0
16408, 26, 582, 756, 2, 0, 3.08%, 0, 0, 15, 108.13, 2023868, 2021, 0, 0
16413, 26, 656, 756, 2, 0, 3.08%, 0, 0, 15, 111.58, 2024456, 2021, 0, 0
16418, 26, 206, 756, 2, 0, 3.08%, 0, 0, 15, 120.03, 2025068, 2021, 0, 0
16423, 26, 140, 756, 2, 0, 3.08%, 0, 0, 15, 122.67, 2025692, 2021, 0, 0
16428, 26, 490, 756, 2, 0, 3.08%, 0, 0, 15, 124.88, 2026337, 2021, 0, 0
16433, 26, 232, 756, 2, 0, 3.08%, 0, 0, 15, 124.79, 2027204, 2021, 0, 0
16439, 26, 262, 756, 2, 0, 3.08%, 0, 0, 15, 130.00, 2027884, 2021, 0, 0
16444, 26, 375, 756, 2, 0, 3.08%, 0, 0, 15, 125.94, 2028550, 2021, 0, 0
16449, 26, 520, 756, 2, 0, 3.08%, 0, 0, 15, 113.10, 2029096, 2021, 0, 0
16454, 26, 752, 757, 3, 0, 3.08%, 0, 0, 15, 120.76, 2029709, 2021, 0, 0
16459, 26, 752, 757, 3, 0, 3.08%, 0, 0, 15, 119.16, 2030519, 2021, 0, 0
16464, 26, 280, 757, 3, 0, 3.08%, 0, 0, 15, 118.12, 2031154, 2021, 0, 0
16469, 26, 216, 757, 3, 0, 3.08%, 0, 0, 15, 107.61, 2031671, 2021, 0, 0
16474, 26, 727, 757, 3, 0, 3.08%, 0, 0, 15, 101.66, 2032185, 2021, 0, 0
16479, 26, 451, 757, 3, 0, 3.08%, 0, 0, 15, 119.23, 2032799, 2021, 0, 0
16485, 26, 242, 757, 3, 0, 3.08%, 0, 0, 15, 124.87, 2033461, 2021, 0, 0
16490, 26, 579, 757, 3, 0, 3.08%, 0, 0, 15, 119.92, 2034331, 2021, 0, 0
16495, 26, 248, 757, 3, 0, 3.08%, 0, 0, 15, 116.50, 2034937, 2021, 0, 0
16500, 26, 101, 757, 3, 0, 3.08%, 0, 0, 15, 118.58, 2035501, 2021, 0, 0
16505, 26, 728, 757, 3, 0, 3.08%, 0, 0, 15, 124.11, 2036161, 2021, 0, 0
16510, 26, 472, 757, 3, 0, 3.08%, 0, 0, 15, 125.08, 2036811, 2021, 0, 0
16515, 26, 457, 757, 3, 0, 3.08%, 0, 0, 15, 119.72, 2037655, 2021, 0, 0
16520, 26, 490, 757, 3, 0, 3.08%, 0, 0, 15, 131.21, 2038311, 2021, 0, 0
16525, 26, 206, 757, 3, 0, 3.08%, 0, 0, 15, 124.96, 2038963, 2021, 0, 0
16531, 26, 140, 757, 3, 0, 3.08%, 0, 0, 15, 126.01, 2039623, 2021, 0, 0
16536, 26, 239, 757, 3, 0, 3.08%, 0, 0, 15, 114.68, 2040219, 2021, 0, 0
16541, 26, 678, 757, 3, 0, 3.08%, 0, 0, 15, 123.38, 2040851, 2021, 0, 0
16546, 26, 619, 757, 3, 0, 3.08%, 0, 0, 15, 103.76, 2041644, 2021, 0, 0
16551, 26, 753, 757, 3, 0, 3.08%, 0, 0, 15, 125.50, 2042310, 2021, 0, 0
16556, 26, 753, 757, 3, 0, 3.08%, 0, 0, 15, 118.93, 2042897, 2021, 0, 0
16561, 26, 165, 757, 2, 0, 3.08%, 0, 0, 15, 127.93, 2043543, 2021, 0, 0
16566, 26, 612, 757, 2, 0, 3.08%, 0, 0, 15, 115.59, 2044136, 2021, 0, 0
16572, 26, 532, 757, 2, 0, 3.08%, 0, 0, 15, 114.50, 2045059, 2021, 0, 0
16577, 26, 124, 757, 2, 0, 3.08%, 0, 0, 15, 102.80, 2045589, 2021, 0, 0
16582, 26, 492, 757, 2, 0, 3.08%, 0, 0, 15, 104.97, 2046119, 2021, 0, 0
16587, 26, 167, 757, 2, 0, 3.08%, 0, 0, 15, 107.00, 2046685, 2021, 0, 0
16592, 26, 166, 757, 2, 0, 3.08%, 0, 0, 15, 124.18, 2047335, 2021, 0, 0
16597, 26, 207, 757, 2, 0, 3.08%, 0, 0, 15, 104.01, 2047850, 2021, 0, 0
16602, 26, 239, 757, 2, 0, 3.08%, 0, 0, 15, 124.76, 2048655, 2021, 0, 0
16607, 26, 166, 757, 2, 0, 3.08%, 0, 0, 15, 108.56, 2049173, 2021, 0, 0
16612, 26, 158, 757, 2, 0, 3.08%, 0, 0, 15, 125.22, 2049840, 2021, 0, 0
16617, 26, 645, 757, 2, 0, 3.08%, 0, 0, 15, 127.62, 2050485, 2021, 0, 0
16623, 26, 698, 757, 2, 0, 3.08%, 0, 0, 15, 128.35, 2051143, 2021, 0, 0
16628, 26, 450, 757, 2, 0, 3.08%, 0, 0, 15, 111.56, 2052021, 2021, 0, 0
16633, 26, 727, 757, 2, 0, 3.08%, 0, 0, 15, 122.28, 2052665, 2021, 0, 0
16638, 26, 313, 757, 2, 0, 3.08%, 0, 0, 15, 109.24, 2053205, 2021, 0, 0
16643, 26, 462, 757, 2, 0, 3.08%, 0, 0, 15, 109.45, 2053747, 2021, 0, 0
16648, 26, 579, 757, 2, 0, 3.08%, 0, 0, 15, 110.80, 2054289, 2021, 0, 0
16653, 26, 124, 757, 2, 0, 3.08%, 0, 0, 15, 126.57, 2054969, 2021, 0, 0
16658, 26, 638, 757, 2, 0, 3.08%, 0, 0, 15, 116.42, 2055815, 2021, 0, 0
16663, 26, 140, 757, 2, 0, 3.08%, 0, 0, 15, 125.54, 2056493, 2021, 0, 0
16669, 26, 464, 757, 2, 0, 3.08%, 0, 0, 15, 130.25, 2057164, 2021, 0, 0
16674, 26, 121, 757, 2, 0, 3.08%, 0, 0, 15, 130.39, 2057842, 2021, 0, 0
16679, 26, 52, 757, 2, 0, 3.08%, 0, 0, 15, 104.82, 2058346, 2021, 0, 0
16684, 26, 571, 757, 2, 0, 3.08%, 0, 0, 15, 109.17, 2059203, 2021, 0, 0
16689, 26, 754, 758, 3, 0, 3.08%, 0, 0, 15, 113.71, 2059759, 2021, 0, 0
16694, 26, 754, 758, 3, 0, 3.08%, 0, 0, 15, 119.48, 2060393, 2021, 0, 0
16700, 26, 405, 758, 2, 0, 3.08%, 0, 0, 15, 130.54, 2061077, 2021, 0, 0
16705, 26, 538, 758, 2, 0, 3.08%, 0, 0, 15, 29.73, 2061658, 2021, 0, 0
16710, 26, 33, 758, 2, 0, 3.08%, 0, 0, 15, 91.51, 2062224, 2021, 0, 0
16715, 26, 38, 758, 2, 0, 3.08%, 0, 0, 15, 116.70, 2063059, 2021, 0, 0
16720, 26, 466, 758, 2, 0, 3.08%, 0, 0, 15, 131.13, 2063748, 2021, 0, 0
16725, 26, 675, 758, 2, 0, 3.08%, 0, 0, 15, 128.56, 2064400, 2021, 0, 0
16730, 26, 549, 758, 2, 0, 3.08%, 0, 0, 15, 108.91, 2064939, 2021, 0, 0
16735, 26, 135, 758, 2, 0, 3.08%, 0, 0, 15, 121.87, 2065573, 2021, 0, 0
16740, 26, 461, 758, 2, 0, 3.08%, 0, 0, 15, 115.29, 2066441, 2021, 0, 0
16745, 26, 520, 758, 2, 0, 3.08%, 0, 0, 15, 122.88, 2067093, 2021, 0, 0
16751, 26, 579, 758, 2, 0, 3.08%, 0, 0, 15, 133.22, 2067786, 2021, 0, 0
16756, 26, 62, 758, 2, 0, 3.08%, 0, 0, 15, 126.06, 2068446, 2021, 0, 0
16761, 26, 198, 758, 2, 0, 3.08%, 0, 0, 15, 127.20, 2069100, 2021, 0, 0
16766, 26, 466, 758, 2, 0, 3.08%, 0, 0, 15, 120.95, 2069724, 2021, 0, 0
16766, 26, 248, 758, 2, 0, 3.08%, 0, 0, 15, 0.00, 2069912, 2021, 0, 0
16771, 26, 679, 758, 2, 0, 3.08%, 0, 0, 15, 118.52, 2070503, 2021, 0, 0
16776, 26, 150, 758, 2, 0, 3.08%, 0, 0, 15, 119.24, 2071115, 2021, 0, 0
16781, 26, 757, 758, 2, 0, 3.08%, 0, 0, 15, 127.80, 2071793, 2021, 0, 0
16786, 26, 757, 759, 3, 0, 3.08%, 0, 0, 16, 109.73, 2072340, 2021, 0, 0
16791, 26, 757, 759, 3, 0, 3.08%, 0, 0, 16, 118.79, 2072924, 2021, 0, 0
16796, 26, 569, 759, 2, 0, 3.08%, 0, 0, 16, 108.57, 2073768, 2021, 0, 0
16802, 26, 165, 759, 2, 0, 3.08%, 0, 0, 16, 129.73, 2074460, 2021, 0, 0
16807, 26, 165, 759, 2, 0, 3.08%, 0, 0, 16, 122.63, 2075079, 2021, 0, 0
16812, 26, 78, 759, 2, 0, 3.08%, 0, 0, 16, 128.20, 2075728, 2021, 0, 0
16817, 26, 366, 759, 2, 0, 3.08%, 0, 0, 16, 118.07, 2076328, 2021, 0, 0
16822, 26, 728, 759, 2, 0, 3.08%, 0, 0, 16, 119.51, 2076930, 2021, 0, 0
16827, 26, 341, 759, 2, 0, 3.08%, 0, 0, 16, 114.37, 2077703, 2021, 0, 0
16832, 26, 274, 759, 2, 0, 3.08%, 0, 0, 16, 120.81, 2078329, 2021, 0, 0
16837, 26, 140, 759, 2, 0, 3.08%, 0, 0, 16, 124.91, 2078945, 2021, 0, 0
16842, 26, 452, 759, 2, 0, 3.08%, 0, 0, 16, 130.95, 2079634, 2021, 0, 0
16847, 26, 242, 759, 2, 0, 3.08%, 0, 0, 16, 117.71, 2080245, 2021, 0, 0
16852, 26, 207, 759, 2, 0, 3.08%, 0, 0, 16, 117.68, 2081146, 2021, 0, 0
16857, 26, 372, 759, 2, 0, 3.08%, 0, 0, 16, 126.72, 2081801, 2021, 0, 0
16863, 26, 549, 759, 2, 0, 3.08%, 0, 0, 16, 128.49, 2082472, 2021, 0, 0
16868, 26, 678, 759, 2, 0, 3.08%, 0, 0, 16, 131.27, 2083142, 2021, 0, 0
16873, 26, 229, 759, 2, 0, 3.08%, 0, 0, 16, 132.57, 2083822, 2021, 0, 0
16878, 26, 440, 759, 2, 0, 3.08%, 0, 0, 16, 123.09, 2084457, 2021, 0, 0
16883, 26, 758, 759, 2, 0, 3.08%, 0, 0, 16, 123.00, 2085324, 2021, 0, 0
16888, 26, 463, 759, 1, 0, 3.08%, 0, 0, 16, 120.75, 2085924, 2021, 0, 0
16894, 26, 203, 759, 1, 0, 3.08%, 0, 0, 16, 111.79, 2086528, 2021, 0, 0
16899, 26, 567, 759, 1, 0, 3.08%, 0, 0, 16, 107.44, 2087064, 2021, 0, 0
16904, 26, 137, 759, 1, 0, 3.08%, 0, 0, 16, 107.29, 2087612, 2021, 0, 0
16909, 26, 607, 759, 1, 0, 3.08%, 0, 0, 16, 127.92, 2088399, 2021, 0, 0
16914, 26, 248, 759, 1, 0, 3.08%, 0, 0, 16, 126.82, 2089073, 2021, 0, 0
16919, 26, 174, 759, 1, 0, 3.08%, 0, 0, 16, 128.42, 2089744, 2021, 0, 0
16924, 26, 651, 759, 1, 0, 3.08%, 0, 0, 16, 127.06, 2090420, 2021, 0, 0
16930, 26, 638, 759, 1, 0, 3.08%, 0, 0, 16, 119.41, 2091039, 2021, 0, 0
16935, 26, 235, 759, 1, 0, 3.08%, 0, 0, 16, 122.40, 2091685, 2021, 0, 0
16935, 26, 465, 759, 1, 0, 3.08%, 0, 0, 16, 0.00, 2091891, 2021, 0, 0
16940, 26, 678, 759, 1, 0, 3.08%, 0, 0, 16, 115.87, 2092503, 2021, 0, 0
16945, 26, 448, 759, 1, 0, 3.08%, 0, 0, 16, 120.01, 2093133, 2021, 0, 0
16950, 26, 207, 759, 1, 0, 3.08%, 0, 0, 16, 123.90, 2093732, 2021, 0, 0
16955, 26, 443, 759, 1, 0, 3.08%, 0, 0, 16, 122.45, 2094369, 2021, 0, 0
16960, 26, 229, 759, 1, 0, 3.08%, 0, 0, 16, 124.02, 2094975, 2021, 0, 0
16965, 26, 727, 759, 1, 0, 3.08%, 0, 0, 16, 91.66, 2095791, 2021, 0, 0
16970, 26, 136, 759, 1, 0, 3.08%, 0, 0, 16, 110.87, 2096366, 2021, 0, 0
16975, 26, 652, 759, 1, 0, 3.08%, 0, 0, 16, 122.76, 2097018, 2021, 0, 0
16980, 26, 194, 759, 1, 0, 3.08%, 0, 0, 16, 128.63, 2097655, 2021, 0, 0
16985, 26, 468, 759, 1, 0, 3.08%, 0, 0, 16, 125.79, 2098324, 2021, 0, 0
16991, 26, 461, 759, 1, 0, 3.08%, 0, 0, 16, 133.19, 2099018, 2021, 0, 0
16996, 26, 756, 759, 1, 0, 3.08%, 0, 0, 16, 109.75, 2099827, 2021, 0, 0
17001, 26, 756, 759, 1, 0, 3.08%, 0, 0, 16, 107.65, 2100361, 2021, 0, 0
17006, 26, 144, 759, 0, 0, 3.08%, 0, 0, 16, 121.10, 2100985, 2021, 0, 0
17011, 26, 194, 759, 0, 0, 3.08%, 0, 0, 16, 129.49, 2101661, 2021, 0, 0
17016, 26, 190, 759, 0, 0, 3.08%, 0, 0, 16, 117.69, 2102242, 2021, 0, 0
17021, 26, 207, 759, 0, 0, 3.08%, 0, 0, 16, 119.26, 2103136, 2021, 0, 0
17026, 26, 283, 759, 0, 0, 3.08%, 0, 0, 16, 116.84, 2103740, 2021, 0, 0
17031, 26, 203, 759, 0, 0, 3.08%, 0, 0, 16, 125.64, 2104384, 2021, 0, 0
17036, 26, 219, 759, 0, 0, 3.08%, 0, 0, 16, 123.89, 2105019, 2021, 0, 0
17042, 27, 492, 759, 0, 0, 3.08%, 0, 0, 16, 127.62, 2105683, 2021, 0, 0
17047, 27, 671, 759, 0, 0, 3.08%, 0, 0, 16, 124.18, 2106319, 2021, 0, 0
17052, 27, 137, 759, 0, 0, 3.08%, 0, 0, 16, 135.74, 2107232, 2021, 0, 0
17057, 27, 216, 759, 0, 0, 3.08%, 0, 0, 16, 119.35, 2107838, 2021, 0, 0
17062, 27, 235, 759, 0, 0, 3.08%, 0, 0, 16, 121.95, 2108478, 2021, 0, 0
17067, 27, 253, 759, 0, 0, 3.08%, 0, 0, 16, 111.64, 2109041, 2021, 0, 0
17072, 27, 148, 759, 0, 0, 3.08%, 0, 0, 16, 123.55, 2109713, 2021, 0, 0
17077, 27, 39, 759, 0, 0, 3.08%, 0, 0, 16, 114.67, 2110496, 2021, 0, 0
17082, 27, 305, 759, 0, 0, 3.08%, 0, 0, 16, 126.46, 2111176, 2021, 0, 0
17087, 27, 442, 759, 0, 0, 3.08%, 0, 0, 16, 122.27, 2111764, 2021, 0, 0
17093, 27, 462, 759, 0, 0, 3.08%, 0, 0, 16, 125.20, 2112406, 2021, 0, 0
17098, 27, 239, 759, 0, 0, 3.08%, 0, 0, 16, 128.13, 2113059, 2021, 0, 0
17103, 27, 248, 759, 0, 0, 3.08%, 0, 0, 16, 132.71, 2113755, 2021, 0, 0
17108, 27, 119, 759, 0, 0, 3.08%, 0, 0, 16, 120.87, 2114609, 2021, 0, 0
17113, 27, 520, 759, 0, 0, 3.08%, 0, 0, 16, 128.99, 2115288, 2021, 0, 0
17118, 27, 448, 760, 1, 0, 3.08%, 0, 0, 16, 117.19, 2115867, 2021, 0, 0
17124, 27, 666, 760, 1, 0, 3.08%, 0, 0, 16, 121.66, 2116491, 2021, 0, 0
17129, 27, 229, 760, 1, 0, 3.08%, 0, 0, 16, 106.15, 2117009, 2021, 0, 0
17134, 27, 651, 760, 1, 0, 3.08%, 0, 0, 16, 108.69, 2117828, 2021, 0, 0
17139, 27, 759, 760, 1, 0, 3.08%, 0, 0, 16, 116.44, 2118445, 2021, 0, 0
17144, 27, 534, 760, 0, 0, 3.08%, 0, 0, 16, 118.33, 2119071, 2021, 0, 0
17149, 27, 529, 760, 0, 0, 3.08%, 0, 0, 16, 123.08, 2119714, 2021, 0, 0
17154, 27, 500, 760, 0, 0, 3.08%, 0, 0, 16, 125.98, 2120369, 2021, 0, 0
17160, 27, 120, 760, 0, 0, 3.08%, 0, 0, 16, 132.58, 2121050, 2021, 0, 0
17159, 27, 685, 760, 0, 0, 3.08%, 0, 0, 16, 0.00, 2121241, 2021, 0, 0
17164, 27, 656, 760, 0, 0, 3.08%, 0, 0, 16, 123.29, 2121891, 2021, 0, 0
17169, 27, 261, 760, 0, 0, 3.08%, 0, 0, 16, 125.88, 2122548, 2021, 0, 0
17175, 27, 549, 760, 0, 0, 3.08%, 0, 0, 16, 124.81, 2123200, 2021, 0, 0
17180, 27, 532, 760, 0, 0, 3.08%, 0, 0, 16, 126.82, 2123854, 2021, 0, 0
17185, 27, 645, 760, 0, 0, 3.08%, 0, 0, 16, 125.04, 2124508, 2021, 0, 0
17190, 27, 198, 760, 0, 0, 3.08%, 0, 0, 16, 125.42, 2125392, 2021, 0, 0
17195, 27, 420, 760, 0, 0, 3.08%, 0, 0, 16, 125.71, 2126043, 2021, 0, 0
17201, 27, 609, 760, 0, 0, 3.08%, 0, 0, 16, 128.59, 2126710, 2021, 0, 0
17206, 27, 405, 760, 0, 0, 3.08%, 0, 0, 16, 127.18, 2127366, 2021, 0, 0
17211, 27, 70, 760, 0, 0, 3.08%, 0, 0, 16, 129.88, 2128041, 2021, 0, 0
17216, 27, 224, 760, 0, 0, 3.08%, 0, 0, 16, 118.61, 2128668, 2021, 0, 0
17215, 27, 165, 760, 0, 0, 3.08%, 0, 0, 16, 0.00, 2128822, 2021, 0, 0
17220, 27, 243, 760, 0, 0, 3.08%, 0, 0, 16, 128.18, 2129477, 2021, 0, 0
17225, 27, 235, 760, 0, 0, 3.08%, 0, 0, 16, 127.38, 2130139, 2021, 0, 0
17231, 27, 746, 760, 0, 0, 3.08%, 0, 0, 16, 130.96, 2130795, 2021, 0, 0
17236, 27, 549, 760, 0, 0, 3.08%, 0, 0, 16, 122.09, 2131406, 2021, 0, 0
17241, 27, 35, 760, 0, 0, 3.08%, 0, 0, 16, 129.35, 2132082, 2021, 0, 0
17246, 27, 120, 760, 0, 0, 3.08%, 0, 0, 16, 125.91, 2132961, 2021, 0, 0
17251, 27, 678, 760, 0, 0, 3.08%, 0, 0, 16, 128.63, 2133607, 2021, 0, 0
17256, 27, 366, 760, 0, 0, 3.08%, 0, 0, 16, 124.20, 2134229, 2021, 0, 0
17261, 27, 216, 760, 0, 0, 3.08%, 0, 0, 16, 129.26, 2134881, 2021, 0, 0
17266, 27, 727, 760, 0, 0, 3.08%, 0, 0, 16, 127.08, 2135537, 2021, 0, 0
17271, 27, 561, 760, 0, 0, 3.08%, 0, 0, 16, 128.61, 2136211, 2021, 0, 0
17276, 27, 579, 760, 0, 0, 3.08%, 0, 0, 16, 124.79, 2137127, 2021, 0, 0
17281, 27, 262, 760, 0, 0, 3.08%, 0, 0, 16, 129.72, 2137801, 2021, 0, 0
17287, 27, 142, 760, 0, 0, 3.08%, 0, 0, 16, 127.01, 2138441, 2021, 0, 0
17292, 27, 140, 760, 0, 0, 3.08%, 0, 0, 16, 127.99, 2139094, 2021, 0, 0
17297, 27, 527, 760, 0, 0, 3.08%, 0, 0, 16, 126.42, 2139762, 2021, 0, 0
17302, 27, 693, 760, 0, 0, 3.08%, 0, 0, 16, 129.09, 2140687, 2021, 0, 0
17307, 27, 606, 760, 0, 0, 3.08%, 0, 0, 16, 122.11, 2141248, 2021, 0, 0
17312, 27, 242, 760, 0, 0, 3.08%, 0, 0, 16, 124.65, 2141895, 2021, 0, 0
17317, 27, 727, 760, 0, 0, 3.08%, 0, 0, 16, 127.61, 2142556, 2021, 0, 0
17323, 27, 492, 760, 0, 0, 3.08%, 0, 0, 16, 136.12, 2143272, 2021, 0, 0
17328, 27, 158, 760, 0, 0, 3.08%, 0, 0, 16, 128.18, 2143897, 2021, 0, 0
17328, 27, 351, 760, 0, 0, 3.08%, 0, 0, 16, 0.00, 2144149, 2021, 0, 0
17333, 27, 230, 760, 0, 0, 3.08%, 0, 0, 16, 129.96, 2144815, 2021, 0, 0
17338, 27, 440, 760, 0, 0, 3.08%, 0, 0, 16, 132.52, 2145487, 2021, 0, 0
17343, 27, 752, 760, 0, 0, 3.08%, 0, 0, 16, 131.06, 2146158, 2021, 0, 0
17348, 27, 30, 760, 0, 0, 3.08%, 0, 0, 16, 131.49, 2146804, 2021, 0, 0
17353, 27, 638, 760, 0, 0, 3.08%, 0, 0, 16, 131.82, 2147478, 2021, 0, 0
17358, 27, 211, 760, 0, 0, 3.08%, 0, 0, 16, 137.21, 2148386, 2021, 0, 0
17364, 27, 463, 760, 0, 0, 3.08%, 0, 0, 16, 114.09, 2148962, 2021, 0, 0
17369, 27, 571, 760, 0, 0, 3.08%, 0, 0, 16, 128.65, 2149638, 2021, 0, 0
17374, 27, 538, 761, 1, 0, 3.08%, 0, 0, 16, 122.99, 2150275, 2021, 0, 0
17379, 27, 450, 761, 1, 0, 3.08%, 0, 0, 16, 116.09, 2150869, 2021, 0, 0
17384, 27, 230, 761, 1, 0, 3.08%, 0, 0, 16, 123.29, 2151499, 2021, 0, 0
17384, 27, 206, 761, 1, 0, 3.08%, 0, 0, 16, 0.00, 2151681, 2021, 0, 0
17389, 27, 451, 761, 1, 0, 3.08%, 0, 0, 16, 130.11, 2152370, 2021, 0, 0
17394, 27, 582, 761, 1, 0, 3.08%, 0, 0, 16, 119.67, 2153001, 2021, 0, 0
17399, 27, 533, 761, 1, 0, 3.08%, 0, 0, 16, 128.62, 2153676, 2021, 0, 0
17404, 27, 340, 761, 1, 0, 3.08%, 0, 0, 16, 129.33, 2154335, 2021, 0, 0
17409, 27, 727, 761, 1, 0, 3.08%, 0, 0, 16, 108.33, 2154845, 2021, 0, 0
17415, 27, 671, 761, 1, 0, 3.08%, 0, 0, 16, 124.61, 2155630, 2021, 0, 0
17420, 27, 278, 761, 1, 0, 3.08%, 0, 0, 16, 132.61, 2156303, 2021, 0, 0
17425, 27, 229, 761, 1, 0, 3.08%, 0, 0, 16, 123.89, 2156949, 2021, 0, 0
17430, 27, 462, 761, 1, 0, 3.08%, 0, 0, 16, 128.10, 2157609, 2021, 0, 0
17435, 27, 492, 761, 1, 0, 3.08%, 0, 0, 16, 124.04, 2158248, 2021, 0, 0
17440, 27, 229, 761, 1, 0, 3.08%, 0, 0, 16, 131.31, 2158924, 2021, 0, 0
17440, 27, 235, 761, 1, 0, 3.08%, 0, 0, 16, 0.00, 2159128, 2021, 0, 0
17445, 27, 232, 761, 1, 0, 3.08%, 0, 0, 16, 115.87, 2159716, 2021, 0, 0
17450, 27, 468, 761, 1, 0, 3.08%, 0, 0, 16, 106.39, 2160244, 2021, 0, 0
17455, 27, 628, 761, 1, 0, 3.08%, 0, 0, 16, 112.03, 2160804, 2021, 0, 0
17460, 27, 346, 761, 1, 0, 3.08%, 0, 0, 16, 116.98, 2161380, 2021, 0, 0
17465, 27, 533, 761, 1, 0, 3.08%, 0, 0, 16, 123.72, 2162040, 2021, 0, 0
17470, 27, 752, 761, 1, 0, 3.08%, 0, 0, 16, 125.42, 2162985, 2021, 0, 0
17476, 27, 474, 761, 1, 0, 3.08%, 0, 0, 16, 119.89, 2163609, 2021, 0, 0
17481, 27, 746, 761, 1, 0, 3.08%, 0, 0, 16, 132.61, 2164304, 2021, 0, 0
17486, 27, 490, 761, 1, 0, 3.08%, 0, 0, 16, 128.39, 2164940, 2021, 0, 0
17491, 27, 760, 761, 1, 0, 3.08%, 0, 0, 16, 126.34, 2165577, 2021, 0, 0
17496, 27, 140, 761, 0, 0, 3.08%, 0, 0, 16, 105.26, 2166092, 2021, 0, 0
17501, 27, 207, 761, 0, 0, 3.08%, 0, 0, 16, 120.73, 2166947, 2021, 0, 0
17506, 27, 502, 761, 0, 0, 3.08%, 0, 0, 16, 124.13, 2167571, 2021, 0, 0
17511, 27, 636, 761, 0, 0, 3.08%, 0, 0, 16, 129.26, 2168247, 2021, 0, 0
17517, 27, 232, 761, 0, 0, 3.08%, 0, 0, 16, 127.16, 2168909, 2021, 0, 0
17522, 27, 440, 761, 0, 0, 3.08%, 0, 0, 16, 133.28, 2169580, 2021, 0, 0
17527, 27, 213, 761, 0, 0, 3.08%, 0, 0, 16, 115.35, 2170438, 2021, 0, 0
17532, 27, 93, 761, 0, 0, 3.08%, 0, 0, 16, 124.78, 2171074, 2021, 0, 0
17537, 27, 206, 761, 0, 0, 3.08%, 0, 0, 16, 126.42, 2171730, 2021, 0, 0
17542, 27, 135, 761, 0, 0, 3.08%, 0, 0, 16, 132.89, 2172411, 2021, 0, 0
17547, 27, 156, 761, 0, 0, 3.08%, 0, 0, 16, 127.01, 2173073, 2021, 0, 0
17552, 27, 142, 761, 0, 0, 3.08%, 0, 0, 16, 129.85, 2173753, 2021, 0, 0
17552, 27, 466, 761, 0, 0, 3.08%, 0, 0, 16, 0.00, 2173969, 2021, 0, 0
17557, 27, 167, 761, 0, 0, 3.08%, 0, 0, 16, 122.11, 2174587, 2021, 0, 0
17562, 27, 68, 761, 0, 0, 3.08%, 0, 0, 16, 130.34, 2175248, 2021, 0, 0
17567, 27, 136, 761, 0, 0, 3.08%, 0, 0, 16, 126.43, 2175874, 2021, 0, 0
17573, 27, 140, 761, 0, 0, 3.08%, 0, 0, 16, 125.11, 2176498, 2021, 0, 0
17578, 27, 705, 761, 0, 0, 3.08%, 0, 0, 16, 111.95, 2177086, 2021, 0, 0
17583, 27, 158, 761, 0, 0, 3.08%, 0, 0, 16, 119.33, 2177968, 2021, 0, 0
17588, 27, 232, 761, 0, 0, 3.08%, 0, 0, 16, 124.00, 2178616, 2021, 0, 0
17593, 27, 520, 761, 0, 0, 3.08%, 0, 0, 16, 130.85, 2179300, 2021, 0, 0
17598, 27, 60, 761, 0, 0, 3.08%, 0, 0, 16, 130.37, 2179964, 2021, 0, 0
17603, 27, 448, 761, 0, 0, 3.08%, 0, 0, 16, 134.56, 2180660, 2021, 0, 0
17609, 27, 203, 761, 0, 0, 3.08%, 0, 0, 16, 109.13, 2181194, 2021, 0, 0
17608, 27, 161, 761, 0, 0, 3.08%, 0, 0, 16, 0.00, 2181377, 2021, 0, 0
17613, 27, 671, 761, 0, 0, 3.08%, 0, 0, 16, 99.97, 2181881, 2021, 0, 0
17619, 27, 532, 761, 0, 0, 3.08%, 0, 0, 16, 106.64, 2182422, 2021, 0, 0
17624, 27, 651, 761, 0, 0, 3.08%, 0, 0, 16, 124.04, 2183094, 2021, 0, 0
17629, 27, 475, 761, 0, 0, 3.08%, 0, 0, 16, 21.22, 2183659, 2021, 0, 0
17634, 27, 144, 761, 0, 0, 3.08%, 0, 0, 16, 95.66, 2184202, 2021, 0, 0
17706, 27, 242, 761, 0, 0, 3.08%, 0, 0, 16, 0.18, 2184668, 2021, 0, 0
20510, 27, 242, 761, 0, 0, 3.08%, 0, 0, 16, 0.00, 2184669, 2021, 0, 0
20515, 27, 166, 761, 0, 0, 3.08%, 0, 0, 16, 37.40, 2184824, 2021, 0, 0
20520, 27, 651, 761, 0, 0, 3.08%, 0, 0, 16, 66.60, 2185200, 2021, 0, 0
20525, 27, 217, 761, 0, 0, 3.08%, 0, 0, 16, 90.88, 2185673, 2021, 0, 0
20530, 28, 696, 761, 0, 0, 3.08%, 0, 0, 16, 96.91, 2186195, 2021, 0, 0
20535, 28, 248, 761, 0, 0, 3.08%, 0, 0, 16, 115.00, 2186769, 2021, 0, 0
20540, 28, 450, 761, 0, 0, 3.08%, 0, 0, 16, 35.53, 2187393, 2021, 0, 0
20540, 28, 704, 761, 0, 0, 3.08%, 0, 0, 16, 0.00, 2187406, 2021, 0, 0
20545, 28, 671, 761, 0, 0, 3.08%, 0, 0, 16, 116.80, 2187938, 2021, 0, 0
20550, 28, 215, 761, 0, 0, 3.08%, 0, 0, 16, 125.98, 2188661, 2021, 0, 0
20555, 28, 139, 761, 0, 0, 3.08%, 0, 0, 16, 111.05, 2189217, 2021, 0, 0
20560, 28, 671, 761, 0, 0, 3.08%, 0, 0, 16, 121.98, 2189808, 2021, 0, 0
20565, 28, 357, 761, 0, 0, 3.08%, 0, 0, 16, 143.01, 2190538, 2021, 0, 0
20570, 28, 454, 761, 0, 0, 3.08%, 0, 0, 16, 162.03, 2191361, 2021, 0, 0
20575, 28, 492, 761, 0, 0, 3.08%, 0, 0, 16, 124.60, 2191916, 2021, 0, 0
20580, 28, 752, 761, 0, 0, 3.08%, 0, 0, 16, 153.49, 2192737, 2021, 0, 0
20585, 28, 607, 761, 0, 0, 3.08%, 0, 0, 16, 176.66, 2193648, 2021, 0, 0
20590, 28, 194, 761, 0, 0, 3.08%, 0, 0, 16, 178.16, 2194536, 2021, 0, 0
20595, 28, 194, 761, 0, 0, 3.08%, 0, 0, 16, 181.68, 2195490, 2021, 0, 0
20600, 28, 638, 761, 0, 0, 3.08%, 0, 0, 16, 173.08, 2196371, 2021, 0, 0
20605, 28, 678, 761, 0, 0, 3.08%, 0, 0, 16, 156.71, 2197135, 2021, 0, 0
20611, 28, 410, 761, 0, 0, 3.08%, 0, 0, 16, 149.31, 2197902, 2021, 0, 0
20616, 28, 21, 761, 0, 0, 3.08%, 0, 0, 16, 150.92, 2198681, 2021, 0, 0
20621, 28, 705, 761, 0, 0, 3.08%, 0, 0, 16, 151.73, 2199457, 2021, 0, 0
20626, 28, 533, 761, 0, 0, 3.08%, 0, 0, 16, 148.86, 2200221, 2021, 0, 0
20631, 28, 136, 761, 0, 0, 3.08%, 0, 0, 16, 150.91, 2200986, 2021, 0, 0
20636, 28, 300, 761, 0, 0, 3.08%, 0, 0, 16, 155.29, 2201760, 2021, 0, 0
20641, 28, 300, 761, 0, 0, 3.08%, 0, 0, 16, 153.81, 2202536, 2021, 0, 0
20646, 28, 141, 761, 0, 0, 3.08%, 0, 0, 16, 152.36, 2203319, 2021, 0, 0
20651, 28, 156, 761, 0, 0, 3.08%, 0, 0, 16, 151.89, 2204073, 2021, 0, 0
20657, 28, 262, 761, 0, 0, 3.08%, 0, 0, 16, 152.72, 2204840, 2021, 0, 0
20662, 28, 586, 761, 0, 0, 3.08%, 0, 0, 16, 143.63, 2205576, 2021, 0, 0
20667, 28, 671, 761, 0, 0, 3.08%, 0, 0, 16, 152.76, 2206388, 2021, 0, 0
20672, 28, 248, 761, 0, 0, 3.08%, 0, 0, 16, 157.90, 2207192, 2021, 0, 0
20677, 28, 749, 762, 1, 0, 3.08%, 0, 0, 16, 162.50, 2208025, 2021, 0, 0
20682, 28, 761, 762, 0, 0, 3.08%, 0, 0, 16, 153.80, 2208764, 2021, 0, 0
20687, 28, 464, 762, 0, 0, 3.08%, 0, 0, 16, 152.03, 2209531, 2021, 0, 0
20692, 28, 678, 762, 0, 0, 3.08%, 0, 0, 16, 149.11, 2210290, 2021, 0, 0
20697, 28, 746, 762, 0, 0, 3.08%, 0, 0, 16, 156.78, 2211098, 2021, 0, 0
20703, 28, 457, 762, 0, 0, 3.08%, 0, 0, 16, 150.71, 2211861, 2021, 0, 0
20708, 28, 288, 762, 0, 0, 3.08%, 0, 0, 16, 149.99, 2212627, 2021, 0, 0
20713, 28, 529, 762, 0, 0, 3.08%, 0, 0, 16, 159.86, 2213437, 2021, 0, 0
20718, 28, 490, 762, 0, 0, 3.08%, 0, 0, 16, 158.31, 2214237, 2021, 0, 0
20723, 28, 728, 762, 0, 0, 3.08%, 0, 0, 16, 156.13, 2215029, 2021, 0, 0
20728, 28, 529, 762, 0, 0, 3.08%, 0, 0, 16, 149.31, 2215766, 2021, 0, 0
20733, 28, 218, 762, 0, 0, 3.08%, 0, 0, 16, 151.89, 2216522, 2021, 0, 0
20738, 28, 66, 762, 0, 0, 3.08%, 0, 0, 16, 148.16, 2217270, 2021, 0, 0
20743, 28, 510, 762, 0, 0, 3.08%, 0, 0, 16, 143.49, 2218009, 2021, 0, 0
20748, 28, 462, 762, 0, 0, 3.08%, 0, 0, 16, 142.33, 2218759, 2021, 0, 0
20753, 28, 582, 762, 0, 0, 3.08%, 0, 0, 16, 144.32, 2219506, 2021, 0, 0
20759, 28, 457, 762, 0, 0, 3.08%, 0, 0, 16, 156.45, 2220329, 2021, 0, 0
20764, 28, 448, 762, 0, 0, 3.08%, 0, 0, 16, 148.83, 2221090, 2021, 0, 0
20769, 28, 651, 762, 0, 0, 3.08%, 0, 0, 16, 153.92, 2221881, 2021, 0, 0
20774, 28, 313, 762, 0, 0, 3.08%, 0, 0, 16, 152.24, 2222647, 2021, 0, 0
20779, 28, 466, 762, 0, 0, 3.08%, 0, 0, 16, 146.09, 2223402, 2021, 0, 0
20784, 28, 500, 762, 0, 0, 3.08%, 0, 0, 16, 150.44, 2224172, 2021, 0, 0
20789, 28, 606, 762, 0, 0, 3.08%, 0, 0, 16, 153.68, 2224963, 2021, 0, 0
20794, 28, 571, 762, 0, 0, 3.08%, 0, 0, 16, 152.79, 2225726, 2021, 0, 0
20799, 28, 533, 762, 0, 0, 3.08%, 0, 0, 16, 147.11, 2226471, 2021, 0, 0
20804, 28, 582, 762, 0, 0, 3.08%, 0, 0, 16, 150.92, 2227252, 2021, 0, 0
20809, 28, 238, 762, 0, 0, 3.08%, 0, 0, 16, 149.11, 2228017, 2021, 0, 0
20815, 28, 636, 762, 0, 0, 3.08%, 0, 0, 16, 146.09, 2228775, 2021, 0, 0
20820, 28, 651, 762, 0, 0, 3.08%, 0, 0, 16, 120.26, 2229358, 2021, 0, 0
20825, 28, 668, 762, 0, 0, 3.08%, 0, 0, 16, 139.62, 2230087, 2021, 0, 0
20830, 28, 462, 762, 0, 0, 3.08%, 0, 0, 16, 146.26, 2230851, 2021, 0, 0
20835, 28, 761, 762, 0, 0, 3.08%, 0, 0, 16, 147.84, 2231619, 2021, 0, 0
20840, 28, 761, 762, 0, 0, 3.08%, 0, 0, 16, 151.16, 2232404, 2021, 0, 0
20846, 28, 380, 762, 0, 0, 3.08%, 0, 0, 16, 163.54, 2233258, 2021, 0, 0
20851, 28, 761, 762, 0, 0, 3.08%, 0, 0, 16, 153.81, 2234014, 2021, 0, 0
20856, 28, 532, 762, 0, 0, 3.08%, 0, 0, 16, 153.87, 2234785, 2021, 0, 0
20861, 28, 457, 762, 0, 0, 3.08%, 0, 0, 16, 148.74, 2235521, 2021, 0, 0
20866, 28, 145, 762, 0, 0, 3.08%, 0, 0, 16, 149.09, 2236286, 2021, 0, 0
20871, 28, 678, 762, 0, 0, 3.08%, 0, 0, 16, 149.69, 2237060, 2021, 0, 0
20876, 28, 671, 762, 0, 0, 3.08%, 0, 0, 16, 154.28, 2237864, 2021, 0, 0
20881, 28, 140, 762, 0, 0, 3.08%, 0, 0, 16, 151.34, 2238636, 2021, 0, 0
20886, 28, 671, 762, 0, 0, 3.08%, 0, 0, 16, 151.41, 2239400, 2021, 0, 0
20891, 28, 75, 762, 0, 0, 3.08%, 0, 0, 16, 153.96, 2240164, 2021, 0, 0
20896, 28, 695, 762, 0, 0, 3.08%, 0, 0, 16, 154.59, 2240969, 2021, 0, 0
20901, 28, 65, 762, 0, 0, 3.08%, 0, 0, 16, 151.95, 2241718, 2021, 0, 0
20906, 28, 529, 762, 0, 0, 3.08%, 0, 0, 16, 158.72, 2242529, 2021, 0, 0
20911, 28, 637, 762, 0, 0, 3.08%, 0, 0, 16, 158.17, 2243332, 2021, 0, 0
20916, 28, 463, 762, 0, 0, 3.08%, 0, 0, 16, 151.86, 2244087, 2021, 0, 0
20922, 28, 120, 762, 0, 0, 3.08%, 0, 0, 16, 154.43, 2244874, 2021, 0, 0
20927, 28, 382, 762, 0, 0, 3.08%, 0, 0, 16, 153.79, 2245646, 2021, 0, 0
20932, 28, 609, 762, 0, 0, 3.08%, 0, 0, 16, 152.81, 2246408, 2021, 0, 0
20937, 28, 373, 762, 0, 0, 3.08%, 0, 0, 16, 155.49, 2247183, 2021, 0, 0
20942, 28, 530, 762, 0, 0, 3.08%, 0, 0, 16, 156.31, 2247957, 2021, 0, 0
20947, 28, 748, 762, 0, 0, 3.08%, 0, 0, 16, 151.00, 2248706, 2021, 0, 0
20952, 28, 761, 762, 0, 0, 3.08%, 0, 0, 16, 153.86, 2249496, 2021, 0, 0
20957, 28, 638, 762, 0, 0, 3.08%, 0, 0, 16, 157.62, 2250293, 2021, 0, 0
20962, 28, 638, 762, 0, 0, 3.08%, 0, 0, 16, 154.69, 2251054, 2021, 0, 0
20967, 28, 140, 762, 0, 0, 3.08%, 0, 0, 16, 156.35, 2251860, 2021, 0, 0
20972, 28, 452, 762, 0, 0, 3.08%, 0, 0, 16, 155.34, 2252643, 2021, 0, 0
20977, 28, 206, 762, 0, 0, 3.08%, 0, 0, 16, 154.46, 2253422, 2021, 0, 0
20982, 28, 437, 762, 0, 0, 3.08%, 0, 0, 16, 149.23, 2254160, 2021, 0, 0
20987, 28, 376, 762, 0, 0, 3.08%, 0, 0, 16, 151.82, 2254956, 2021, 0, 0
20992, 28, 761, 763, 1, 0, 3.08%, 0, 0, 16, 146.84, 2255690, 2021, 0, 0
20997, 28, 451, 763, 1, 0, 3.08%, 0, 0, 16, 159.81, 2256501, 2021, 0, 0
21003, 28, 761, 763, 1, 0, 3.08%, 0, 0, 16, 150.56, 2257273, 2021, 0, 0
21008, 28, 56, 763, 1, 0, 3.08%, 0, 0, 16, 151.25, 2258032, 2021, 0, 0
21013, 28, 156, 763, 1, 0, 3.08%, 0, 0, 16, 153.54, 2258788, 2021, 0, 0
21018, 28, 144, 763, 1, 0, 3.08%, 0, 0, 16, 152.77, 2259556, 2021, 0, 0
21023, 28, 139, 763, 1, 0, 3.08%, 0, 0, 16, 151.29, 2260330, 2021, 0, 0
21028, 28, 435, 763, 1, 0, 3.08%, 0, 0, 16, 157.03, 2261111, 2021, 0, 0
21033, 28, 313, 763, 1, 0, 3.08%, 0, 0, 16, 157.58, 2261908, 2021, 0, 0
21038, 28, 573, 763, 1, 0, 3.08%, 0, 0, 16, 153.46, 2262682, 2021, 0, 0
21043, 28, 609, 763, 1, 0, 3.08%, 0, 0, 16, 152.82, 2263448, 2021, 0, 0
21048, 28, 762, 763, 1, 0, 3.08%, 0, 0, 16, 148.15, 2264213, 2021, 0, 0
21053, 28, 762, 763, 1, 0, 3.08%, 0, 0, 16, 149.68, 2264962, 2021, 0, 0
21058, 28, 527, 763, 0, 0, 3.08%, 0, 0, 16, 148.97, 2265741, 2021, 0, 0
21063, 28, 529, 763, 0, 0, 3.08%, 0, 0, 16, 155.84, 2266539, 2021, 0, 0
21068, 28, 725, 764, 1, 0, 3.08%, 0, 0, 16, 149.80, 2267284, 2021, 0, 0
21074, 28, 166, 764, 1, 0, 3.08%, 0, 0, 16, 148.94, 2268060, 2021, 0, 0
21079, 28, 148, 764, 1, 0, 3.08%, 0, 0, 16, 151.37, 2268848, 2021, 0, 0
21084, 28, 534, 764, 1, 0, 3.08%, 0, 0, 16, 148.50, 2269605, 2021, 0, 0
21089, 29, 761, 764, 1, 0, 3.08%, 0, 0, 16, 156.12, 2270406, 2021, 0, 0
21094, 29, 538, 764, 1, 0, 3.08%, 0, 0, 16, 146.98, 2271156, 2021, 0, 0
21099, 29, 232, 764, 1, 0, 3.08%, 0, 0, 16, 145.75, 2271878, 2021, 0, 0
21104, 29, 532, 764, 1, 0, 3.08%, 0, 0, 16, 156.68, 2272693, 2021, 0, 0
21109, 29, 232, 764, 1, 0, 3.08%, 0, 0, 16, 145.47, 2273411, 2021, 0, 0
21115, 29, 62, 764, 1, 0, 3.08%, 0, 0, 16, 145.24, 2274161, 2021, 0, 0
21120, 29, 749, 764, 1, 0, 3.08%, 0, 0, 16, 149.57, 2274958, 2021, 0, 0
21125, 29, 262, 764, 1, 0, 3.08%, 0, 0, 16, 150.40, 2275728, 2021, 0, 0
21130, 29, 741, 764, 1, 0, 3.08%, 0, 0, 16, 151.44, 2276480, 2021, 0, 0
21135, 29, 466, 764, 0, 0, 3.08%, 0, 0, 16, 158.57, 2277313, 2021, 0, 0
21140, 29, 466, 764, 0, 0, 3.08%, 0, 0, 16, 154.58, 2278081, 2021, 0, 0
21145, 29, 304, 764, 0, 0, 3.08%, 0, 0, 16, 156.20, 2278854, 2021, 0, 0
21150, 29, 645, 764, 0, 0, 3.08%, 0, 0, 16, 158.20, 2279664, 2021, 0, 0
21155, 29, 704, 764, 0, 0, 3.08%, 0, 0, 16, 155.24, 2280454, 2021, 0, 0
21161, 29, 440, 764, 0, 0, 3.08%, 0, 0, 16, 160.26, 2281291, 2021, 0, 0
21166, 29, 187, 764, 0, 0, 3.08%, 0, 0, 16, 155.41, 2282069, 2021, 0, 0
21171, 29, 538, 764, 0, 0, 3.08%, 0, 0, 16, 154.79, 2282842, 2021, 0, 0
21176, 29, 492, 764, 0, 0, 3.08%, 0, 0, 16, 15.56, 2283342, 2021, 0, 0
26255, 29, 431, 764, 0, 0, 3.08%, 0, 0, 16, 0.00, 2283501, 2021, 0, 0
57827, 29, 431, 764, 0, 0, 3.08%, 0, 0, 16, 0.00, 2283502, 2021, 0, 0
57832, 29, 156, 764, 0, 0, 3.08%, 0, 0, 16, 54.47, 2283755, 2021, 0, 0
57837, 29, 242, 764, 0, 0, 3.08%, 0, 0, 16, 107.97, 2284336, 2021, 0, 0
61643, 29, 242, 764, 0, 0, 3.08%, 0, 0, 16, 0.00, 2284346, 2021, 0, 0
61648, 29, 761, 764, 0, 0, 3.08%, 0, 0, 16, 105.06, 2284852, 2021, 0, 0
61653, 29, 166, 764, 0, 0, 3.08%, 0, 0, 16, 51.81, 2285410, 2021, 0, 0
61658, 29, 35, 764, 0, 0, 3.08%, 0, 0, 16, 105.54, 2286027, 2021, 0, 0
61660, 29, 89, 764, 0, 0, 3.08%, 0, 0, 16, 103.65, 2286159, 2021, 0, 0
